tools/adt/idea/adt-testutils/src/main/java/com/android/testutils/AsyncTestUtilsKt.kt
tools/adt/idea/adt-testutils/src/main/java/com/android/tools/tests/AdtTestKotlinArtifacts.kt
tools/adt/idea/adt-testutils/src/main/java/com/android/tools/tests/AdtTestProjectDescriptors.kt
tools/adt/idea/adt-testutils/src/main/java/com/android/tools/tests/FixtureRule.kt
tools/adt/idea/adt-testutils/src/main/java/com/android/tools/tests/GradleDaemonsRule.kt
tools/adt/idea/adt-testutils/src/main/java/com/android/tools/tests/IdeaTestSuiteBase.java
tools/adt/idea/adt-testutils/src/main/java/com/android/tools/tests/LastInIdeaTestSuite.kt
tools/adt/idea/adt-testutils/src/main/java/com/android/tools/tests/LeakCheckerRule.java
tools/adt/idea/adt-testutils/src/main/java/com/android/tools/tests/MavenRepoRule.java
tools/adt/idea/adt-testutils/src/main/java/com/android/tools/tests/XDisplayRule.java
tools/adt/idea/adt-testutils/src/main/java/com/android/tools/tests/XvfbServer.java
tools/adt/idea/adt-ui-model/src/main/java/com/android/tools/adtui/model/AbstractPaginatedTableModel.kt
tools/adt/idea/adt-ui-model/src/main/java/com/android/tools/adtui/model/AspectModel.java
tools/adt/idea/adt-ui-model/src/main/java/com/android/tools/adtui/model/AspectObserver.java
tools/adt/idea/adt-ui-model/src/main/java/com/android/tools/adtui/model/AsyncUpdater.kt
tools/adt/idea/adt-ui-model/src/main/java/com/android/tools/adtui/model/BoxSelectionListener.kt
tools/adt/idea/adt-ui-model/src/main/java/com/android/tools/adtui/model/BoxSelectionModel.kt
tools/adt/idea/adt-ui-model/src/main/java/com/android/tools/adtui/model/ConditionalEnumComboBoxModel.java
tools/adt/idea/adt-ui-model/src/main/java/com/android/tools/adtui/model/ConfigurableDurationData.java
tools/adt/idea/adt-ui-model/src/main/java/com/android/tools/adtui/model/DataSeries.kt
tools/adt/idea/adt-ui-model/src/main/java/com/android/tools/adtui/model/DefaultConfigurableDurationData.java
tools/adt/idea/adt-ui-model/src/main/java/com/android/tools/adtui/model/DefaultDataSeries.java
tools/adt/idea/adt-ui-model/src/main/java/com/android/tools/adtui/model/DefaultDurationData.java
tools/adt/idea/adt-ui-model/src/main/java/com/android/tools/adtui/model/DefaultHNode.java
tools/adt/idea/adt-ui-model/src/main/java/com/android/tools/adtui/model/DefaultTimeline.java
tools/adt/idea/adt-ui-model/src/main/java/com/android/tools/adtui/model/DragAndDropListModel.java
tools/adt/idea/adt-ui-model/src/main/java/com/android/tools/adtui/model/DragAndDropModelListElement.java
tools/adt/idea/adt-ui-model/src/main/java/com/android/tools/adtui/model/DurationData.java
tools/adt/idea/adt-ui-model/src/main/java/com/android/tools/adtui/model/DurationDataModel.java
tools/adt/idea/adt-ui-model/src/main/java/com/android/tools/adtui/model/EaseOutModel.java
tools/adt/idea/adt-ui-model/src/main/java/com/android/tools/adtui/model/FpsTimer.java
tools/adt/idea/adt-ui-model/src/main/java/com/android/tools/adtui/model/HNode.java
tools/adt/idea/adt-ui-model/src/main/java/com/android/tools/adtui/model/Interpolatable.java
tools/adt/idea/adt-ui-model/src/main/java/com/android/tools/adtui/model/LineChartModel.java
tools/adt/idea/adt-ui-model/src/main/java/com/android/tools/adtui/model/MultiSelectionModel.kt
tools/adt/idea/adt-ui-model/src/main/java/com/android/tools/adtui/model/Range.java
tools/adt/idea/adt-ui-model/src/main/java/com/android/tools/adtui/model/RangeSelectionListener.java
tools/adt/idea/adt-ui-model/src/main/java/com/android/tools/adtui/model/RangeSelectionModel.java
tools/adt/idea/adt-ui-model/src/main/java/com/android/tools/adtui/model/RangedContinuousSeries.kt
tools/adt/idea/adt-ui-model/src/main/java/com/android/tools/adtui/model/RangedSeries.kt
tools/adt/idea/adt-ui-model/src/main/java/com/android/tools/adtui/model/RangedSimpleSeries.java
tools/adt/idea/adt-ui-model/src/main/java/com/android/tools/adtui/model/SeriesData.kt
tools/adt/idea/adt-ui-model/src/main/java/com/android/tools/adtui/model/StateChartModel.java
tools/adt/idea/adt-ui-model/src/main/java/com/android/tools/adtui/model/Stopwatch.java
tools/adt/idea/adt-ui-model/src/main/java/com/android/tools/adtui/model/StopwatchTimer.java
tools/adt/idea/adt-ui-model/src/main/java/com/android/tools/adtui/model/StreamingTimeline.java
tools/adt/idea/adt-ui-model/src/main/java/com/android/tools/adtui/model/Timeline.java
tools/adt/idea/adt-ui-model/src/main/java/com/android/tools/adtui/model/TimelineZoomHelper.kt
tools/adt/idea/adt-ui-model/src/main/java/com/android/tools/adtui/model/TooltipModel.java
tools/adt/idea/adt-ui-model/src/main/java/com/android/tools/adtui/model/ViewBinder.java
tools/adt/idea/adt-ui-model/src/main/java/com/android/tools/adtui/model/axis/AxisComponentModel.java
tools/adt/idea/adt-ui-model/src/main/java/com/android/tools/adtui/model/axis/ClampedAxisComponentModel.java
tools/adt/idea/adt-ui-model/src/main/java/com/android/tools/adtui/model/axis/ResizingAxisComponentModel.java
tools/adt/idea/adt-ui-model/src/main/java/com/android/tools/adtui/model/event/EventAction.java
tools/adt/idea/adt-ui-model/src/main/java/com/android/tools/adtui/model/event/EventModel.java
tools/adt/idea/adt-ui-model/src/main/java/com/android/tools/adtui/model/event/KeyboardAction.java
tools/adt/idea/adt-ui-model/src/main/java/com/android/tools/adtui/model/event/KeyboardData.java
tools/adt/idea/adt-ui-model/src/main/java/com/android/tools/adtui/model/event/LifecycleAction.java
tools/adt/idea/adt-ui-model/src/main/java/com/android/tools/adtui/model/event/LifecycleEvent.java
tools/adt/idea/adt-ui-model/src/main/java/com/android/tools/adtui/model/event/LifecycleEventModel.java
tools/adt/idea/adt-ui-model/src/main/java/com/android/tools/adtui/model/event/UserEvent.java
tools/adt/idea/adt-ui-model/src/main/java/com/android/tools/adtui/model/filter/Filter.java
tools/adt/idea/adt-ui-model/src/main/java/com/android/tools/adtui/model/filter/FilterHandler.java
tools/adt/idea/adt-ui-model/src/main/java/com/android/tools/adtui/model/filter/FilterModel.java
tools/adt/idea/adt-ui-model/src/main/java/com/android/tools/adtui/model/filter/FilterResult.java
tools/adt/idea/adt-ui-model/src/main/java/com/android/tools/adtui/model/formatter/BaseAxisFormatter.java
tools/adt/idea/adt-ui-model/src/main/java/com/android/tools/adtui/model/formatter/EnergyAxisFormatter.java
tools/adt/idea/adt-ui-model/src/main/java/com/android/tools/adtui/model/formatter/MemoryAxisFormatter.java
tools/adt/idea/adt-ui-model/src/main/java/com/android/tools/adtui/model/formatter/NetworkTrafficFormatter.java
tools/adt/idea/adt-ui-model/src/main/java/com/android/tools/adtui/model/formatter/NumberFormatter.java
tools/adt/idea/adt-ui-model/src/main/java/com/android/tools/adtui/model/formatter/PercentAxisFormatter.java
tools/adt/idea/adt-ui-model/src/main/java/com/android/tools/adtui/model/formatter/SingleUnitAxisFormatter.java
tools/adt/idea/adt-ui-model/src/main/java/com/android/tools/adtui/model/formatter/TimeAxisFormatter.java
tools/adt/idea/adt-ui-model/src/main/java/com/android/tools/adtui/model/formatter/TimeFormatter.java
tools/adt/idea/adt-ui-model/src/main/java/com/android/tools/adtui/model/formatter/UserCounterAxisFormatter.java
tools/adt/idea/adt-ui-model/src/main/java/com/android/tools/adtui/model/legend/EventLegend.java
tools/adt/idea/adt-ui-model/src/main/java/com/android/tools/adtui/model/legend/FixedLegend.java
tools/adt/idea/adt-ui-model/src/main/java/com/android/tools/adtui/model/legend/Legend.java
tools/adt/idea/adt-ui-model/src/main/java/com/android/tools/adtui/model/legend/LegendComponentModel.java
tools/adt/idea/adt-ui-model/src/main/java/com/android/tools/adtui/model/legend/SeriesLegend.java
tools/adt/idea/adt-ui-model/src/main/java/com/android/tools/adtui/model/options/OptionsAnnotations.kt
tools/adt/idea/adt-ui-model/src/main/java/com/android/tools/adtui/model/options/OptionsProvider.kt
tools/adt/idea/adt-ui-model/src/main/java/com/android/tools/adtui/model/stdui/CommonAction.java
tools/adt/idea/adt-ui-model/src/main/java/com/android/tools/adtui/model/stdui/CommonBorderModel.kt
tools/adt/idea/adt-ui-model/src/main/java/com/android/tools/adtui/model/stdui/CommonComboBoxModel.kt
tools/adt/idea/adt-ui-model/src/main/java/com/android/tools/adtui/model/stdui/CommonElementSelectability.kt
tools/adt/idea/adt-ui-model/src/main/java/com/android/tools/adtui/model/stdui/CommonTextFieldModel.kt
tools/adt/idea/adt-ui-model/src/main/java/com/android/tools/adtui/model/stdui/DefaultCommonBorderModel.kt
tools/adt/idea/adt-ui-model/src/main/java/com/android/tools/adtui/model/stdui/DefaultCommonComboBoxModel.kt
tools/adt/idea/adt-ui-model/src/main/java/com/android/tools/adtui/model/stdui/DefaultCommonTextFieldModel.kt
tools/adt/idea/adt-ui-model/src/main/java/com/android/tools/adtui/model/stdui/EditingSupport.kt
tools/adt/idea/adt-ui-model/src/main/java/com/android/tools/adtui/model/stdui/ValueChangedListener.java
tools/adt/idea/adt-ui-model/src/main/java/com/android/tools/adtui/model/trackgroup/TrackGroupActionListener.kt
tools/adt/idea/adt-ui-model/src/main/java/com/android/tools/adtui/model/trackgroup/TrackGroupModel.kt
tools/adt/idea/adt-ui-model/src/main/java/com/android/tools/adtui/model/trackgroup/TrackModel.java
tools/adt/idea/adt-ui-model/src/main/java/com/android/tools/adtui/model/updater/Updatable.kt
tools/adt/idea/adt-ui-model/src/main/java/com/android/tools/adtui/model/updater/UpdatableManager.java
tools/adt/idea/adt-ui-model/src/main/java/com/android/tools/adtui/model/updater/Updater.java
tools/adt/idea/adt-ui-model/testSrc/com/android/tools/adtui/model/AbstractPaginatedTableModelTest.kt
tools/adt/idea/adt-ui-model/testSrc/com/android/tools/adtui/model/AspectModelTest.java
tools/adt/idea/adt-ui-model/testSrc/com/android/tools/adtui/model/AxisComponentModelTest.java
tools/adt/idea/adt-ui-model/testSrc/com/android/tools/adtui/model/ConditionalEnumComboBoxModelTest.kt
tools/adt/idea/adt-ui-model/testSrc/com/android/tools/adtui/model/DefaultDataSeriesTest.kt
tools/adt/idea/adt-ui-model/testSrc/com/android/tools/adtui/model/DefaultHNodeTest.java
tools/adt/idea/adt-ui-model/testSrc/com/android/tools/adtui/model/DefaultTimelineTest.kt
tools/adt/idea/adt-ui-model/testSrc/com/android/tools/adtui/model/DragAndDropListModelTest.kt
tools/adt/idea/adt-ui-model/testSrc/com/android/tools/adtui/model/EaseOutModelTest.kt
tools/adt/idea/adt-ui-model/testSrc/com/android/tools/adtui/model/FakeTimer.java
tools/adt/idea/adt-ui-model/testSrc/com/android/tools/adtui/model/FilterModelTest.kt
tools/adt/idea/adt-ui-model/testSrc/com/android/tools/adtui/model/FpsTimerTest.java
tools/adt/idea/adt-ui-model/testSrc/com/android/tools/adtui/model/LineChartModelTest.java
tools/adt/idea/adt-ui-model/testSrc/com/android/tools/adtui/model/MultiSelectionModelTest.kt
tools/adt/idea/adt-ui-model/testSrc/com/android/tools/adtui/model/RangeSelectionModelTest.java
tools/adt/idea/adt-ui-model/testSrc/com/android/tools/adtui/model/RangeTest.java
tools/adt/idea/adt-ui-model/testSrc/com/android/tools/adtui/model/RangedSeriesTest.java
tools/adt/idea/adt-ui-model/testSrc/com/android/tools/adtui/model/StreamingTimelineTest.java
tools/adt/idea/adt-ui-model/testSrc/com/android/tools/adtui/model/ViewBinderTest.java
tools/adt/idea/adt-ui-model/testSrc/com/android/tools/adtui/model/axis/ResizingAxisComponentModelTest.kt
tools/adt/idea/adt-ui-model/testSrc/com/android/tools/adtui/model/filter/FilterResultTest.kt
tools/adt/idea/adt-ui-model/testSrc/com/android/tools/adtui/model/formatter/AxisFormatterTest.java
tools/adt/idea/adt-ui-model/testSrc/com/android/tools/adtui/model/formatter/EnergyAxisFormatterTest.kt
tools/adt/idea/adt-ui-model/testSrc/com/android/tools/adtui/model/formatter/MemoryAxisFormatterTest.kt
tools/adt/idea/adt-ui-model/testSrc/com/android/tools/adtui/model/formatter/MockAxisFormatter.java
tools/adt/idea/adt-ui-model/testSrc/com/android/tools/adtui/model/formatter/NumberFormatterTest.kt
tools/adt/idea/adt-ui-model/testSrc/com/android/tools/adtui/model/formatter/PercentAxisFormatterTest.kt
tools/adt/idea/adt-ui-model/testSrc/com/android/tools/adtui/model/formatter/SingleUnitAxisFormatterTest.kt
tools/adt/idea/adt-ui-model/testSrc/com/android/tools/adtui/model/formatter/TimeFormatterTest.kt
tools/adt/idea/adt-ui-model/testSrc/com/android/tools/adtui/model/formatter/UserCounterAxisFormatter.kt
tools/adt/idea/adt-ui-model/testSrc/com/android/tools/adtui/model/legend/SeriesLegendTest.java
tools/adt/idea/adt-ui-model/testSrc/com/android/tools/adtui/model/trackgroup/BooleanSelectable.kt
tools/adt/idea/adt-ui-model/testSrc/com/android/tools/adtui/model/trackgroup/StringSelectable.kt
tools/adt/idea/adt-ui-model/testSrc/com/android/tools/adtui/model/trackgroup/TestTrackRendererType.kt
tools/adt/idea/adt-ui-model/testSrc/com/android/tools/adtui/model/trackgroup/TrackGroupModelTest.kt
tools/adt/idea/adt-ui-model/testSrc/com/android/tools/adtui/model/trackgroup/TrackModelTest.kt
tools/adt/idea/adt-ui-model/testSrc/com/android/tools/adtui/model/updater/FakeUpdater.java
tools/adt/idea/adt-ui-model/testSrc/com/android/tools/adtui/model/updater/UpdatableManagerTest.java
tools/adt/idea/adt-ui-model/testSrc/com/android/tools/adtui/model/updater/UpdaterTest.java
tools/adt/idea/adt-ui/src/main/java/com/android/tools/adtui/ASGallery.java
tools/adt/idea/adt-ui/src/main/java/com/android/tools/adtui/ActivityComponent.java
tools/adt/idea/adt-ui/src/main/java/com/android/tools/adtui/AnimatedComponent.java
tools/adt/idea/adt-ui/src/main/java/com/android/tools/adtui/AnimatedTimeRange.java
tools/adt/idea/adt-ui/src/main/java/com/android/tools/adtui/AxisComponent.java
tools/adt/idea/adt-ui/src/main/java/com/android/tools/adtui/BoxSelectionComponent.java
tools/adt/idea/adt-ui/src/main/java/com/android/tools/adtui/ComboCheckBox.kt
tools/adt/idea/adt-ui/src/main/java/com/android/tools/adtui/DocumentAccessor.java
tools/adt/idea/adt-ui/src/main/java/com/android/tools/adtui/DragAndDropList.java
tools/adt/idea/adt-ui/src/main/java/com/android/tools/adtui/DragAndDropListTransferHandler.java
tools/adt/idea/adt-ui/src/main/java/com/android/tools/adtui/EventComponent.java
tools/adt/idea/adt-ui/src/main/java/com/android/tools/adtui/FilterComponent.java
tools/adt/idea/adt-ui/src/main/java/com/android/tools/adtui/FocusableIcon.kt
tools/adt/idea/adt-ui/src/main/java/com/android/tools/adtui/HorizontalScrollView.kt
tools/adt/idea/adt-ui/src/main/java/com/android/tools/adtui/HorizontalSpinner.kt
tools/adt/idea/adt-ui/src/main/java/com/android/tools/adtui/HoverRowTable.java
tools/adt/idea/adt-ui/src/main/java/com/android/tools/adtui/HtmlLabel.kt
tools/adt/idea/adt-ui/src/main/java/com/android/tools/adtui/ImageComponent.java
tools/adt/idea/adt-ui/src/main/java/com/android/tools/adtui/ImageUtils.java
tools/adt/idea/adt-ui/src/main/java/com/android/tools/adtui/LabelWithEditButton.kt
tools/adt/idea/adt-ui/src/main/java/com/android/tools/adtui/LegendComponent.java
tools/adt/idea/adt-ui/src/main/java/com/android/tools/adtui/LegendConfig.java
tools/adt/idea/adt-ui/src/main/java/com/android/tools/adtui/LightCalloutPopup.kt
tools/adt/idea/adt-ui/src/main/java/com/android/tools/adtui/MaterialColorPalette.kt
tools/adt/idea/adt-ui/src/main/java/com/android/tools/adtui/PaginatedTableView.kt
tools/adt/idea/adt-ui/src/main/java/com/android/tools/adtui/Pannable.kt
tools/adt/idea/adt-ui/src/main/java/com/android/tools/adtui/RangeScrollBarUI.java
tools/adt/idea/adt-ui/src/main/java/com/android/tools/adtui/RangeSelectionComponent.java
tools/adt/idea/adt-ui/src/main/java/com/android/tools/adtui/RangeTimeScrollBar.java
tools/adt/idea/adt-ui/src/main/java/com/android/tools/adtui/RangeTooltipComponent.java
tools/adt/idea/adt-ui/src/main/java/com/android/tools/adtui/StatLabel.kt
tools/adt/idea/adt-ui/src/main/java/com/android/tools/adtui/TabbedToolbar.java
tools/adt/idea/adt-ui/src/main/java/com/android/tools/adtui/TabularLayout.kt
tools/adt/idea/adt-ui/src/main/java/com/android/tools/adtui/TextAccessors.java
tools/adt/idea/adt-ui/src/main/java/com/android/tools/adtui/TextFieldWithLeftComponent.kt
tools/adt/idea/adt-ui/src/main/java/com/android/tools/adtui/TooltipComponent.java
tools/adt/idea/adt-ui/src/main/java/com/android/tools/adtui/TooltipLabel.java
tools/adt/idea/adt-ui/src/main/java/com/android/tools/adtui/TooltipView.java
tools/adt/idea/adt-ui/src/main/java/com/android/tools/adtui/TreeWalker.java
tools/adt/idea/adt-ui/src/main/java/com/android/tools/adtui/Zoomable.kt
tools/adt/idea/adt-ui/src/main/java/com/android/tools/adtui/actions/ActionEventPopupUtils.kt
tools/adt/idea/adt-ui/src/main/java/com/android/tools/adtui/actions/AdtuiActions.kt
tools/adt/idea/adt-ui/src/main/java/com/android/tools/adtui/actions/DropDownAction.java
tools/adt/idea/adt-ui/src/main/java/com/android/tools/adtui/actions/EnableSwingProfilerAction.java
tools/adt/idea/adt-ui/src/main/java/com/android/tools/adtui/actions/PanSurfaceAction.kt
tools/adt/idea/adt-ui/src/main/java/com/android/tools/adtui/actions/SearchableDropDownAction.java
tools/adt/idea/adt-ui/src/main/java/com/android/tools/adtui/actions/SetZoomAction.java
tools/adt/idea/adt-ui/src/main/java/com/android/tools/adtui/actions/ZoomActualAction.kt
tools/adt/idea/adt-ui/src/main/java/com/android/tools/adtui/actions/ZoomInAction.kt
tools/adt/idea/adt-ui/src/main/java/com/android/tools/adtui/actions/ZoomLabelAction.kt
tools/adt/idea/adt-ui/src/main/java/com/android/tools/adtui/actions/ZoomOutAction.kt
tools/adt/idea/adt-ui/src/main/java/com/android/tools/adtui/actions/ZoomResetAction.kt
tools/adt/idea/adt-ui/src/main/java/com/android/tools/adtui/actions/ZoomToFitAction.kt
tools/adt/idea/adt-ui/src/main/java/com/android/tools/adtui/actions/ZoomType.java
tools/adt/idea/adt-ui/src/main/java/com/android/tools/adtui/border/RoundedCornerBorder.kt
tools/adt/idea/adt-ui/src/main/java/com/android/tools/adtui/categorytable/Attribute.kt
tools/adt/idea/adt-ui/src/main/java/com/android/tools/adtui/categorytable/AttributeSerializer.kt
tools/adt/idea/adt-ui/src/main/java/com/android/tools/adtui/categorytable/CategoryTable.kt
tools/adt/idea/adt-ui/src/main/java/com/android/tools/adtui/categorytable/CategoryTableHeader.kt
tools/adt/idea/adt-ui/src/main/java/com/android/tools/adtui/categorytable/CategoryTablePersistentStateComponent.kt
tools/adt/idea/adt-ui/src/main/java/com/android/tools/adtui/categorytable/CategoryTableSingleSelection.kt
tools/adt/idea/adt-ui/src/main/java/com/android/tools/adtui/categorytable/Column.kt
tools/adt/idea/adt-ui/src/main/java/com/android/tools/adtui/categorytable/IconTableComponent.kt
tools/adt/idea/adt-ui/src/main/java/com/android/tools/adtui/categorytable/RowComponent.kt
tools/adt/idea/adt-ui/src/main/java/com/android/tools/adtui/categorytable/SwingUtil.kt
tools/adt/idea/adt-ui/src/main/java/com/android/tools/adtui/categorytable/TablePresentation.kt
tools/adt/idea/adt-ui/src/main/java/com/android/tools/adtui/chart/hchart/DefaultHTreeChartReducer.java
tools/adt/idea/adt-ui/src/main/java/com/android/tools/adtui/chart/hchart/HRenderer.java
tools/adt/idea/adt-ui/src/main/java/com/android/tools/adtui/chart/hchart/HTreeChart.kt
tools/adt/idea/adt-ui/src/main/java/com/android/tools/adtui/chart/hchart/HTreeChartReducer.java
tools/adt/idea/adt-ui/src/main/java/com/android/tools/adtui/chart/hchart/HTreeChartVerticalScrollBar.java
tools/adt/idea/adt-ui/src/main/java/com/android/tools/adtui/chart/hchart/Method.java
tools/adt/idea/adt-ui/src/main/java/com/android/tools/adtui/chart/hchart/MethodUsage.java
tools/adt/idea/adt-ui/src/main/java/com/android/tools/adtui/chart/hchart/Separators.java
tools/adt/idea/adt-ui/src/main/java/com/android/tools/adtui/chart/linechart/AbstractDurationDataRenderer.kt
tools/adt/idea/adt-ui/src/main/java/com/android/tools/adtui/chart/linechart/DefaultLineChartReducer.java
tools/adt/idea/adt-ui/src/main/java/com/android/tools/adtui/chart/linechart/DurationDataRenderer.java
tools/adt/idea/adt-ui/src/main/java/com/android/tools/adtui/chart/linechart/LineChart.java
tools/adt/idea/adt-ui/src/main/java/com/android/tools/adtui/chart/linechart/LineChartCustomRenderer.java
tools/adt/idea/adt-ui/src/main/java/com/android/tools/adtui/chart/linechart/LineChartReducer.java
tools/adt/idea/adt-ui/src/main/java/com/android/tools/adtui/chart/linechart/LineConfig.java
tools/adt/idea/adt-ui/src/main/java/com/android/tools/adtui/chart/linechart/OverlayComponent.java
tools/adt/idea/adt-ui/src/main/java/com/android/tools/adtui/chart/statechart/DefaultStateChartReducer.java
tools/adt/idea/adt-ui/src/main/java/com/android/tools/adtui/chart/statechart/StateChart.kt
tools/adt/idea/adt-ui/src/main/java/com/android/tools/adtui/chart/statechart/StateChartColorProvider.java
tools/adt/idea/adt-ui/src/main/java/com/android/tools/adtui/chart/statechart/StateChartConfig.java
tools/adt/idea/adt-ui/src/main/java/com/android/tools/adtui/chart/statechart/StateChartReducer.java
tools/adt/idea/adt-ui/src/main/java/com/android/tools/adtui/chart/statechart/StateChartTextConverter.java
tools/adt/idea/adt-ui/src/main/java/com/android/tools/adtui/common/AdtPanels.kt
tools/adt/idea/adt-ui/src/main/java/com/android/tools/adtui/common/AdtUiCursors.kt
tools/adt/idea/adt-ui/src/main/java/com/android/tools/adtui/common/AdtUiUtils.kt
tools/adt/idea/adt-ui/src/main/java/com/android/tools/adtui/common/ColorPaletteManager.kt
tools/adt/idea/adt-ui/src/main/java/com/android/tools/adtui/common/ColoredIconGenerator.kt
tools/adt/idea/adt-ui/src/main/java/com/android/tools/adtui/common/ColumnTreeBuilder.java
tools/adt/idea/adt-ui/src/main/java/com/android/tools/adtui/common/EnumColors.java
tools/adt/idea/adt-ui/src/main/java/com/android/tools/adtui/common/ProposedFileTreeCellRenderer.kt
tools/adt/idea/adt-ui/src/main/java/com/android/tools/adtui/common/ProposedFileTreeModel.kt
tools/adt/idea/adt-ui/src/main/java/com/android/tools/adtui/common/RotatedLabel.java
tools/adt/idea/adt-ui/src/main/java/com/android/tools/adtui/common/StudioColors.kt
tools/adt/idea/adt-ui/src/main/java/com/android/tools/adtui/common/SwingCoordinate.java
tools/adt/idea/adt-ui/src/main/java/com/android/tools/adtui/common/SwingEllipse.kt
tools/adt/idea/adt-ui/src/main/java/com/android/tools/adtui/common/SwingFont.kt
tools/adt/idea/adt-ui/src/main/java/com/android/tools/adtui/common/SwingLength.kt
tools/adt/idea/adt-ui/src/main/java/com/android/tools/adtui/common/SwingLine.kt
tools/adt/idea/adt-ui/src/main/java/com/android/tools/adtui/common/SwingPath.kt
tools/adt/idea/adt-ui/src/main/java/com/android/tools/adtui/common/SwingPoint.kt
tools/adt/idea/adt-ui/src/main/java/com/android/tools/adtui/common/SwingRectangle.kt
tools/adt/idea/adt-ui/src/main/java/com/android/tools/adtui/common/SwingRoundRectangle.kt
tools/adt/idea/adt-ui/src/main/java/com/android/tools/adtui/common/SwingShape.kt
tools/adt/idea/adt-ui/src/main/java/com/android/tools/adtui/common/SwingStroke.kt
tools/adt/idea/adt-ui/src/main/java/com/android/tools/adtui/common/SwingX.kt
tools/adt/idea/adt-ui/src/main/java/com/android/tools/adtui/common/SwingY.kt
tools/adt/idea/adt-ui/src/main/java/com/android/tools/adtui/common/WrappedFlowLayout.java
tools/adt/idea/adt-ui/src/main/java/com/android/tools/adtui/device/DeviceArtDescriptor.java
tools/adt/idea/adt-ui/src/main/java/com/android/tools/adtui/device/DeviceArtPainter.java
tools/adt/idea/adt-ui/src/main/java/com/android/tools/adtui/device/FormFactor.kt
tools/adt/idea/adt-ui/src/main/java/com/android/tools/adtui/device/ScreenDiagram.java
tools/adt/idea/adt-ui/src/main/java/com/android/tools/adtui/device/SkinDefinition.kt
tools/adt/idea/adt-ui/src/main/java/com/android/tools/adtui/device/SkinDefinitionCache.kt
tools/adt/idea/adt-ui/src/main/java/com/android/tools/adtui/device/SkinLayout.kt
tools/adt/idea/adt-ui/src/main/java/com/android/tools/adtui/device/SkinLayoutDefinition.java
tools/adt/idea/adt-ui/src/main/java/com/android/tools/adtui/event/DelegateMouseEventHandler.java
tools/adt/idea/adt-ui/src/main/java/com/android/tools/adtui/event/NestedScrollPaneMouseWheelListener.java
tools/adt/idea/adt-ui/src/main/java/com/android/tools/adtui/eventrenderer/EventIconRenderer.java
tools/adt/idea/adt-ui/src/main/java/com/android/tools/adtui/eventrenderer/EventRenderer.java
tools/adt/idea/adt-ui/src/main/java/com/android/tools/adtui/eventrenderer/ExpandingEventRenderer.java
tools/adt/idea/adt-ui/src/main/java/com/android/tools/adtui/eventrenderer/KeyboardEventRenderer.java
tools/adt/idea/adt-ui/src/main/java/com/android/tools/adtui/eventrenderer/TouchEventRenderer.java
tools/adt/idea/adt-ui/src/main/java/com/android/tools/adtui/flat/FlatComboBox.java
tools/adt/idea/adt-ui/src/main/java/com/android/tools/adtui/flat/FlatComboBoxUI.java
tools/adt/idea/adt-ui/src/main/java/com/android/tools/adtui/flat/FlatSeparator.java
tools/adt/idea/adt-ui/src/main/java/com/android/tools/adtui/font/FontUtil.java
tools/adt/idea/adt-ui/src/main/java/com/android/tools/adtui/instructions/GapInstruction.java
tools/adt/idea/adt-ui/src/main/java/com/android/tools/adtui/instructions/HyperlinkInstruction.java
tools/adt/idea/adt-ui/src/main/java/com/android/tools/adtui/instructions/IconInstruction.java
tools/adt/idea/adt-ui/src/main/java/com/android/tools/adtui/instructions/InstructionsPanel.java
tools/adt/idea/adt-ui/src/main/java/com/android/tools/adtui/instructions/InstructionsRenderer.java
tools/adt/idea/adt-ui/src/main/java/com/android/tools/adtui/instructions/NewRowInstruction.java
tools/adt/idea/adt-ui/src/main/java/com/android/tools/adtui/instructions/RenderInstruction.java
tools/adt/idea/adt-ui/src/main/java/com/android/tools/adtui/instructions/TextInstruction.java
tools/adt/idea/adt-ui/src/main/java/com/android/tools/adtui/status/InformationPopup.kt
tools/adt/idea/adt-ui/src/main/java/com/android/tools/adtui/status/IssueNotificationAction.kt
tools/adt/idea/adt-ui/src/main/java/com/android/tools/adtui/stdui/BorderlessTableCellRenderer.java
tools/adt/idea/adt-ui/src/main/java/com/android/tools/adtui/stdui/CloseButton.java
tools/adt/idea/adt-ui/src/main/java/com/android/tools/adtui/stdui/CommonButton.java
tools/adt/idea/adt-ui/src/main/java/com/android/tools/adtui/stdui/CommonButtonUI.java
tools/adt/idea/adt-ui/src/main/java/com/android/tools/adtui/stdui/CommonComboBox.kt
tools/adt/idea/adt-ui/src/main/java/com/android/tools/adtui/stdui/CommonComboBoxRenderer.kt
tools/adt/idea/adt-ui/src/main/java/com/android/tools/adtui/stdui/CommonHyperLinkLabel.kt
tools/adt/idea/adt-ui/src/main/java/com/android/tools/adtui/stdui/CommonTabbedPane.java
tools/adt/idea/adt-ui/src/main/java/com/android/tools/adtui/stdui/CommonTabbedPaneUI.java
tools/adt/idea/adt-ui/src/main/java/com/android/tools/adtui/stdui/CommonTextBorder.kt
tools/adt/idea/adt-ui/src/main/java/com/android/tools/adtui/stdui/CommonTextField.kt
tools/adt/idea/adt-ui/src/main/java/com/android/tools/adtui/stdui/CommonToggleButton.java
tools/adt/idea/adt-ui/src/main/java/com/android/tools/adtui/stdui/ContentType.java
tools/adt/idea/adt-ui/src/main/java/com/android/tools/adtui/stdui/ContextMenuItem.java
tools/adt/idea/adt-ui/src/main/java/com/android/tools/adtui/stdui/DefaultContextMenuItem.java
tools/adt/idea/adt-ui/src/main/java/com/android/tools/adtui/stdui/EmptyStatePanel.kt
tools/adt/idea/adt-ui/src/main/java/com/android/tools/adtui/stdui/GraphicsUtil.kt
tools/adt/idea/adt-ui/src/main/java/com/android/tools/adtui/stdui/KeyBinding.kt
tools/adt/idea/adt-ui/src/main/java/com/android/tools/adtui/stdui/KeyStrokes.kt
tools/adt/idea/adt-ui/src/main/java/com/android/tools/adtui/stdui/Lookup.kt
tools/adt/idea/adt-ui/src/main/java/com/android/tools/adtui/stdui/ResizableImage.java
tools/adt/idea/adt-ui/src/main/java/com/android/tools/adtui/stdui/SmallTextLabel.kt
tools/adt/idea/adt-ui/src/main/java/com/android/tools/adtui/stdui/StandardColors.java
tools/adt/idea/adt-ui/src/main/java/com/android/tools/adtui/stdui/StandardDimensions.kt
tools/adt/idea/adt-ui/src/main/java/com/android/tools/adtui/stdui/TimelineScrollbar.kt
tools/adt/idea/adt-ui/src/main/java/com/android/tools/adtui/stdui/TimelineTable.java
tools/adt/idea/adt-ui/src/main/java/com/android/tools/adtui/stdui/TooltipLayeredPane.java
tools/adt/idea/adt-ui/src/main/java/com/android/tools/adtui/stdui/menu/CommonDropDownButton.java
tools/adt/idea/adt-ui/src/main/java/com/android/tools/adtui/stdui/menu/CommonDropDownButtonUI.java
tools/adt/idea/adt-ui/src/main/java/com/android/tools/adtui/stdui/menu/CommonMenu.java
tools/adt/idea/adt-ui/src/main/java/com/android/tools/adtui/stdui/menu/CommonMenuItem.java
tools/adt/idea/adt-ui/src/main/java/com/android/tools/adtui/stdui/menu/CommonMenuItemUI.java
tools/adt/idea/adt-ui/src/main/java/com/android/tools/adtui/stdui/menu/CommonMenuLayoutHelper.java
tools/adt/idea/adt-ui/src/main/java/com/android/tools/adtui/stdui/menu/CommonMenuPaintHelper.java
tools/adt/idea/adt-ui/src/main/java/com/android/tools/adtui/stdui/menu/CommonMenuUI.java
tools/adt/idea/adt-ui/src/main/java/com/android/tools/adtui/stdui/menu/CommonPopupMenu.java
tools/adt/idea/adt-ui/src/main/java/com/android/tools/adtui/stdui/menu/CommonPopupMenuUI.java
tools/adt/idea/adt-ui/src/main/java/com/android/tools/adtui/stdui/menu/CommonSeparatorUI.java
tools/adt/idea/adt-ui/src/main/java/com/android/tools/adtui/table/ConfigColumnTableAspect.kt
tools/adt/idea/adt-ui/src/main/java/com/android/tools/adtui/table/Tables.java
tools/adt/idea/adt-ui/src/main/java/com/android/tools/adtui/toolwindow/ContentManagerHierarchyAdapter.kt
tools/adt/idea/adt-ui/src/main/java/com/android/tools/adtui/toolwindow/splittingtabs/ChildComponentFactory.kt
tools/adt/idea/adt-ui/src/main/java/com/android/tools/adtui/toolwindow/splittingtabs/ContentExtensions.kt
tools/adt/idea/adt-ui/src/main/java/com/android/tools/adtui/toolwindow/splittingtabs/SplitOrientation.kt
tools/adt/idea/adt-ui/src/main/java/com/android/tools/adtui/toolwindow/splittingtabs/SplittingPanel.kt
tools/adt/idea/adt-ui/src/main/java/com/android/tools/adtui/toolwindow/splittingtabs/SplittingTabsBundle.kt
tools/adt/idea/adt-ui/src/main/java/com/android/tools/adtui/toolwindow/splittingtabs/SplittingTabsToolWindowFactory.kt
tools/adt/idea/adt-ui/src/main/java/com/android/tools/adtui/toolwindow/splittingtabs/actions/MoveTabAction.kt
tools/adt/idea/adt-ui/src/main/java/com/android/tools/adtui/toolwindow/splittingtabs/actions/NewTabAction.kt
tools/adt/idea/adt-ui/src/main/java/com/android/tools/adtui/toolwindow/splittingtabs/actions/RenameTabAction.kt
tools/adt/idea/adt-ui/src/main/java/com/android/tools/adtui/toolwindow/splittingtabs/actions/SplitAction.kt
tools/adt/idea/adt-ui/src/main/java/com/android/tools/adtui/toolwindow/splittingtabs/actions/SplittingTabsContextMenuAction.kt
tools/adt/idea/adt-ui/src/main/java/com/android/tools/adtui/toolwindow/splittingtabs/state/SplittingTabsState.kt
tools/adt/idea/adt-ui/src/main/java/com/android/tools/adtui/toolwindow/splittingtabs/state/SplittingTabsStateManager.kt
tools/adt/idea/adt-ui/src/main/java/com/android/tools/adtui/toolwindow/splittingtabs/state/SplittingTabsStateProvider.kt
tools/adt/idea/adt-ui/src/main/java/com/android/tools/adtui/trackgroup/Track.java
tools/adt/idea/adt-ui/src/main/java/com/android/tools/adtui/trackgroup/TrackGroup.java
tools/adt/idea/adt-ui/src/main/java/com/android/tools/adtui/trackgroup/TrackGroupListPanel.java
tools/adt/idea/adt-ui/src/main/java/com/android/tools/adtui/trackgroup/TrackGroupMover.java
tools/adt/idea/adt-ui/src/main/java/com/android/tools/adtui/trackgroup/TrackRenderer.java
tools/adt/idea/adt-ui/src/main/java/com/android/tools/adtui/trackgroup/TrackRendererFactory.java
tools/adt/idea/adt-ui/src/main/java/com/android/tools/adtui/treegrid/TreeGrid.java
tools/adt/idea/adt-ui/src/main/java/com/android/tools/adtui/treegrid/TreeGridSpeedSearch.java
tools/adt/idea/adt-ui/src/main/java/com/android/tools/adtui/ui/ClickableLabel.java
tools/adt/idea/adt-ui/src/main/java/com/android/tools/adtui/ui/DesignSurfaceToolbarUI.java
tools/adt/idea/adt-ui/src/main/java/com/android/tools/adtui/ui/DyamicRendererJList.kt
tools/adt/idea/adt-ui/src/main/java/com/android/tools/adtui/ui/HideablePanel.java
tools/adt/idea/adt-ui/src/main/java/com/android/tools/adtui/ui/ImagePanel.kt
tools/adt/idea/adt-ui/src/main/java/com/android/tools/adtui/ui/NotificationHolderPanel.kt
tools/adt/idea/adt-ui/src/main/java/com/android/tools/adtui/ui/SVGScaledImageProvider.kt
tools/adt/idea/adt-ui/src/main/java/com/android/tools/adtui/ui/ScaledImageProvider.kt
tools/adt/idea/adt-ui/src/main/java/com/android/tools/adtui/ui/ScalingImagePanel.kt
tools/adt/idea/adt-ui/src/main/java/com/android/tools/adtui/ui/options/OptionsPanel.kt
tools/adt/idea/adt-ui/src/main/java/com/android/tools/adtui/util/ActionToolbarUtil.kt
tools/adt/idea/adt-ui/src/main/java/com/android/tools/adtui/util/AwtUtils.kt
tools/adt/idea/adt-ui/src/main/java/com/android/tools/adtui/util/FormScalingUtil.java
tools/adt/idea/adt-ui/src/main/java/com/android/tools/adtui/util/GraphicsUtil.java
tools/adt/idea/adt-ui/src/main/java/com/android/tools/adtui/util/HelpTooltipForList.kt
tools/adt/idea/adt-ui/src/main/java/com/android/tools/adtui/util/HumanReadable.kt
tools/adt/idea/adt-ui/src/main/java/com/android/tools/adtui/util/SwingUtil.java
tools/adt/idea/adt-ui/src/main/java/com/android/tools/adtui/validation/ErrorDetailDialog.kt
tools/adt/idea/adt-ui/src/main/java/com/android/tools/adtui/validation/Validator.kt
tools/adt/idea/adt-ui/src/main/java/com/android/tools/adtui/validation/ValidatorPanel.java
tools/adt/idea/adt-ui/src/main/java/com/android/tools/adtui/validation/validators/FalseValidator.java
tools/adt/idea/adt-ui/src/main/java/com/android/tools/adtui/validation/validators/PositiveIntegerValidator.kt
tools/adt/idea/adt-ui/src/main/java/com/android/tools/adtui/validation/validators/TrueValidator.java
tools/adt/idea/adt-ui/src/main/java/com/android/tools/adtui/webp/WebpSupportTestAction.java
tools/adt/idea/adt-ui/src/main/java/com/android/tools/adtui/workbench/AttachedLocation.java
tools/adt/idea/adt-ui/src/main/java/com/android/tools/adtui/workbench/AttachedToolWindow.java
tools/adt/idea/adt-ui/src/main/java/com/android/tools/adtui/workbench/AutoHide.java
tools/adt/idea/adt-ui/src/main/java/com/android/tools/adtui/workbench/DetachedToolWindow.java
tools/adt/idea/adt-ui/src/main/java/com/android/tools/adtui/workbench/DetachedToolWindowManager.java
tools/adt/idea/adt-ui/src/main/java/com/android/tools/adtui/workbench/LayeredPanel.java
tools/adt/idea/adt-ui/src/main/java/com/android/tools/adtui/workbench/Layout.java
tools/adt/idea/adt-ui/src/main/java/com/android/tools/adtui/workbench/MinimizedPanel.java
tools/adt/idea/adt-ui/src/main/java/com/android/tools/adtui/workbench/Side.java
tools/adt/idea/adt-ui/src/main/java/com/android/tools/adtui/workbench/SideModel.java
tools/adt/idea/adt-ui/src/main/java/com/android/tools/adtui/workbench/SidePanel.java
tools/adt/idea/adt-ui/src/main/java/com/android/tools/adtui/workbench/Split.java
tools/adt/idea/adt-ui/src/main/java/com/android/tools/adtui/workbench/ToolContent.java
tools/adt/idea/adt-ui/src/main/java/com/android/tools/adtui/workbench/ToolWindowCallback.java
tools/adt/idea/adt-ui/src/main/java/com/android/tools/adtui/workbench/ToolWindowDefinition.java
tools/adt/idea/adt-ui/src/main/java/com/android/tools/adtui/workbench/WorkBench.java
tools/adt/idea/adt-ui/src/main/java/com/android/tools/adtui/workbench/WorkBenchLoadingPanel.java
tools/adt/idea/adt-ui/src/main/java/com/android/tools/adtui/workbench/WorkBenchManager.java
tools/adt/idea/adt-ui/src/main/java/com/android/tools/adtui/workbench/WorkBenchToolWindowListener.java
tools/adt/idea/adt-ui/src/main/java/com/android/tools/idea/ui/MaterialColors.kt
tools/adt/idea/adt-ui/src/test/java/com/android/tools/adtui/ASGalleryTest.java
tools/adt/idea/adt-ui/src/test/java/com/android/tools/adtui/AdtUiTestSuite.java
tools/adt/idea/adt-ui/src/test/java/com/android/tools/adtui/AxisComponentTest.java
tools/adt/idea/adt-ui/src/test/java/com/android/tools/adtui/BoxSelectionComponentTest.kt
tools/adt/idea/adt-ui/src/test/java/com/android/tools/adtui/ComboCheckBoxTest.kt
tools/adt/idea/adt-ui/src/test/java/com/android/tools/adtui/FilterComponentTest.kt
tools/adt/idea/adt-ui/src/test/java/com/android/tools/adtui/HorizontalScrollViewTest.kt
tools/adt/idea/adt-ui/src/test/java/com/android/tools/adtui/HumanReadableTest.kt
tools/adt/idea/adt-ui/src/test/java/com/android/tools/adtui/ImageUtilsTest.java
tools/adt/idea/adt-ui/src/test/java/com/android/tools/adtui/KeyboardEventRendererTest.java
tools/adt/idea/adt-ui/src/test/java/com/android/tools/adtui/LegendComponentTest.kt
tools/adt/idea/adt-ui/src/test/java/com/android/tools/adtui/LegendConfigTest.java
tools/adt/idea/adt-ui/src/test/java/com/android/tools/adtui/MaterialColorPaletteTest.kt
tools/adt/idea/adt-ui/src/test/java/com/android/tools/adtui/PaginatedTableViewTest.kt
tools/adt/idea/adt-ui/src/test/java/com/android/tools/adtui/RangeSelectionComponentTest.java
tools/adt/idea/adt-ui/src/test/java/com/android/tools/adtui/RangeTimeScrollBarTest.java
tools/adt/idea/adt-ui/src/test/java/com/android/tools/adtui/RangeTooltipComponentTest.java
tools/adt/idea/adt-ui/src/test/java/com/android/tools/adtui/StatLabelTest.kt
tools/adt/idea/adt-ui/src/test/java/com/android/tools/adtui/TabbedToolbarTest.kt
tools/adt/idea/adt-ui/src/test/java/com/android/tools/adtui/TabularLayoutTest.java
tools/adt/idea/adt-ui/src/test/java/com/android/tools/adtui/TooltipComponentTest.kt
tools/adt/idea/adt-ui/src/test/java/com/android/tools/adtui/TooltipLabelTest.java
tools/adt/idea/adt-ui/src/test/java/com/android/tools/adtui/TreeWalkerTest.java
tools/adt/idea/adt-ui/src/test/java/com/android/tools/adtui/categorytable/CategoryTableDemo.kt
tools/adt/idea/adt-ui/src/test/java/com/android/tools/adtui/categorytable/CategoryTableStateTest.kt
tools/adt/idea/adt-ui/src/test/java/com/android/tools/adtui/categorytable/CategoryTableTest.kt
tools/adt/idea/adt-ui/src/test/java/com/android/tools/adtui/categorytable/IconTableComponentTest.kt
tools/adt/idea/adt-ui/src/test/java/com/android/tools/adtui/chart/hchart/DefaultHRenderer.java
tools/adt/idea/adt-ui/src/test/java/com/android/tools/adtui/chart/hchart/DefaultHTreeChartReducerTest.java
tools/adt/idea/adt-ui/src/test/java/com/android/tools/adtui/chart/hchart/HTreeChartTest.kt
tools/adt/idea/adt-ui/src/test/java/com/android/tools/adtui/chart/linechart/DefaultLineChartReducerTest.java
tools/adt/idea/adt-ui/src/test/java/com/android/tools/adtui/chart/linechart/DurationDataRendererTest.kt
tools/adt/idea/adt-ui/src/test/java/com/android/tools/adtui/chart/linechart/LineChartTest.java
tools/adt/idea/adt-ui/src/test/java/com/android/tools/adtui/chart/statechart/DefaultStateChartReducerTest.java
tools/adt/idea/adt-ui/src/test/java/com/android/tools/adtui/chart/statechart/StateChartTest.kt
tools/adt/idea/adt-ui/src/test/java/com/android/tools/adtui/common/AdtUiCursorsUtil.kt
tools/adt/idea/adt-ui/src/test/java/com/android/tools/adtui/common/AdtUiUtilsTest.java
tools/adt/idea/adt-ui/src/test/java/com/android/tools/adtui/common/AutoCloseDisposable.kt
tools/adt/idea/adt-ui/src/test/java/com/android/tools/adtui/common/ColorPaletteManagerTest.kt
tools/adt/idea/adt-ui/src/test/java/com/android/tools/adtui/common/ColoredIconGeneratorTest.kt
tools/adt/idea/adt-ui/src/test/java/com/android/tools/adtui/common/ColumnTreeBuilderTest.java
tools/adt/idea/adt-ui/src/test/java/com/android/tools/adtui/common/ColumnTreeTestInfo.java
tools/adt/idea/adt-ui/src/test/java/com/android/tools/adtui/common/EnumColorsTest.java
tools/adt/idea/adt-ui/src/test/java/com/android/tools/adtui/common/ProposedFileTreeModelTest.kt
tools/adt/idea/adt-ui/src/test/java/com/android/tools/adtui/common/TestAdtUiCursorProvider.kt
tools/adt/idea/adt-ui/src/test/java/com/android/tools/adtui/device/DeviceArtDescriptorTest.java
tools/adt/idea/adt-ui/src/test/java/com/android/tools/adtui/device/DeviceArtPainterTest.java
tools/adt/idea/adt-ui/src/test/java/com/android/tools/adtui/device/SkinDefinitionTest.kt
tools/adt/idea/adt-ui/src/test/java/com/android/tools/adtui/device/SkinLayoutDefinitionTest.java
tools/adt/idea/adt-ui/src/test/java/com/android/tools/adtui/imagediff/ImageDiffTestUtil.java
tools/adt/idea/adt-ui/src/test/java/com/android/tools/adtui/instructions/InstructionsPanelTest.kt
tools/adt/idea/adt-ui/src/test/java/com/android/tools/adtui/instructions/InstructionsRendererTest.kt
tools/adt/idea/adt-ui/src/test/java/com/android/tools/adtui/options/OptionsPanelTest.kt
tools/adt/idea/adt-ui/src/test/java/com/android/tools/adtui/status/InformationPopupImplTest.kt
tools/adt/idea/adt-ui/src/test/java/com/android/tools/adtui/stdui/CommonComboBoxTest.kt
tools/adt/idea/adt-ui/src/test/java/com/android/tools/adtui/stdui/CommonControlPortfolio.kt
tools/adt/idea/adt-ui/src/test/java/com/android/tools/adtui/stdui/CommonTextFieldTest.kt
tools/adt/idea/adt-ui/src/test/java/com/android/tools/adtui/stdui/ContentTypeTest.kt
tools/adt/idea/adt-ui/src/test/java/com/android/tools/adtui/stdui/DefaultContextMenuItemTest.kt
tools/adt/idea/adt-ui/src/test/java/com/android/tools/adtui/stdui/LookupTest.kt
tools/adt/idea/adt-ui/src/test/java/com/android/tools/adtui/stdui/ResizableImageTest.kt
tools/adt/idea/adt-ui/src/test/java/com/android/tools/adtui/stdui/TimelineScrollbarTest.java
tools/adt/idea/adt-ui/src/test/java/com/android/tools/adtui/stdui/TooltipLayeredPaneTest.java
tools/adt/idea/adt-ui/src/test/java/com/android/tools/adtui/stdui/menu/CommonDropDownButtonTest.kt
tools/adt/idea/adt-ui/src/test/java/com/android/tools/adtui/swing/ComponentAccessor.java
tools/adt/idea/adt-ui/src/test/java/com/android/tools/adtui/swing/ComponentTreeUtil.kt
tools/adt/idea/adt-ui/src/test/java/com/android/tools/adtui/swing/DataManagerRule.kt
tools/adt/idea/adt-ui/src/test/java/com/android/tools/adtui/swing/FakeKeyboard.kt
tools/adt/idea/adt-ui/src/test/java/com/android/tools/adtui/swing/FakeKeyboardFocusManager.kt
tools/adt/idea/adt-ui/src/test/java/com/android/tools/adtui/swing/FakeMouse.kt
tools/adt/idea/adt-ui/src/test/java/com/android/tools/adtui/swing/FakeUi.kt
tools/adt/idea/adt-ui/src/test/java/com/android/tools/adtui/swing/FakeUiToolkit.java
tools/adt/idea/adt-ui/src/test/java/com/android/tools/adtui/swing/FakeUiWindowManager.java
tools/adt/idea/adt-ui/src/test/java/com/android/tools/adtui/swing/FakeWindow.kt
tools/adt/idea/adt-ui/src/test/java/com/android/tools/adtui/swing/FakeWindowPeer.java
tools/adt/idea/adt-ui/src/test/java/com/android/tools/adtui/swing/HeadlessDialogRule.kt
tools/adt/idea/adt-ui/src/test/java/com/android/tools/adtui/swing/HeadlessDialogTester.kt
tools/adt/idea/adt-ui/src/test/java/com/android/tools/adtui/swing/HeadlessRootPaneContainer.kt
tools/adt/idea/adt-ui/src/test/java/com/android/tools/adtui/swing/IconLoaderRule.kt
tools/adt/idea/adt-ui/src/test/java/com/android/tools/adtui/swing/JComboBoxExtensions.kt
tools/adt/idea/adt-ui/src/test/java/com/android/tools/adtui/swing/PortableUiFontRule.kt
tools/adt/idea/adt-ui/src/test/java/com/android/tools/adtui/swing/laf/HeadlessListUI.java
tools/adt/idea/adt-ui/src/test/java/com/android/tools/adtui/swing/laf/HeadlessTableUI.java
tools/adt/idea/adt-ui/src/test/java/com/android/tools/adtui/swing/laf/HeadlessTreeUI.kt
tools/adt/idea/adt-ui/src/test/java/com/android/tools/adtui/swing/popup/FakeBaloonBuilder.kt
tools/adt/idea/adt-ui/src/test/java/com/android/tools/adtui/swing/popup/FakeComponentPopup.kt
tools/adt/idea/adt-ui/src/test/java/com/android/tools/adtui/swing/popup/FakeComponentPopupBuilder.kt
tools/adt/idea/adt-ui/src/test/java/com/android/tools/adtui/swing/popup/FakeJBPopup.kt
tools/adt/idea/adt-ui/src/test/java/com/android/tools/adtui/swing/popup/FakeJBPopupFactory.kt
tools/adt/idea/adt-ui/src/test/java/com/android/tools/adtui/swing/popup/FakeListPopup.kt
tools/adt/idea/adt-ui/src/test/java/com/android/tools/adtui/swing/popup/FakePopupChooserBuilder.kt
tools/adt/idea/adt-ui/src/test/java/com/android/tools/adtui/swing/popup/FakePopupFactory.kt
tools/adt/idea/adt-ui/src/test/java/com/android/tools/adtui/swing/popup/FakePopupListAdapter.kt
tools/adt/idea/adt-ui/src/test/java/com/android/tools/adtui/swing/popup/JBPopupRule.kt
tools/adt/idea/adt-ui/src/test/java/com/android/tools/adtui/swing/popup/PopupRule.kt
tools/adt/idea/adt-ui/src/test/java/com/android/tools/adtui/table/TablesTest.java
tools/adt/idea/adt-ui/src/test/java/com/android/tools/adtui/toolwindow/splittingtabs/SplittingPanelTest.kt
tools/adt/idea/adt-ui/src/test/java/com/android/tools/adtui/toolwindow/splittingtabs/SplittingTabsToolWindowFactoryTest.kt
tools/adt/idea/adt-ui/src/test/java/com/android/tools/adtui/toolwindow/splittingtabs/actions/MoveTabActionTest.kt
tools/adt/idea/adt-ui/src/test/java/com/android/tools/adtui/toolwindow/splittingtabs/actions/NewTabActionTest.kt
tools/adt/idea/adt-ui/src/test/java/com/android/tools/adtui/toolwindow/splittingtabs/actions/RenameTabActionTest.kt
tools/adt/idea/adt-ui/src/test/java/com/android/tools/adtui/toolwindow/splittingtabs/actions/SplitActionTest.kt
tools/adt/idea/adt-ui/src/test/java/com/android/tools/adtui/toolwindow/splittingtabs/actions/SplittingTabsContextMenuActionTest.kt
tools/adt/idea/adt-ui/src/test/java/com/android/tools/adtui/toolwindow/splittingtabs/state/SplittingTabsStateManagerTest.kt
tools/adt/idea/adt-ui/src/test/java/com/android/tools/adtui/trackgroup/BooleanSelectableTrackRenderer.kt
tools/adt/idea/adt-ui/src/test/java/com/android/tools/adtui/trackgroup/BooleanTrackRenderer.kt
tools/adt/idea/adt-ui/src/test/java/com/android/tools/adtui/trackgroup/StringSelectableTrackRenderer.kt
tools/adt/idea/adt-ui/src/test/java/com/android/tools/adtui/trackgroup/StringTrackRenderer.kt
tools/adt/idea/adt-ui/src/test/java/com/android/tools/adtui/trackgroup/TestTrackRendererFactory.kt
tools/adt/idea/adt-ui/src/test/java/com/android/tools/adtui/trackgroup/TrackGroupListPanelTest.kt
tools/adt/idea/adt-ui/src/test/java/com/android/tools/adtui/trackgroup/TrackGroupTest.kt
tools/adt/idea/adt-ui/src/test/java/com/android/tools/adtui/trackgroup/TrackTest.kt
tools/adt/idea/adt-ui/src/test/java/com/android/tools/adtui/treegrid/TreeGridTest.java
tools/adt/idea/adt-ui/src/test/java/com/android/tools/adtui/ui/HideablePanelTest.kt
tools/adt/idea/adt-ui/src/test/java/com/android/tools/adtui/validation/ValidatorPanelTest.java
tools/adt/idea/adt-ui/src/test/java/com/android/tools/adtui/validation/validators/ValidatorsTest.java
tools/adt/idea/adt-ui/src/test/java/com/android/tools/adtui/visualtests/AxisLineChartVisualTest.java
tools/adt/idea/adt-ui/src/test/java/com/android/tools/adtui/visualtests/BoxSelectionVisualTest.java
tools/adt/idea/adt-ui/src/test/java/com/android/tools/adtui/visualtests/EventVisualTest.java
tools/adt/idea/adt-ui/src/test/java/com/android/tools/adtui/visualtests/HorizontalSpinnerVisualTest.kt
tools/adt/idea/adt-ui/src/test/java/com/android/tools/adtui/visualtests/HoverColumnTreeVisualTest.kt
tools/adt/idea/adt-ui/src/test/java/com/android/tools/adtui/visualtests/LineChartReducerVisualTest.java
tools/adt/idea/adt-ui/src/test/java/com/android/tools/adtui/visualtests/LineChartVisualTest.java
tools/adt/idea/adt-ui/src/test/java/com/android/tools/adtui/visualtests/SelectionVisualTest.java
tools/adt/idea/adt-ui/src/test/java/com/android/tools/adtui/visualtests/StateChartReducerVisualTest.java
tools/adt/idea/adt-ui/src/test/java/com/android/tools/adtui/visualtests/StateChartVisualTest.java
tools/adt/idea/adt-ui/src/test/java/com/android/tools/adtui/visualtests/TooltipVisualTest.java
tools/adt/idea/adt-ui/src/test/java/com/android/tools/adtui/visualtests/VisualTest.java
tools/adt/idea/adt-ui/src/test/java/com/android/tools/adtui/visualtests/VisualTests.java
tools/adt/idea/adt-ui/src/test/java/com/android/tools/adtui/visualtests/VisualTestsDialog.java
tools/adt/idea/adt-ui/src/test/java/com/android/tools/adtui/visualtests/flamegraph/FlameGraphVisualTest.java
tools/adt/idea/adt-ui/src/test/java/com/android/tools/adtui/visualtests/flamegraph/SampledMethodUsage.java
tools/adt/idea/adt-ui/src/test/java/com/android/tools/adtui/visualtests/flamegraph/SampledMethodUsageHRenderer.java
tools/adt/idea/adt-ui/src/test/java/com/android/tools/adtui/visualtests/flamegraph/Sampler.java
tools/adt/idea/adt-ui/src/test/java/com/android/tools/adtui/visualtests/threadgraph/JavaMethodHRenderer.java
tools/adt/idea/adt-ui/src/test/java/com/android/tools/adtui/visualtests/threadgraph/Sampler.java
tools/adt/idea/adt-ui/src/test/java/com/android/tools/adtui/visualtests/threadgraph/ThreadCallsVisualTest.java
tools/adt/idea/adt-ui/src/test/java/com/android/tools/adtui/webp/WebpSupportTest.java
tools/adt/idea/adt-ui/src/test/java/com/android/tools/adtui/workbench/AttachedToolWindowTest.kt
tools/adt/idea/adt-ui/src/test/java/com/android/tools/adtui/workbench/ComponentStack.java
tools/adt/idea/adt-ui/src/test/java/com/android/tools/adtui/workbench/DetachedToolWindowManagerTest.java
tools/adt/idea/adt-ui/src/test/java/com/android/tools/adtui/workbench/LayeredPanelTest.java
tools/adt/idea/adt-ui/src/test/java/com/android/tools/adtui/workbench/MinimizedPanelTest.java
tools/adt/idea/adt-ui/src/test/java/com/android/tools/adtui/workbench/PalettePanelToolContent.java
tools/adt/idea/adt-ui/src/test/java/com/android/tools/adtui/workbench/PropertiesComponentMock.java
tools/adt/idea/adt-ui/src/test/java/com/android/tools/adtui/workbench/SideModelTest.java
tools/adt/idea/adt-ui/src/test/java/com/android/tools/adtui/workbench/SidePanelTest.java
tools/adt/idea/adt-ui/src/test/java/com/android/tools/adtui/workbench/WorkBenchManagerTest.java
tools/adt/idea/adt-ui/src/test/java/com/android/tools/adtui/workbench/WorkBenchTest.java
tools/adt/idea/adt-ui/src/test/java/com/android/tools/adtui/workbench/WorkBenchTestCase.java
tools/adt/idea/analytics/src/com/android/tools/analytics/HighlightingStats.kt
tools/adt/idea/analytics/src/com/android/tools/analytics/HistogramUtil.kt
tools/adt/idea/analytics/src/com/android/tools/analytics/StudioUpdateAnalyticsUtil.kt
tools/adt/idea/analytics/src/com/android/tools/analytics/extensions.kt
tools/adt/idea/analytics/testSrc/com/android/analytics/HistogramUtilTest.kt
tools/adt/idea/android-common/src/com/android/tools/idea/AndroidEnvironmentUtils.kt
tools/adt/idea/android-common/src/com/android/tools/idea/AndroidPsiUtils.java
tools/adt/idea/android-common/src/com/android/tools/idea/FileEditorUtil.java
tools/adt/idea/android-common/src/com/android/tools/idea/IdeInfo.java
tools/adt/idea/android-common/src/com/android/tools/idea/Projects.java
tools/adt/idea/android-common/src/com/android/tools/idea/actions/ActionUtils.kt
tools/adt/idea/android-common/src/com/android/tools/idea/concurrency/AndroidExecutors.kt
tools/adt/idea/android-common/src/com/android/tools/idea/concurrency/CompletableDeferredUtils.kt
tools/adt/idea/android-common/src/com/android/tools/idea/concurrency/ConflatingFlow.kt
tools/adt/idea/android-common/src/com/android/tools/idea/concurrency/CoroutineUtils.kt
tools/adt/idea/android-common/src/com/android/tools/idea/concurrency/Flows.kt
tools/adt/idea/android-common/src/com/android/tools/idea/concurrency/FutureCallbackExecutor.java
tools/adt/idea/android-common/src/com/android/tools/idea/concurrency/FutureUtils.kt
tools/adt/idea/android-common/src/com/android/tools/idea/concurrency/ListenableFutureToCompletionStageAdapter.kt
tools/adt/idea/android-common/src/com/android/tools/idea/concurrency/LockUtil.kt
tools/adt/idea/android-common/src/com/android/tools/idea/concurrency/StudioIoManager.kt
tools/adt/idea/android-common/src/com/android/tools/idea/concurrency/SuspendingAlarm.kt
tools/adt/idea/android-common/src/com/android/tools/idea/concurrency/ThrottlingAsyncSupplier.kt
tools/adt/idea/android-common/src/com/android/tools/idea/downloads/DownloadService.java
tools/adt/idea/android-common/src/com/android/tools/idea/downloads/RemoteFileCache.kt
tools/adt/idea/android-common/src/com/android/tools/idea/downloads/UrlFileCache.kt
tools/adt/idea/android-common/src/com/android/tools/idea/facet/AndroidArtifactFacet.kt
tools/adt/idea/android-common/src/com/android/tools/idea/googleapis/GoogleApiKeyProvider.kt
tools/adt/idea/android-common/src/com/android/tools/idea/io/FilePaths.java
tools/adt/idea/android-common/src/com/android/tools/idea/io/FileService.kt
tools/adt/idea/android-common/src/com/android/tools/idea/io/IdeFileUtils.java
tools/adt/idea/android-common/src/com/android/tools/idea/kotlin/AndroidKtPsiUtils.kt
tools/adt/idea/android-common/src/com/android/tools/idea/localization/MessageBundleReference.kt
tools/adt/idea/android-common/src/com/android/tools/idea/log/LogWrapper.java
tools/adt/idea/android-common/src/com/android/tools/idea/log/LoggerWithFixedInfo.kt
tools/adt/idea/android-common/src/com/android/tools/idea/login/GoogleLoginCredentialProvider.kt
tools/adt/idea/android-common/src/com/android/tools/idea/navigator/AndroidProjectViewId.kt
tools/adt/idea/android-common/src/com/android/tools/idea/ndk/PageAlignConfig.kt
tools/adt/idea/android-common/src/com/android/tools/idea/progress/RawProgressReporterAdapter.kt
tools/adt/idea/android-common/src/com/android/tools/idea/progress/RepoProgressIndicatorAdapter.java
tools/adt/idea/android-common/src/com/android/tools/idea/progress/StudioLoggerProgressIndicator.java
tools/adt/idea/android-common/src/com/android/tools/idea/progress/StudioProgressIndicatorAdapter.java
tools/adt/idea/android-common/src/com/android/tools/idea/progress/StudioProgressManagerAdapter.java
tools/adt/idea/android-common/src/com/android/tools/idea/progress/StudioProgressRunner.kt
tools/adt/idea/android-common/src/com/android/tools/idea/progress/ThrottledProgressWrapper.java
tools/adt/idea/android-common/src/com/android/tools/idea/progress/progressExtensions.kt
tools/adt/idea/android-common/src/com/android/tools/idea/project/AndroidNotification.java
tools/adt/idea/android-common/src/com/android/tools/idea/project/hyperlink/NotificationHyperlink.java
tools/adt/idea/android-common/src/com/android/tools/idea/psi/NullabilityUtils.kt
tools/adt/idea/android-common/src/com/android/tools/idea/psi/light/DeprecatableLightMethodBuilder.kt
tools/adt/idea/android-common/src/com/android/tools/idea/psi/light/ModifierListWithNullabilityAnnotation.kt
tools/adt/idea/android-common/src/com/android/tools/idea/psi/light/NullabilityLightFieldBuilder.kt
tools/adt/idea/android-common/src/com/android/tools/idea/psi/light/NullabilityLightMethodBuilder.kt
tools/adt/idea/android-common/src/com/android/tools/idea/psi/light/NullabilityLightParameterBuilder.kt
tools/adt/idea/android-common/src/com/android/tools/idea/run/AndroidDeviceSpec.kt
tools/adt/idea/android-common/src/com/android/tools/idea/sdk/AndroidSdkPathStore.kt
tools/adt/idea/android-common/src/com/android/tools/idea/sdk/AndroidSdks.java
tools/adt/idea/android-common/src/com/android/tools/idea/sdk/IdeAvdManagers.kt
tools/adt/idea/android-common/src/com/android/tools/idea/stats/AnonymizerUtil.java
tools/adt/idea/android-common/src/com/android/tools/idea/stats/MemoryProbe.kt
tools/adt/idea/android-common/src/com/android/tools/idea/ui/CustomNotificationListener.java
tools/adt/idea/android-common/src/com/android/tools/idea/util/CommonAndroidUtil.java
tools/adt/idea/android-common/src/com/android/tools/idea/util/ListenerCollection.kt
tools/adt/idea/android-common/src/com/android/tools/idea/util/LocalInstallerPathManager.kt
tools/adt/idea/android-common/src/com/android/tools/idea/util/ModuleExtensions.kt
tools/adt/idea/android-common/src/com/android/tools/idea/util/PathExtensions.kt
tools/adt/idea/android-common/src/com/android/tools/idea/util/PlatformExtensions.kt
tools/adt/idea/android-common/src/com/android/tools/idea/util/StudioPathManager.java
tools/adt/idea/android-common/src/com/android/tools/idea/util/fsm/StateMachine.kt
tools/adt/idea/android-common/src/com/android/tools/sdk/StudioDeviceManagerDeviceFilter.kt
tools/adt/idea/android-common/src/org/jetbrains/android/facet/AndroidFacet.java
tools/adt/idea/android-common/src/org/jetbrains/android/facet/AndroidFacetConfiguration.java
tools/adt/idea/android-common/src/org/jetbrains/android/facet/AndroidFacetType.java
tools/adt/idea/android-common/src/org/jetbrains/android/facet/NotEditableAndroidFacetEditorTab.kt
tools/adt/idea/android-common/test/com/android/tools/idea/AndroidCommonTestSuite.java
tools/adt/idea/android-common/test/com/android/tools/idea/AndroidPsiUtilsTest.kt
tools/adt/idea/android-common/test/com/android/tools/idea/FutureValuesTracker.java
tools/adt/idea/android-common/test/com/android/tools/idea/TestDataPathUtils.java
tools/adt/idea/android-common/test/com/android/tools/idea/concurrency/CompletableDeferredUtilsTest.kt
tools/adt/idea/android-common/test/com/android/tools/idea/concurrency/ConflatingFlowTest.kt
tools/adt/idea/android-common/test/com/android/tools/idea/concurrency/CoroutinesUtilsTest.kt
tools/adt/idea/android-common/test/com/android/tools/idea/concurrency/CountDownLatchAssert.java
tools/adt/idea/android-common/test/com/android/tools/idea/concurrency/CountDownLatchFutureCallback.java
tools/adt/idea/android-common/test/com/android/tools/idea/concurrency/FlowableCollectionTest.kt
tools/adt/idea/android-common/test/com/android/tools/idea/concurrency/FutureUtilsTest.kt
tools/adt/idea/android-common/test/com/android/tools/idea/concurrency/SuspendingAlarmTest.kt
tools/adt/idea/android-common/test/com/android/tools/idea/downloads/DownloadServiceTest.java
tools/adt/idea/android-common/test/com/android/tools/idea/downloads/UrlFileCacheTest.kt
tools/adt/idea/android-common/test/com/android/tools/idea/io/FilePathsTest.java
tools/adt/idea/android-common/test/com/android/tools/idea/kotlin/AndroidKtPsiUtilsTest.kt
tools/adt/idea/android-common/test/com/android/tools/idea/log/LoggerWithFixedInfoTest.kt
tools/adt/idea/android-common/test/com/android/tools/idea/ndk/PageAlignConfigTest.kt
tools/adt/idea/android-common/test/com/android/tools/idea/progress/StudioProgressRunnerTest.kt
tools/adt/idea/android-common/test/com/android/tools/idea/project/hyperlink/NotificationHyperlinkTest.java
tools/adt/idea/android-common/test/com/android/tools/idea/psi/NullabilityUtilsTest.kt
tools/adt/idea/android-common/test/com/android/tools/idea/psi/light/DeprecatableLightMethodBuilderTest.kt
tools/adt/idea/android-common/test/com/android/tools/idea/psi/light/NullabilityLightFieldBuilderTest.kt
tools/adt/idea/android-common/test/com/android/tools/idea/stats/MemoryProbeTest.kt
tools/adt/idea/android-common/test/com/android/tools/idea/ui/CustomNotificationListenerTest.java
tools/adt/idea/android-common/test/com/android/tools/idea/util/ListenerCollectionTest.kt
tools/adt/idea/android-common/test/com/android/tools/idea/util/PathExtensionsTest.kt
tools/adt/idea/android-common/test/com/android/tools/idea/util/fsm/StateMachineTest.kt
tools/adt/idea/android-kotlin/idea-android/common/src/org/jetbrains/kotlin/android/AndroidKotlinResolveScopeEnlarger.kt
tools/adt/idea/android-kotlin/idea-android/common/src/org/jetbrains/kotlin/android/AndroidKotlinResourceExternalAnnotatorBase.kt
tools/adt/idea/android-kotlin/idea-android/common/src/org/jetbrains/kotlin/android/configure/KotlinAndroidGradleModuleConfigurator.kt
tools/adt/idea/android-kotlin/idea-android/common/src/org/jetbrains/kotlin/android/configure/KotlinApkModuleConfigurator.kt
tools/adt/idea/android-kotlin/idea-android/common/src/org/jetbrains/kotlin/android/debugger/AndroidDexerImpl.kt
tools/adt/idea/android-kotlin/idea-android/common/src/org/jetbrains/kotlin/android/folding/ResourceFoldingBuilder.kt
tools/adt/idea/android-kotlin/idea-android/common/src/org/jetbrains/kotlin/android/inspection/IllegalIdentifierInspection.kt
tools/adt/idea/android-kotlin/idea-android/common/src/org/jetbrains/kotlin/android/inspection/TypeParameterFindViewByIdInspectionBase.kt
tools/adt/idea/android-kotlin/idea-android/common/src/org/jetbrains/kotlin/android/intention/KotlinAndroidAddStringResourceIntentionBase.kt
tools/adt/idea/android-kotlin/idea-android/common/src/org/jetbrains/kotlin/android/quickfix/CreateResourceQuickFixUtils.kt
tools/adt/idea/android-kotlin/idea-android/common/src/org/jetbrains/kotlin/android/quickfix/KotlinAndroidViewConstructorUtils.kt
tools/adt/idea/android-kotlin/idea-android/idea-android-output-parser/src/org/jetbrains/kotlin/android/KotlinOutputParser.java
tools/adt/idea/android-kotlin/idea-android/idea-android-output-parser/src/org/jetbrains/kotlin/android/KotlinOutputParserHelper.kt
tools/adt/idea/android-kotlin/idea-android/k1/src/org/jetbrains/kotlin/android/K1AndroidKotlinResourceExternalAnnotator.kt
tools/adt/idea/android-kotlin/idea-android/k1/src/org/jetbrains/kotlin/android/ParcelableUtil.kt
tools/adt/idea/android-kotlin/idea-android/k1/src/org/jetbrains/kotlin/android/inspection/K1TypeParameterFindViewByIdInspection.kt
tools/adt/idea/android-kotlin/idea-android/k1/src/org/jetbrains/kotlin/android/intention/ImplementParcelableAction.kt
tools/adt/idea/android-kotlin/idea-android/k1/src/org/jetbrains/kotlin/android/intention/K1KotlinAndroidAddStringResourceIntention.kt
tools/adt/idea/android-kotlin/idea-android/k1/src/org/jetbrains/kotlin/android/intention/RedoParcelableAction.kt
tools/adt/idea/android-kotlin/idea-android/k1/src/org/jetbrains/kotlin/android/intention/RemoveParcelableAction.kt
tools/adt/idea/android-kotlin/idea-android/k1/src/org/jetbrains/kotlin/android/quickfix/K1AndroidViewConstructorFix.kt
tools/adt/idea/android-kotlin/idea-android/k1/src/org/jetbrains/kotlin/android/quickfix/K1CreateResourceQuickFixProvider.kt
tools/adt/idea/android-kotlin/idea-android/k1/src/org/jetbrains/kotlin/android/quickfix/KotlinAndroidQuickFixProvider.kt
tools/adt/idea/android-kotlin/idea-android/k1/src/org/jetbrains/kotlin/android/quickfix/ParcelableQuickFix.kt
tools/adt/idea/android-kotlin/idea-android/k2/src/org/jetbrains/kotlin/android/AnalysisUtil.kt
tools/adt/idea/android-kotlin/idea-android/k2/src/org/jetbrains/kotlin/android/K2AndroidKotlinResourceExternalAnnotator.kt
tools/adt/idea/android-kotlin/idea-android/k2/src/org/jetbrains/kotlin/android/inspection/K2TypeParameterFindViewByIdInspection.kt
tools/adt/idea/android-kotlin/idea-android/k2/src/org/jetbrains/kotlin/android/intention/K2KotlinAndroidAddStringResourceIntention.kt
tools/adt/idea/android-kotlin/idea-android/k2/src/org/jetbrains/kotlin/android/quickfix/K2AndroidViewConstructorFix.kt
tools/adt/idea/android-kotlin/idea-android/k2/src/org/jetbrains/kotlin/android/quickfix/K2CreateResourceQuickFixRegistrar.kt
tools/adt/idea/android-kotlin/idea-android/src/org/jetbrains/kotlin/android/intention/AbstractRegisterComponentAction.kt
tools/adt/idea/android-kotlin/idea-android/src/org/jetbrains/kotlin/android/intention/AddActivityToManifest.kt
tools/adt/idea/android-kotlin/idea-android/src/org/jetbrains/kotlin/android/intention/AddBroadcastReceiverToManifest.kt
tools/adt/idea/android-kotlin/idea-android/src/org/jetbrains/kotlin/android/intention/AddServiceToManifest.kt
tools/adt/idea/android-kotlin/idea-android/testData/android/folding/dimensions.kt
tools/adt/idea/android-kotlin/idea-android/testData/android/folding/getString.kt
tools/adt/idea/android-kotlin/idea-android/testData/android/folding/plurals.kt
tools/adt/idea/android-kotlin/idea-android/testData/android/gutterIcon/color.kt
tools/adt/idea/android-kotlin/idea-android/testData/android/gutterIcon/drawable.kt
tools/adt/idea/android-kotlin/idea-android/testData/android/gutterIcon/kotlinKeyword.kt
tools/adt/idea/android-kotlin/idea-android/testData/android/gutterIcon/mipmap.kt
tools/adt/idea/android-kotlin/idea-android/testData/android/gutterIcon/relatedFiles.kt
tools/adt/idea/android-kotlin/idea-android/testData/android/gutterIcon/systemColor.kt
tools/adt/idea/android-kotlin/idea-android/testData/android/gutterIcon/systemDrawable.kt
tools/adt/idea/android-kotlin/idea-android/testData/android/intention/addActivityToManifest/abstract.kt
tools/adt/idea/android-kotlin/idea-android/testData/android/intention/addActivityToManifest/alreadyExists.kt
tools/adt/idea/android-kotlin/idea-android/testData/android/intention/addActivityToManifest/inner.kt
tools/adt/idea/android-kotlin/idea-android/testData/android/intention/addActivityToManifest/insideBody.kt
tools/adt/idea/android-kotlin/idea-android/testData/android/intention/addActivityToManifest/local.kt
tools/adt/idea/android-kotlin/idea-android/testData/android/intention/addActivityToManifest/nested.kt
tools/adt/idea/android-kotlin/idea-android/testData/android/intention/addActivityToManifest/notActivity.kt
tools/adt/idea/android-kotlin/idea-android/testData/android/intention/addActivityToManifest/private.kt
tools/adt/idea/android-kotlin/idea-android/testData/android/intention/addActivityToManifest/protected.kt
tools/adt/idea/android-kotlin/idea-android/testData/android/intention/addActivityToManifest/simple.kt
tools/adt/idea/android-kotlin/idea-android/testData/android/intention/addBroadcastReceiverToManifest/abstract.kt
tools/adt/idea/android-kotlin/idea-android/testData/android/intention/addBroadcastReceiverToManifest/alreadyExists.kt
tools/adt/idea/android-kotlin/idea-android/testData/android/intention/addBroadcastReceiverToManifest/inner.kt
tools/adt/idea/android-kotlin/idea-android/testData/android/intention/addBroadcastReceiverToManifest/insideBody.kt
tools/adt/idea/android-kotlin/idea-android/testData/android/intention/addBroadcastReceiverToManifest/local.kt
tools/adt/idea/android-kotlin/idea-android/testData/android/intention/addBroadcastReceiverToManifest/nested.kt
tools/adt/idea/android-kotlin/idea-android/testData/android/intention/addBroadcastReceiverToManifest/notReceiver.kt
tools/adt/idea/android-kotlin/idea-android/testData/android/intention/addBroadcastReceiverToManifest/private.kt
tools/adt/idea/android-kotlin/idea-android/testData/android/intention/addBroadcastReceiverToManifest/protected.kt
tools/adt/idea/android-kotlin/idea-android/testData/android/intention/addBroadcastReceiverToManifest/simple.kt
tools/adt/idea/android-kotlin/idea-android/testData/android/intention/addServiceToManifest/abstract.kt
tools/adt/idea/android-kotlin/idea-android/testData/android/intention/addServiceToManifest/alreadyExists.kt
tools/adt/idea/android-kotlin/idea-android/testData/android/intention/addServiceToManifest/inner.kt
tools/adt/idea/android-kotlin/idea-android/testData/android/intention/addServiceToManifest/insideBody.kt
tools/adt/idea/android-kotlin/idea-android/testData/android/intention/addServiceToManifest/local.kt
tools/adt/idea/android-kotlin/idea-android/testData/android/intention/addServiceToManifest/nested.kt
tools/adt/idea/android-kotlin/idea-android/testData/android/intention/addServiceToManifest/notService.kt
tools/adt/idea/android-kotlin/idea-android/testData/android/intention/addServiceToManifest/private.kt
tools/adt/idea/android-kotlin/idea-android/testData/android/intention/addServiceToManifest/protected.kt
tools/adt/idea/android-kotlin/idea-android/testData/android/intention/addServiceToManifest/simple.kt
tools/adt/idea/android-kotlin/idea-android/testData/android/intention/implementParcelable/allNullableTypes.kt
tools/adt/idea/android-kotlin/idea-android/testData/android/intention/implementParcelable/allTypes.kt
tools/adt/idea/android-kotlin/idea-android/testData/android/intention/implementParcelable/alreadyImplemented.kt
tools/adt/idea/android-kotlin/idea-android/testData/android/intention/implementParcelable/constructorProperties.kt
tools/adt/idea/android-kotlin/idea-android/testData/android/intention/implementParcelable/constructorPropertiesWithParameters.kt
tools/adt/idea/android-kotlin/idea-android/testData/android/intention/implementParcelable/missingConstructor.kt
tools/adt/idea/android-kotlin/idea-android/testData/android/intention/implementParcelable/missingDescribeContents.kt
tools/adt/idea/android-kotlin/idea-android/testData/android/intention/implementParcelable/missingWriteToParcel.kt
tools/adt/idea/android-kotlin/idea-android/testData/android/intention/implementParcelable/simple.kt
tools/adt/idea/android-kotlin/idea-android/testData/android/intention/implementParcelable/withTransient.kt
tools/adt/idea/android-kotlin/idea-android/testData/android/intention/redoParcelable/indirectParcelable.kt
tools/adt/idea/android-kotlin/idea-android/testData/android/intention/redoParcelable/init.kt
tools/adt/idea/android-kotlin/idea-android/testData/android/intention/redoParcelable/initWithExtraStatements.kt
tools/adt/idea/android-kotlin/idea-android/testData/android/intention/redoParcelable/noParcelable.kt
tools/adt/idea/android-kotlin/idea-android/testData/android/intention/redoParcelable/oldField.kt
tools/adt/idea/android-kotlin/idea-android/testData/android/intention/redoParcelable/oldFieldSecondary.kt
tools/adt/idea/android-kotlin/idea-android/testData/android/intention/redoParcelable/parcelize.kt
tools/adt/idea/android-kotlin/idea-android/testData/android/intention/redoParcelable/simple.kt
tools/adt/idea/android-kotlin/idea-android/testData/android/intention/removeParcelable/inderectParcelable.kt
tools/adt/idea/android-kotlin/idea-android/testData/android/intention/removeParcelable/init.kt
tools/adt/idea/android-kotlin/idea-android/testData/android/intention/removeParcelable/initWithExtraStatements.kt
tools/adt/idea/android-kotlin/idea-android/testData/android/intention/removeParcelable/noParcelable.kt
tools/adt/idea/android-kotlin/idea-android/testData/android/intention/removeParcelable/parcelize.kt
tools/adt/idea/android-kotlin/idea-android/testData/android/intention/removeParcelable/simple.kt
tools/adt/idea/android-kotlin/idea-android/testData/android/lint/IntRange.java
tools/adt/idea/android-kotlin/idea-android/testData/android/lint/RequiresApi.java
tools/adt/idea/android-kotlin/idea-android/testData/android/lint/RequiresPermission.java
tools/adt/idea/android-kotlin/idea-android/testData/android/lint/alarm.kt
tools/adt/idea/android-kotlin/idea-android/testData/android/lint/apiCheck.kt
tools/adt/idea/android-kotlin/idea-android/testData/android/lint/callSuper.kt
tools/adt/idea/android-kotlin/idea-android/testData/android/lint/closeCursor.kt
tools/adt/idea/android-kotlin/idea-android/testData/android/lint/commitFragment.kt
tools/adt/idea/android-kotlin/idea-android/testData/android/lint/findViewById.kt
tools/adt/idea/android-kotlin/idea-android/testData/android/lint/javaPerformance.kt
tools/adt/idea/android-kotlin/idea-android/testData/android/lint/javaScriptInterface.kt
tools/adt/idea/android-kotlin/idea-android/testData/android/lint/layoutInflation.kt
tools/adt/idea/android-kotlin/idea-android/testData/android/lint/log.kt
tools/adt/idea/android-kotlin/idea-android/testData/android/lint/noInternationalSms.kt
tools/adt/idea/android-kotlin/idea-android/testData/android/lint/overrideConcrete.kt
tools/adt/idea/android-kotlin/idea-android/testData/android/lint/parcel.kt
tools/adt/idea/android-kotlin/idea-android/testData/android/lint/sdCardTest.kt
tools/adt/idea/android-kotlin/idea-android/testData/android/lint/setJavaScriptEnabled.kt
tools/adt/idea/android-kotlin/idea-android/testData/android/lint/sharedPrefs.kt
tools/adt/idea/android-kotlin/idea-android/testData/android/lint/showDiagnosticsWhenFileIsRed.kt
tools/adt/idea/android-kotlin/idea-android/testData/android/lint/sqlite.kt
tools/adt/idea/android-kotlin/idea-android/testData/android/lint/supportAnnotation.kt
tools/adt/idea/android-kotlin/idea-android/testData/android/lint/systemServices.kt
tools/adt/idea/android-kotlin/idea-android/testData/android/lint/toast.kt
tools/adt/idea/android-kotlin/idea-android/testData/android/lint/valueOf.kt
tools/adt/idea/android-kotlin/idea-android/testData/android/lint/velocityTrackerRecycle.kt
tools/adt/idea/android-kotlin/idea-android/testData/android/lint/viewConstructor.kt
tools/adt/idea/android-kotlin/idea-android/testData/android/lint/viewHolder.kt
tools/adt/idea/android-kotlin/idea-android/testData/android/lint/wrongAnnotation.kt
tools/adt/idea/android-kotlin/idea-android/testData/android/lint/wrongImport.kt
tools/adt/idea/android-kotlin/idea-android/testData/android/lint/wrongViewCall.kt
tools/adt/idea/android-kotlin/idea-android/testData/android/lintQuickfix/findViewById/alreadyHasTypeArgument.kt
tools/adt/idea/android-kotlin/idea-android/testData/android/lintQuickfix/findViewById/castDoesNotSatisfyTypeParameterBounds.kt
tools/adt/idea/android-kotlin/idea-android/testData/android/lintQuickfix/findViewById/findViewWithTag.kt
tools/adt/idea/android-kotlin/idea-android/testData/android/lintQuickfix/findViewById/noTypeParameter.kt
tools/adt/idea/android-kotlin/idea-android/testData/android/lintQuickfix/findViewById/notReturningTypeParameter.kt
tools/adt/idea/android-kotlin/idea-android/testData/android/lintQuickfix/findViewById/nullableType.kt
tools/adt/idea/android-kotlin/idea-android/testData/android/lintQuickfix/findViewById/parenthesized.kt
tools/adt/idea/android-kotlin/idea-android/testData/android/lintQuickfix/findViewById/platformNotNullExpression.kt
tools/adt/idea/android-kotlin/idea-android/testData/android/lintQuickfix/findViewById/platformNullableExpression.kt
tools/adt/idea/android-kotlin/idea-android/testData/android/lintQuickfix/findViewById/qualifiedRequireView.kt
tools/adt/idea/android-kotlin/idea-android/testData/android/lintQuickfix/findViewById/requireView.kt
tools/adt/idea/android-kotlin/idea-android/testData/android/lintQuickfix/findViewById/requireViewNullable.kt
tools/adt/idea/android-kotlin/idea-android/testData/android/lintQuickfix/findViewById/safeCallOfNotNullFunction.kt
tools/adt/idea/android-kotlin/idea-android/testData/android/lintQuickfix/findViewById/safeCallOfNotNullFunctionWithNonNullCast.kt
tools/adt/idea/android-kotlin/idea-android/testData/android/lintQuickfix/findViewById/safeCast.kt
tools/adt/idea/android-kotlin/idea-android/testData/android/lintQuickfix/findViewById/simple.kt
tools/adt/idea/android-kotlin/idea-android/testData/android/lintQuickfix/findViewById/tooManyTypeParameters.kt
tools/adt/idea/android-kotlin/idea-android/testData/android/lintQuickfix/findViewById/variableTypeAlreadyExists.kt
tools/adt/idea/android-kotlin/idea-android/testData/android/quickfix/autoImports/androidRImport.after.kt
tools/adt/idea/android-kotlin/idea-android/testData/android/quickfix/autoImports/androidRImport.before.Dependency1.kt
tools/adt/idea/android-kotlin/idea-android/testData/android/quickfix/autoImports/androidRImport.before.Dependency2.kt
tools/adt/idea/android-kotlin/idea-android/testData/android/quickfix/autoImports/androidRImport.before.Dependency3.kt
tools/adt/idea/android-kotlin/idea-android/testData/android/quickfix/autoImports/androidRImport.before.Main.kt
tools/adt/idea/android-kotlin/idea-android/testData/android/quickfix/viewConstructor/indirect.after.kt
tools/adt/idea/android-kotlin/idea-android/testData/android/quickfix/viewConstructor/indirect.before.Dependency1.kt
tools/adt/idea/android-kotlin/idea-android/testData/android/quickfix/viewConstructor/indirect.before.Dependency2.kt
tools/adt/idea/android-kotlin/idea-android/testData/android/quickfix/viewConstructor/indirect.before.Dependency3.kt
tools/adt/idea/android-kotlin/idea-android/testData/android/quickfix/viewConstructor/indirect.before.Main.kt
tools/adt/idea/android-kotlin/idea-android/testData/android/quickfix/viewConstructor/simple.after.kt
tools/adt/idea/android-kotlin/idea-android/testData/android/quickfix/viewConstructor/simple.before.Dependency1.kt
tools/adt/idea/android-kotlin/idea-android/testData/android/quickfix/viewConstructor/simple.before.Dependency2.kt
tools/adt/idea/android-kotlin/idea-android/testData/android/quickfix/viewConstructor/simple.before.Dependency3.kt
tools/adt/idea/android-kotlin/idea-android/testData/android/quickfix/viewConstructor/simple.before.Main.kt
tools/adt/idea/android-kotlin/idea-android/testData/android/resourceIntention/R.kt
tools/adt/idea/android-kotlin/idea-android/testData/android/resourceIntention/createColorValueResource/alreadyExists/main.kt
tools/adt/idea/android-kotlin/idea-android/testData/android/resourceIntention/createColorValueResource/simpleFunction/expected/main.kt
tools/adt/idea/android-kotlin/idea-android/testData/android/resourceIntention/createColorValueResource/simpleFunction/main.kt
tools/adt/idea/android-kotlin/idea-android/testData/android/resourceIntention/createLayoutResourceFile/alreadyExists/main.kt
tools/adt/idea/android-kotlin/idea-android/testData/android/resourceIntention/createLayoutResourceFile/simpleFunction/expected/main.kt
tools/adt/idea/android-kotlin/idea-android/testData/android/resourceIntention/createLayoutResourceFile/simpleFunction/main.kt
tools/adt/idea/android-kotlin/idea-android/testData/android/resourceIntention/createStringValueResource/alreadyExists/main.kt
tools/adt/idea/android-kotlin/idea-android/testData/android/resourceIntention/createStringValueResource/simpleFunction/expected/main.kt
tools/adt/idea/android-kotlin/idea-android/testData/android/resourceIntention/createStringValueResource/simpleFunction/main.kt
tools/adt/idea/android-kotlin/idea-android/testData/android/resourceIntention/kotlinAndroidAddStringResource/activityExtension/expected/main.kt
tools/adt/idea/android-kotlin/idea-android/testData/android/resourceIntention/kotlinAndroidAddStringResource/activityExtension/main.kt
tools/adt/idea/android-kotlin/idea-android/testData/android/resourceIntention/kotlinAndroidAddStringResource/activityMethod/expected/main.kt
tools/adt/idea/android-kotlin/idea-android/testData/android/resourceIntention/kotlinAndroidAddStringResource/activityMethod/main.kt
tools/adt/idea/android-kotlin/idea-android/testData/android/resourceIntention/kotlinAndroidAddStringResource/classInActivity/expected/main.kt
tools/adt/idea/android-kotlin/idea-android/testData/android/resourceIntention/kotlinAndroidAddStringResource/classInActivity/main.kt
tools/adt/idea/android-kotlin/idea-android/testData/android/resourceIntention/kotlinAndroidAddStringResource/composableFunction/expected/main.kt
tools/adt/idea/android-kotlin/idea-android/testData/android/resourceIntention/kotlinAndroidAddStringResource/composableFunction/main.kt
tools/adt/idea/android-kotlin/idea-android/testData/android/resourceIntention/kotlinAndroidAddStringResource/composableLambda/expected/main.kt
tools/adt/idea/android-kotlin/idea-android/testData/android/resourceIntention/kotlinAndroidAddStringResource/composableLambda/main.kt
tools/adt/idea/android-kotlin/idea-android/testData/android/resourceIntention/kotlinAndroidAddStringResource/extensionLambda/expected/main.kt
tools/adt/idea/android-kotlin/idea-android/testData/android/resourceIntention/kotlinAndroidAddStringResource/extensionLambda/main.kt
tools/adt/idea/android-kotlin/idea-android/testData/android/resourceIntention/kotlinAndroidAddStringResource/function/expected/main.kt
tools/adt/idea/android-kotlin/idea-android/testData/android/resourceIntention/kotlinAndroidAddStringResource/function/main.kt
tools/adt/idea/android-kotlin/idea-android/testData/android/resourceIntention/kotlinAndroidAddStringResource/genericContextExtensionFunction/expected/main.kt
tools/adt/idea/android-kotlin/idea-android/testData/android/resourceIntention/kotlinAndroidAddStringResource/genericContextExtensionFunction/main.kt
tools/adt/idea/android-kotlin/idea-android/testData/android/resourceIntention/kotlinAndroidAddStringResource/innerClassInActivity/expected/main.kt
tools/adt/idea/android-kotlin/idea-android/testData/android/resourceIntention/kotlinAndroidAddStringResource/innerClassInActivity/main.kt
tools/adt/idea/android-kotlin/idea-android/testData/android/resourceIntention/kotlinAndroidAddStringResource/innerViewInActivity/expected/main.kt
tools/adt/idea/android-kotlin/idea-android/testData/android/resourceIntention/kotlinAndroidAddStringResource/innerViewInActivity/main.kt
tools/adt/idea/android-kotlin/idea-android/testData/android/resourceIntention/kotlinAndroidAddStringResource/objectInActivity/expected/main.kt
tools/adt/idea/android-kotlin/idea-android/testData/android/resourceIntention/kotlinAndroidAddStringResource/objectInActivity/main.kt
tools/adt/idea/android-kotlin/idea-android/testData/android/resourceIntention/kotlinAndroidAddStringResource/objectInActivityMethod/expected/main.kt
tools/adt/idea/android-kotlin/idea-android/testData/android/resourceIntention/kotlinAndroidAddStringResource/objectInActivityMethod/main.kt
tools/adt/idea/android-kotlin/idea-android/testData/android/resourceIntention/kotlinAndroidAddStringResource/objectInFunction/expected/main.kt
tools/adt/idea/android-kotlin/idea-android/testData/android/resourceIntention/kotlinAndroidAddStringResource/objectInFunction/main.kt
tools/adt/idea/android-kotlin/idea-android/testData/android/resourceIntention/kotlinAndroidAddStringResource/stringTemplate/expected/main.kt
tools/adt/idea/android-kotlin/idea-android/testData/android/resourceIntention/kotlinAndroidAddStringResource/stringTemplate/main.kt
tools/adt/idea/android-kotlin/idea-android/testData/android/resourceIntention/kotlinAndroidAddStringResource/viewExtensionActivityMethod/expected/main.kt
tools/adt/idea/android-kotlin/idea-android/testData/android/resourceIntention/kotlinAndroidAddStringResource/viewExtensionActivityMethod/main.kt
tools/adt/idea/android-kotlin/idea-android/testData/android/resourceIntention/kotlinAndroidAddStringResource/viewMethod/expected/main.kt
tools/adt/idea/android-kotlin/idea-android/testData/android/resourceIntention/kotlinAndroidAddStringResource/viewMethod/main.kt
tools/adt/idea/android-kotlin/idea-android/tests/org/jetbrains/kotlin/android/CompletionTestUtil.kt
tools/adt/idea/android-kotlin/idea-android/tests/org/jetbrains/kotlin/android/ConfigLibraryUtil.kt
tools/adt/idea/android-kotlin/idea-android/tests/org/jetbrains/kotlin/android/DirectiveBasedActionUtils.kt
tools/adt/idea/android-kotlin/idea-android/tests/org/jetbrains/kotlin/android/ExpectedCompletionUtils.kt
tools/adt/idea/android-kotlin/idea-android/tests/org/jetbrains/kotlin/android/InTextDirectivesUtils.java
tools/adt/idea/android-kotlin/idea-android/tests/org/jetbrains/kotlin/android/KotlinAndroidTestCase.java
tools/adt/idea/android-kotlin/idea-android/tests/org/jetbrains/kotlin/android/KotlinAndroidTestSuite.kt
tools/adt/idea/android-kotlin/idea-android/tests/org/jetbrains/kotlin/android/KotlinTestUtils.java
tools/adt/idea/android-kotlin/idea-android/tests/org/jetbrains/kotlin/android/StringUtils.kt
tools/adt/idea/android-kotlin/idea-android/tests/org/jetbrains/kotlin/android/annotator/AbstractAndroidGutterIconTest.kt
tools/adt/idea/android-kotlin/idea-android/tests/org/jetbrains/kotlin/android/annotator/AndroidGutterIconTestGenerated.java
tools/adt/idea/android-kotlin/idea-android/tests/org/jetbrains/kotlin/android/configure/ChangeProjectLanguageFeatureTest.kt
tools/adt/idea/android-kotlin/idea-android/tests/org/jetbrains/kotlin/android/configure/ConfigureCatalogSingleModuleProjectTest.kt
tools/adt/idea/android-kotlin/idea-android/tests/org/jetbrains/kotlin/android/configure/ConfigureMultiModuleNoCatalogProject.kt
tools/adt/idea/android-kotlin/idea-android/tests/org/jetbrains/kotlin/android/configure/ConfigureProjectTest.kt
tools/adt/idea/android-kotlin/idea-android/tests/org/jetbrains/kotlin/android/configure/ConfigureVersionCatalogProjectTest.kt
tools/adt/idea/android-kotlin/idea-android/tests/org/jetbrains/kotlin/android/folding/AbstractAndroidFoldingTest.kt
tools/adt/idea/android-kotlin/idea-android/tests/org/jetbrains/kotlin/android/folding/AndroidResourceFoldingTestGenerated.java
tools/adt/idea/android-kotlin/idea-android/tests/org/jetbrains/kotlin/android/intention/AbstractAndroidIntentionTest.kt
tools/adt/idea/android-kotlin/idea-android/tests/org/jetbrains/kotlin/android/intention/AbstractAndroidResourceIntentionTest.kt
tools/adt/idea/android-kotlin/idea-android/tests/org/jetbrains/kotlin/android/intention/AndroidIntentionTestGenerated.java
tools/adt/idea/android-kotlin/idea-android/tests/org/jetbrains/kotlin/android/intention/AndroidResourceIntentionTestGenerated.java
tools/adt/idea/android-kotlin/idea-android/tests/org/jetbrains/kotlin/android/intention/KotlinAndroidAddStringResourceTest.kt
tools/adt/idea/android-kotlin/idea-android/tests/org/jetbrains/kotlin/android/lint/AbstractKotlinLintTest.kt
tools/adt/idea/android-kotlin/idea-android/tests/org/jetbrains/kotlin/android/lint/KotlinLintTestGenerated.java
tools/adt/idea/android-kotlin/idea-android/tests/org/jetbrains/kotlin/android/quickfix/AbstractAndroidQuickFixMultiFileTest.java
tools/adt/idea/android-kotlin/idea-android/tests/org/jetbrains/kotlin/android/quickfix/AbstractQuickFixMultiFileTest.kt
tools/adt/idea/android-kotlin/idea-android/tests/org/jetbrains/kotlin/android/quickfix/AndroidQuickFixMultiFileTest.kt
tools/adt/idea/android-kotlin/idea-android/tests/org/jetbrains/kotlin/android/quickfix/FindViewByIdQuickFixTest.kt
tools/adt/idea/android-lang-databinding/gen/com/android/tools/idea/lang/databinding/_DbLexer.java
tools/adt/idea/android-lang-databinding/gen/com/android/tools/idea/lang/databinding/parser/DbParser.java
tools/adt/idea/android-lang-databinding/gen/com/android/tools/idea/lang/databinding/psi/DbTokenTypes.java
tools/adt/idea/android-lang-databinding/gen/com/android/tools/idea/lang/databinding/psi/PsiDbAddExpr.java
tools/adt/idea/android-lang-databinding/gen/com/android/tools/idea/lang/databinding/psi/PsiDbArrayExpr.java
tools/adt/idea/android-lang-databinding/gen/com/android/tools/idea/lang/databinding/psi/PsiDbBinaryAndExpr.java
tools/adt/idea/android-lang-databinding/gen/com/android/tools/idea/lang/databinding/psi/PsiDbBinaryOrExpr.java
tools/adt/idea/android-lang-databinding/gen/com/android/tools/idea/lang/databinding/psi/PsiDbBinaryXorExpr.java
tools/adt/idea/android-lang-databinding/gen/com/android/tools/idea/lang/databinding/psi/PsiDbBitShiftExpr.java
tools/adt/idea/android-lang-databinding/gen/com/android/tools/idea/lang/databinding/psi/PsiDbBracketArgument.java
tools/adt/idea/android-lang-databinding/gen/com/android/tools/idea/lang/databinding/psi/PsiDbCallExpr.java
tools/adt/idea/android-lang-databinding/gen/com/android/tools/idea/lang/databinding/psi/PsiDbCastExpr.java
tools/adt/idea/android-lang-databinding/gen/com/android/tools/idea/lang/databinding/psi/PsiDbClassExtractionExpr.java
tools/adt/idea/android-lang-databinding/gen/com/android/tools/idea/lang/databinding/psi/PsiDbClassOrInterfaceType.java
tools/adt/idea/android-lang-databinding/gen/com/android/tools/idea/lang/databinding/psi/PsiDbConstantValue.java
tools/adt/idea/android-lang-databinding/gen/com/android/tools/idea/lang/databinding/psi/PsiDbDefaults.java
tools/adt/idea/android-lang-databinding/gen/com/android/tools/idea/lang/databinding/psi/PsiDbEqComparisonExpr.java
tools/adt/idea/android-lang-databinding/gen/com/android/tools/idea/lang/databinding/psi/PsiDbExpr.java
tools/adt/idea/android-lang-databinding/gen/com/android/tools/idea/lang/databinding/psi/PsiDbExpressionList.java
tools/adt/idea/android-lang-databinding/gen/com/android/tools/idea/lang/databinding/psi/PsiDbFunctionRefExpr.java
tools/adt/idea/android-lang-databinding/gen/com/android/tools/idea/lang/databinding/psi/PsiDbId.java
tools/adt/idea/android-lang-databinding/gen/com/android/tools/idea/lang/databinding/psi/PsiDbIneqComparisonExpr.java
tools/adt/idea/android-lang-databinding/gen/com/android/tools/idea/lang/databinding/psi/PsiDbInferredFormalParameter.java
tools/adt/idea/android-lang-databinding/gen/com/android/tools/idea/lang/databinding/psi/PsiDbInferredFormalParameterList.java
tools/adt/idea/android-lang-databinding/gen/com/android/tools/idea/lang/databinding/psi/PsiDbInstanceOfExpr.java
tools/adt/idea/android-lang-databinding/gen/com/android/tools/idea/lang/databinding/psi/PsiDbLambdaExpression.java
tools/adt/idea/android-lang-databinding/gen/com/android/tools/idea/lang/databinding/psi/PsiDbLambdaParameters.java
tools/adt/idea/android-lang-databinding/gen/com/android/tools/idea/lang/databinding/psi/PsiDbLiteralExpr.java
tools/adt/idea/android-lang-databinding/gen/com/android/tools/idea/lang/databinding/psi/PsiDbLogicalAndExpr.java
tools/adt/idea/android-lang-databinding/gen/com/android/tools/idea/lang/databinding/psi/PsiDbLogicalOrExpr.java
tools/adt/idea/android-lang-databinding/gen/com/android/tools/idea/lang/databinding/psi/PsiDbMulExpr.java
tools/adt/idea/android-lang-databinding/gen/com/android/tools/idea/lang/databinding/psi/PsiDbNegationExpr.java
tools/adt/idea/android-lang-databinding/gen/com/android/tools/idea/lang/databinding/psi/PsiDbNullCoalesceExpr.java
tools/adt/idea/android-lang-databinding/gen/com/android/tools/idea/lang/databinding/psi/PsiDbParenExpr.java
tools/adt/idea/android-lang-databinding/gen/com/android/tools/idea/lang/databinding/psi/PsiDbPrimitiveType.java
tools/adt/idea/android-lang-databinding/gen/com/android/tools/idea/lang/databinding/psi/PsiDbRefExpr.java
tools/adt/idea/android-lang-databinding/gen/com/android/tools/idea/lang/databinding/psi/PsiDbResourceParameters.java
tools/adt/idea/android-lang-databinding/gen/com/android/tools/idea/lang/databinding/psi/PsiDbResourcesExpr.java
tools/adt/idea/android-lang-databinding/gen/com/android/tools/idea/lang/databinding/psi/PsiDbSignChangeExpr.java
tools/adt/idea/android-lang-databinding/gen/com/android/tools/idea/lang/databinding/psi/PsiDbTernaryExpr.java
tools/adt/idea/android-lang-databinding/gen/com/android/tools/idea/lang/databinding/psi/PsiDbType.java
tools/adt/idea/android-lang-databinding/gen/com/android/tools/idea/lang/databinding/psi/PsiDbTypeArguments.java
tools/adt/idea/android-lang-databinding/gen/com/android/tools/idea/lang/databinding/psi/PsiDbVisitor.java
tools/adt/idea/android-lang-databinding/gen/com/android/tools/idea/lang/databinding/psi/PsiDbVoidExpr.java
tools/adt/idea/android-lang-databinding/gen/com/android/tools/idea/lang/databinding/psi/impl/PsiDbAddExprImpl.java
tools/adt/idea/android-lang-databinding/gen/com/android/tools/idea/lang/databinding/psi/impl/PsiDbArrayExprImpl.java
tools/adt/idea/android-lang-databinding/gen/com/android/tools/idea/lang/databinding/psi/impl/PsiDbBinaryAndExprImpl.java
tools/adt/idea/android-lang-databinding/gen/com/android/tools/idea/lang/databinding/psi/impl/PsiDbBinaryOrExprImpl.java
tools/adt/idea/android-lang-databinding/gen/com/android/tools/idea/lang/databinding/psi/impl/PsiDbBinaryXorExprImpl.java
tools/adt/idea/android-lang-databinding/gen/com/android/tools/idea/lang/databinding/psi/impl/PsiDbBitShiftExprImpl.java
tools/adt/idea/android-lang-databinding/gen/com/android/tools/idea/lang/databinding/psi/impl/PsiDbBracketArgumentImpl.java
tools/adt/idea/android-lang-databinding/gen/com/android/tools/idea/lang/databinding/psi/impl/PsiDbCallExprImpl.java
tools/adt/idea/android-lang-databinding/gen/com/android/tools/idea/lang/databinding/psi/impl/PsiDbCastExprImpl.java
tools/adt/idea/android-lang-databinding/gen/com/android/tools/idea/lang/databinding/psi/impl/PsiDbClassExtractionExprImpl.java
tools/adt/idea/android-lang-databinding/gen/com/android/tools/idea/lang/databinding/psi/impl/PsiDbClassOrInterfaceTypeImpl.java
tools/adt/idea/android-lang-databinding/gen/com/android/tools/idea/lang/databinding/psi/impl/PsiDbConstantValueImpl.java
tools/adt/idea/android-lang-databinding/gen/com/android/tools/idea/lang/databinding/psi/impl/PsiDbDefaultsImpl.java
tools/adt/idea/android-lang-databinding/gen/com/android/tools/idea/lang/databinding/psi/impl/PsiDbEqComparisonExprImpl.java
tools/adt/idea/android-lang-databinding/gen/com/android/tools/idea/lang/databinding/psi/impl/PsiDbExprImpl.java
tools/adt/idea/android-lang-databinding/gen/com/android/tools/idea/lang/databinding/psi/impl/PsiDbExpressionListImpl.java
tools/adt/idea/android-lang-databinding/gen/com/android/tools/idea/lang/databinding/psi/impl/PsiDbFunctionRefExprImpl.java
tools/adt/idea/android-lang-databinding/gen/com/android/tools/idea/lang/databinding/psi/impl/PsiDbIdImpl.java
tools/adt/idea/android-lang-databinding/gen/com/android/tools/idea/lang/databinding/psi/impl/PsiDbIneqComparisonExprImpl.java
tools/adt/idea/android-lang-databinding/gen/com/android/tools/idea/lang/databinding/psi/impl/PsiDbInferredFormalParameterImpl.java
tools/adt/idea/android-lang-databinding/gen/com/android/tools/idea/lang/databinding/psi/impl/PsiDbInferredFormalParameterListImpl.java
tools/adt/idea/android-lang-databinding/gen/com/android/tools/idea/lang/databinding/psi/impl/PsiDbInstanceOfExprImpl.java
tools/adt/idea/android-lang-databinding/gen/com/android/tools/idea/lang/databinding/psi/impl/PsiDbLambdaExpressionImpl.java
tools/adt/idea/android-lang-databinding/gen/com/android/tools/idea/lang/databinding/psi/impl/PsiDbLambdaParametersImpl.java
tools/adt/idea/android-lang-databinding/gen/com/android/tools/idea/lang/databinding/psi/impl/PsiDbLiteralExprImpl.java
tools/adt/idea/android-lang-databinding/gen/com/android/tools/idea/lang/databinding/psi/impl/PsiDbLogicalAndExprImpl.java
tools/adt/idea/android-lang-databinding/gen/com/android/tools/idea/lang/databinding/psi/impl/PsiDbLogicalOrExprImpl.java
tools/adt/idea/android-lang-databinding/gen/com/android/tools/idea/lang/databinding/psi/impl/PsiDbMulExprImpl.java
tools/adt/idea/android-lang-databinding/gen/com/android/tools/idea/lang/databinding/psi/impl/PsiDbNegationExprImpl.java
tools/adt/idea/android-lang-databinding/gen/com/android/tools/idea/lang/databinding/psi/impl/PsiDbNullCoalesceExprImpl.java
tools/adt/idea/android-lang-databinding/gen/com/android/tools/idea/lang/databinding/psi/impl/PsiDbParenExprImpl.java
tools/adt/idea/android-lang-databinding/gen/com/android/tools/idea/lang/databinding/psi/impl/PsiDbPrimitiveTypeImpl.java
tools/adt/idea/android-lang-databinding/gen/com/android/tools/idea/lang/databinding/psi/impl/PsiDbRefExprImpl.java
tools/adt/idea/android-lang-databinding/gen/com/android/tools/idea/lang/databinding/psi/impl/PsiDbResourceParametersImpl.java
tools/adt/idea/android-lang-databinding/gen/com/android/tools/idea/lang/databinding/psi/impl/PsiDbResourcesExprImpl.java
tools/adt/idea/android-lang-databinding/gen/com/android/tools/idea/lang/databinding/psi/impl/PsiDbSignChangeExprImpl.java
tools/adt/idea/android-lang-databinding/gen/com/android/tools/idea/lang/databinding/psi/impl/PsiDbTernaryExprImpl.java
tools/adt/idea/android-lang-databinding/gen/com/android/tools/idea/lang/databinding/psi/impl/PsiDbTypeArgumentsImpl.java
tools/adt/idea/android-lang-databinding/gen/com/android/tools/idea/lang/databinding/psi/impl/PsiDbTypeImpl.java
tools/adt/idea/android-lang-databinding/gen/com/android/tools/idea/lang/databinding/psi/impl/PsiDbVoidExprImpl.java
tools/adt/idea/android-lang-databinding/src/com/android/tools/idea/lang/databinding/completion/DataBindingCompletionContributor.kt
tools/adt/idea/android-lang-databinding/src/com/android/tools/idea/lang/databinding/completion/DataBindingCompletionSupportImpl.kt
tools/adt/idea/android-lang-databinding/src/com/android/tools/idea/lang/databinding/completion/DataBindingCompletionUtil.kt
tools/adt/idea/android-lang-databinding/src/com/android/tools/idea/lang/databinding/config/DbFile.java
tools/adt/idea/android-lang-databinding/src/com/android/tools/idea/lang/databinding/config/DbFileType.java
tools/adt/idea/android-lang-databinding/src/com/android/tools/idea/lang/databinding/config/DbLanguage.java
tools/adt/idea/android-lang-databinding/src/com/android/tools/idea/lang/databinding/config/DbLanguageInjector.kt
tools/adt/idea/android-lang-databinding/src/com/android/tools/idea/lang/databinding/config/DbParserDefinition.java
tools/adt/idea/android-lang-databinding/src/com/android/tools/idea/lang/databinding/folding/DataBindingFoldingBuilder.kt
tools/adt/idea/android-lang-databinding/src/com/android/tools/idea/lang/databinding/highlight/DbPairedBraceMatcher.java
tools/adt/idea/android-lang-databinding/src/com/android/tools/idea/lang/databinding/highlight/DbSyntaxHighlighter.java
tools/adt/idea/android-lang-databinding/src/com/android/tools/idea/lang/databinding/model/ModelClassResolvable.kt
tools/adt/idea/android-lang-databinding/src/com/android/tools/idea/lang/databinding/model/PsiModelClass.kt
tools/adt/idea/android-lang-databinding/src/com/android/tools/idea/lang/databinding/model/PsiModelField.kt
tools/adt/idea/android-lang-databinding/src/com/android/tools/idea/lang/databinding/model/PsiModelMember.kt
tools/adt/idea/android-lang-databinding/src/com/android/tools/idea/lang/databinding/model/PsiModelMethod.kt
tools/adt/idea/android-lang-databinding/src/com/android/tools/idea/lang/databinding/parse/DataBindingExpressionSupportImpl.kt
tools/adt/idea/android-lang-databinding/src/com/android/tools/idea/lang/databinding/psi/DataBindingPsiElement.kt
tools/adt/idea/android-lang-databinding/src/com/android/tools/idea/lang/databinding/psi/DbElementType.java
tools/adt/idea/android-lang-databinding/src/com/android/tools/idea/lang/databinding/psi/DbTokenType.java
tools/adt/idea/android-lang-databinding/src/com/android/tools/idea/lang/databinding/reference/DataBindingExprReferenceContributor.kt
tools/adt/idea/android-lang-databinding/src/com/android/tools/idea/lang/databinding/reference/DataBindingXmlAttributeReferenceContributor.kt
tools/adt/idea/android-lang-databinding/src/com/android/tools/idea/lang/databinding/reference/DbExprReference.kt
tools/adt/idea/android-lang-databinding/src/com/android/tools/idea/lang/databinding/reference/PsiClassReference.kt
tools/adt/idea/android-lang-databinding/src/com/android/tools/idea/lang/databinding/reference/PsiFieldReference.kt
tools/adt/idea/android-lang-databinding/src/com/android/tools/idea/lang/databinding/reference/PsiLiteralReference.kt
tools/adt/idea/android-lang-databinding/src/com/android/tools/idea/lang/databinding/reference/PsiMethodReference.kt
tools/adt/idea/android-lang-databinding/src/com/android/tools/idea/lang/databinding/reference/PsiPackageReference.kt
tools/adt/idea/android-lang-databinding/src/com/android/tools/idea/lang/databinding/reference/PsiParameterReference.kt
tools/adt/idea/android-lang-databinding/src/com/android/tools/idea/lang/databinding/reference/PsiResourceReference.kt
tools/adt/idea/android-lang-databinding/src/com/android/tools/idea/lang/databinding/reference/XmlAttributeReference.kt
tools/adt/idea/android-lang-databinding/src/com/android/tools/idea/lang/databinding/reference/XmlImportReference.kt
tools/adt/idea/android-lang-databinding/src/com/android/tools/idea/lang/databinding/reference/XmlVariableReference.kt
tools/adt/idea/android-lang-databinding/src/com/android/tools/idea/lang/databinding/validation/DataBindingExpressionAnnotator.kt
tools/adt/idea/android-lang-databinding/testData/projects/bitmaps/src/test/langdb/bitmaps/Image.kt
tools/adt/idea/android-lang-databinding/testData/projects/bitmaps/src/test/langdb/bitmaps/ImageDetailFragment.kt
tools/adt/idea/android-lang-databinding/testData/projects/bitmaps/src/test/langdb/bitmaps/ImageDetailItemFragment.kt
tools/adt/idea/android-lang-databinding/testData/projects/bitmaps/src/test/langdb/bitmaps/ImageGridFragment.kt
tools/adt/idea/android-lang-databinding/testData/projects/bitmaps/src/test/langdb/bitmaps/Images.kt
tools/adt/idea/android-lang-databinding/testData/projects/bitmaps/src/test/langdb/bitmaps/MainActivity.kt
tools/adt/idea/android-lang-databinding/testData/projects/calculator/src/test/langdb/calc/CalcFragment.java
tools/adt/idea/android-lang-databinding/testData/projects/calculator/src/test/langdb/calc/Calculator.java
tools/adt/idea/android-lang-databinding/testData/projects/projectWithDataBindingAndroidX/app/src/main/java/com/android/example/appwithdatabinding/MainActivity.java
tools/adt/idea/android-lang-databinding/testData/projects/projectWithDataBindingAndroidX/app/src/main/java/com/android/example/appwithdatabinding/MyAdapter.java
tools/adt/idea/android-lang-databinding/testData/projects/projectWithDataBindingAndroidX/app/src/main/java/com/android/example/appwithdatabinding/SampleVo.java
tools/adt/idea/android-lang-databinding/testData/projects/projectWithDataBindingAndroidX/app/src/main/java/com/android/example/appwithdatabinding/User.java
tools/adt/idea/android-lang-databinding/testData/projects/projectWithDataBindingSupport/app/src/main/java/com/android/example/appwithdatabinding/MainActivity.java
tools/adt/idea/android-lang-databinding/testData/projects/projectWithDataBindingSupport/app/src/main/java/com/android/example/appwithdatabinding/MyAdapter.java
tools/adt/idea/android-lang-databinding/testData/projects/projectWithDataBindingSupport/app/src/main/java/com/android/example/appwithdatabinding/SampleVo.java
tools/adt/idea/android-lang-databinding/testData/projects/projectWithDataBindingSupport/app/src/main/java/com/android/example/appwithdatabinding/User.java
tools/adt/idea/android-lang-databinding/testSrc/com/android/tools/idea/lang/databinding/BitmapsProjectTest.kt
tools/adt/idea/android-lang-databinding/testSrc/com/android/tools/idea/lang/databinding/CalculatorProjectTest.kt
tools/adt/idea/android-lang-databinding/testSrc/com/android/tools/idea/lang/databinding/DataBindingInjectorTest.kt
tools/adt/idea/android-lang-databinding/testSrc/com/android/tools/idea/lang/databinding/DataBindingInspectionTest.kt
tools/adt/idea/android-lang-databinding/testSrc/com/android/tools/idea/lang/databinding/LangDataBindingTestData.kt
tools/adt/idea/android-lang-databinding/testSrc/com/android/tools/idea/lang/databinding/LangDataBindingTestSuite.kt
tools/adt/idea/android-lang-databinding/testSrc/com/android/tools/idea/lang/databinding/completion/DataBindingCompletionContributorTest.kt
tools/adt/idea/android-lang-databinding/testSrc/com/android/tools/idea/lang/databinding/completion/DataBindingCompletionSupportTest.kt
tools/adt/idea/android-lang-databinding/testSrc/com/android/tools/idea/lang/databinding/folding/DataBindingFoldingBuilderTest.kt
tools/adt/idea/android-lang-databinding/testSrc/com/android/tools/idea/lang/databinding/gradle/DataBindingCrossModuleTest.kt
tools/adt/idea/android-lang-databinding/testSrc/com/android/tools/idea/lang/databinding/parser/DbParserTest.java
tools/adt/idea/android-lang-databinding/testSrc/com/android/tools/idea/lang/databinding/reference/DataBindingExprReferenceContributorGradleTest.kt
tools/adt/idea/android-lang-databinding/testSrc/com/android/tools/idea/lang/databinding/reference/DataBindingExprReferenceContributorTest.kt
tools/adt/idea/android-plugin/testSrc/org/jetbrains/android/AndroidPluginTestSuite.java
tools/adt/idea/android-plugin/testSrc/org/jetbrains/android/PluginDescriptorTest.java
tools/adt/idea/android-templates/src/com/android/tools/idea/templates/AdditionalTemplateActionsProvider.java
tools/adt/idea/android-templates/src/com/android/tools/idea/templates/KeystoreUtils.kt
tools/adt/idea/android-templates/src/com/android/tools/idea/templates/RecipeMergeUtils.kt
tools/adt/idea/android-templates/src/com/android/tools/idea/templates/StringParameterValidator.kt
tools/adt/idea/android-templates/src/com/android/tools/idea/templates/TemplateAttributes.kt
tools/adt/idea/android-templates/src/com/android/tools/idea/templates/TemplateGradleModuleUtils.kt
tools/adt/idea/android-templates/src/com/android/tools/idea/templates/TemplateUtils.kt
tools/adt/idea/android-templates/src/com/android/tools/idea/templates/TemplatesBundle.kt
tools/adt/idea/android-templates/src/com/android/tools/idea/templates/live/AndroidKotlinTemplateContextType.kt
tools/adt/idea/android-templates/src/com/android/tools/idea/templates/live/XmlAttributeContextType.kt
tools/adt/idea/android-templates/src/com/android/tools/idea/templates/parse/SaxUtils.java
tools/adt/idea/android-templates/src/com/android/tools/idea/templates/recipe/DefaultRecipeExecutor.kt
tools/adt/idea/android-templates/src/com/android/tools/idea/templates/recipe/FindReferencesRecipeExecutor.kt
tools/adt/idea/android-templates/src/com/android/tools/idea/templates/recipe/RenderingContext.kt
tools/adt/idea/android-templates/testData/golden/testAndroidManifest/Template test module/src/androidTest/java/template/test/in/ExampleInstrumentedTest.java
tools/adt/idea/android-templates/testData/golden/testAndroidManifest/Template test module/src/test/java/template/test/in/ExampleUnitTest.java
tools/adt/idea/android-templates/testData/golden/testAutomotiveMediaService/Template test module/src/androidTest/java/template/test/in/ExampleInstrumentedTest.java
tools/adt/idea/android-templates/testData/golden/testAutomotiveMediaService/Template test module/src/test/java/template/test/in/ExampleUnitTest.java
tools/adt/idea/android-templates/testData/golden/testAutomotiveMediaService/shared/src/main/java/template/test/in/shared/MyMusicService.java
tools/adt/idea/android-templates/testData/golden/testAutomotiveMediaServiceWithKotlin/Template test module/src/androidTest/java/template/test/in/ExampleInstrumentedTest.kt
tools/adt/idea/android-templates/testData/golden/testAutomotiveMediaServiceWithKotlin/Template test module/src/test/java/template/test/in/ExampleUnitTest.kt
tools/adt/idea/android-templates/testData/golden/testAutomotiveMediaServiceWithKotlin/shared/src/main/java/template/test/in/shared/MyMusicService.kt
tools/adt/idea/android-templates/testData/golden/testAutomotiveMessagingService/Template test module/src/androidTest/java/template/test/in/ExampleInstrumentedTest.java
tools/adt/idea/android-templates/testData/golden/testAutomotiveMessagingService/Template test module/src/main/java/template/test/in/MessageReadReceiver.java
tools/adt/idea/android-templates/testData/golden/testAutomotiveMessagingService/Template test module/src/main/java/template/test/in/MessageReplyReceiver.java
tools/adt/idea/android-templates/testData/golden/testAutomotiveMessagingService/Template test module/src/main/java/template/test/in/MyMessagingService.java
tools/adt/idea/android-templates/testData/golden/testAutomotiveMessagingService/Template test module/src/test/java/template/test/in/ExampleUnitTest.java
tools/adt/idea/android-templates/testData/golden/testAutomotiveMessagingServiceWithKotlin/Template test module/src/androidTest/java/template/test/in/ExampleInstrumentedTest.kt
tools/adt/idea/android-templates/testData/golden/testAutomotiveMessagingServiceWithKotlin/Template test module/src/main/java/template/test/in/MessageReadReceiver.kt
tools/adt/idea/android-templates/testData/golden/testAutomotiveMessagingServiceWithKotlin/Template test module/src/main/java/template/test/in/MessageReplyReceiver.kt
tools/adt/idea/android-templates/testData/golden/testAutomotiveMessagingServiceWithKotlin/Template test module/src/main/java/template/test/in/MyMessagingService.kt
tools/adt/idea/android-templates/testData/golden/testAutomotiveMessagingServiceWithKotlin/Template test module/src/test/java/template/test/in/ExampleUnitTest.kt
tools/adt/idea/android-templates/testData/golden/testBottomNavigationActivity/Template test module/src/androidTest/java/template/test/in/ExampleInstrumentedTest.java
tools/adt/idea/android-templates/testData/golden/testBottomNavigationActivity/Template test module/src/main/java/template/test/in/MainActivity.java
tools/adt/idea/android-templates/testData/golden/testBottomNavigationActivity/Template test module/src/main/java/template/test/in/ui/dashboard/DashboardFragment.java
tools/adt/idea/android-templates/testData/golden/testBottomNavigationActivity/Template test module/src/main/java/template/test/in/ui/dashboard/DashboardViewModel.java
tools/adt/idea/android-templates/testData/golden/testBottomNavigationActivity/Template test module/src/main/java/template/test/in/ui/home/HomeFragment.java
tools/adt/idea/android-templates/testData/golden/testBottomNavigationActivity/Template test module/src/main/java/template/test/in/ui/home/HomeViewModel.java
tools/adt/idea/android-templates/testData/golden/testBottomNavigationActivity/Template test module/src/main/java/template/test/in/ui/notifications/NotificationsFragment.java
tools/adt/idea/android-templates/testData/golden/testBottomNavigationActivity/Template test module/src/main/java/template/test/in/ui/notifications/NotificationsViewModel.java
tools/adt/idea/android-templates/testData/golden/testBottomNavigationActivity/Template test module/src/test/java/template/test/in/ExampleUnitTest.java
tools/adt/idea/android-templates/testData/golden/testBottomNavigationActivityWithKotlin/Template test module/src/androidTest/java/template/test/in/ExampleInstrumentedTest.kt
tools/adt/idea/android-templates/testData/golden/testBottomNavigationActivityWithKotlin/Template test module/src/main/java/template/test/in/MainActivity.kt
tools/adt/idea/android-templates/testData/golden/testBottomNavigationActivityWithKotlin/Template test module/src/main/java/template/test/in/ui/dashboard/DashboardFragment.kt
tools/adt/idea/android-templates/testData/golden/testBottomNavigationActivityWithKotlin/Template test module/src/main/java/template/test/in/ui/dashboard/DashboardViewModel.kt
tools/adt/idea/android-templates/testData/golden/testBottomNavigationActivityWithKotlin/Template test module/src/main/java/template/test/in/ui/home/HomeFragment.kt
tools/adt/idea/android-templates/testData/golden/testBottomNavigationActivityWithKotlin/Template test module/src/main/java/template/test/in/ui/home/HomeViewModel.kt
tools/adt/idea/android-templates/testData/golden/testBottomNavigationActivityWithKotlin/Template test module/src/main/java/template/test/in/ui/notifications/NotificationsFragment.kt
tools/adt/idea/android-templates/testData/golden/testBottomNavigationActivityWithKotlin/Template test module/src/main/java/template/test/in/ui/notifications/NotificationsViewModel.kt
tools/adt/idea/android-templates/testData/golden/testBottomNavigationActivityWithKotlin/Template test module/src/test/java/template/test/in/ExampleUnitTest.kt
tools/adt/idea/android-templates/testData/golden/testComposeActivityMaterial3/Template test module/src/androidTest/java/template/test/in/ExampleInstrumentedTest.kt
tools/adt/idea/android-templates/testData/golden/testComposeActivityMaterial3/Template test module/src/main/java/template/test/in/MainActivity.kt
tools/adt/idea/android-templates/testData/golden/testComposeActivityMaterial3/Template test module/src/main/java/template/test/in/ui/theme/Color.kt
tools/adt/idea/android-templates/testData/golden/testComposeActivityMaterial3/Template test module/src/main/java/template/test/in/ui/theme/Theme.kt
tools/adt/idea/android-templates/testData/golden/testComposeActivityMaterial3/Template test module/src/main/java/template/test/in/ui/theme/Type.kt
tools/adt/idea/android-templates/testData/golden/testComposeActivityMaterial3/Template test module/src/test/java/template/test/in/ExampleUnitTest.kt
tools/adt/idea/android-templates/testData/golden/testComposeNavigationUiActivityMaterial3/Template test module/src/androidTest/java/template/test/in/ExampleInstrumentedTest.kt
tools/adt/idea/android-templates/testData/golden/testComposeNavigationUiActivityMaterial3/Template test module/src/main/java/template/test/in/MainActivity.kt
tools/adt/idea/android-templates/testData/golden/testComposeNavigationUiActivityMaterial3/Template test module/src/main/java/template/test/in/ui/theme/Color.kt
tools/adt/idea/android-templates/testData/golden/testComposeNavigationUiActivityMaterial3/Template test module/src/main/java/template/test/in/ui/theme/Theme.kt
tools/adt/idea/android-templates/testData/golden/testComposeNavigationUiActivityMaterial3/Template test module/src/main/java/template/test/in/ui/theme/Type.kt
tools/adt/idea/android-templates/testData/golden/testComposeNavigationUiActivityMaterial3/Template test module/src/test/java/template/test/in/ExampleUnitTest.kt
tools/adt/idea/android-templates/testData/golden/testGameActivity/Template test module/src/androidTest/java/template/test/in/ExampleInstrumentedTest.java
tools/adt/idea/android-templates/testData/golden/testGameActivity/Template test module/src/main/java/template/test/in/MainActivity.java
tools/adt/idea/android-templates/testData/golden/testGameActivity/Template test module/src/test/java/template/test/in/ExampleUnitTest.java
tools/adt/idea/android-templates/testData/golden/testGameActivityWithKotlin/Template test module/src/androidTest/java/template/test/in/ExampleInstrumentedTest.kt
tools/adt/idea/android-templates/testData/golden/testGameActivityWithKotlin/Template test module/src/main/java/template/test/in/MainActivity.kt
tools/adt/idea/android-templates/testData/golden/testGameActivityWithKotlin/Template test module/src/test/java/template/test/in/ExampleUnitTest.kt
tools/adt/idea/android-templates/testData/golden/testGoogleAdMobAdsActivity/Template test module/src/androidTest/java/template/test/in/ExampleInstrumentedTest.java
tools/adt/idea/android-templates/testData/golden/testGoogleAdMobAdsActivity/Template test module/src/main/java/template/test/in/MainActivity.java
tools/adt/idea/android-templates/testData/golden/testGoogleAdMobAdsActivity/Template test module/src/test/java/template/test/in/ExampleUnitTest.java
tools/adt/idea/android-templates/testData/golden/testGoogleAdMobAdsActivityWithKotlin/Template test module/src/androidTest/java/template/test/in/ExampleInstrumentedTest.kt
tools/adt/idea/android-templates/testData/golden/testGoogleAdMobAdsActivityWithKotlin/Template test module/src/main/java/template/test/in/MainActivity.kt
tools/adt/idea/android-templates/testData/golden/testGoogleAdMobAdsActivityWithKotlin/Template test module/src/test/java/template/test/in/ExampleUnitTest.kt
tools/adt/idea/android-templates/testData/golden/testGoogleMapsActivity/Template test module/src/androidTest/java/template/test/in/ExampleInstrumentedTest.java
tools/adt/idea/android-templates/testData/golden/testGoogleMapsActivity/Template test module/src/main/java/template/test/in/MapsActivity.java
tools/adt/idea/android-templates/testData/golden/testGoogleMapsActivity/Template test module/src/test/java/template/test/in/ExampleUnitTest.java
tools/adt/idea/android-templates/testData/golden/testGoogleMapsActivityWithKotlin/Template test module/src/androidTest/java/template/test/in/ExampleInstrumentedTest.kt
tools/adt/idea/android-templates/testData/golden/testGoogleMapsActivityWithKotlin/Template test module/src/main/java/template/test/in/MapsActivity.kt
tools/adt/idea/android-templates/testData/golden/testGoogleMapsActivityWithKotlin/Template test module/src/test/java/template/test/in/ExampleUnitTest.kt
tools/adt/idea/android-templates/testData/golden/testGooglePayActivity/Template test module/src/androidTest/java/template/test/in/ExampleInstrumentedTest.java
tools/adt/idea/android-templates/testData/golden/testGooglePayActivity/Template test module/src/main/java/template/test/in/CheckoutActivity.java
tools/adt/idea/android-templates/testData/golden/testGooglePayActivity/Template test module/src/main/java/template/test/in/Constants.java
tools/adt/idea/android-templates/testData/golden/testGooglePayActivity/Template test module/src/main/java/template/test/in/util/PaymentsUtil.java
tools/adt/idea/android-templates/testData/golden/testGooglePayActivity/Template test module/src/main/java/template/test/in/viewmodel/CheckoutViewModel.java
tools/adt/idea/android-templates/testData/golden/testGooglePayActivity/Template test module/src/test/java/template/test/in/ExampleUnitTest.java
tools/adt/idea/android-templates/testData/golden/testGooglePayActivityWithKotlin/Template test module/src/androidTest/java/template/test/in/ExampleInstrumentedTest.kt
tools/adt/idea/android-templates/testData/golden/testGooglePayActivityWithKotlin/Template test module/src/main/java/template/test/in/CheckoutActivity.kt
tools/adt/idea/android-templates/testData/golden/testGooglePayActivityWithKotlin/Template test module/src/main/java/template/test/in/Constants.kt
tools/adt/idea/android-templates/testData/golden/testGooglePayActivityWithKotlin/Template test module/src/main/java/template/test/in/util/PaymentsUtil.kt
tools/adt/idea/android-templates/testData/golden/testGooglePayActivityWithKotlin/Template test module/src/main/java/template/test/in/viewmodel/CheckoutViewModel.kt
tools/adt/idea/android-templates/testData/golden/testGooglePayActivityWithKotlin/Template test module/src/test/java/template/test/in/ExampleUnitTest.kt
tools/adt/idea/android-templates/testData/golden/testGoogleWalletActivity/Template test module/src/androidTest/java/template/test/in/ExampleInstrumentedTest.java
tools/adt/idea/android-templates/testData/golden/testGoogleWalletActivity/Template test module/src/main/java/template/test/in/SamplePass.java
tools/adt/idea/android-templates/testData/golden/testGoogleWalletActivity/Template test module/src/main/java/template/test/in/WalletActivity.java
tools/adt/idea/android-templates/testData/golden/testGoogleWalletActivity/Template test module/src/test/java/template/test/in/ExampleUnitTest.java
tools/adt/idea/android-templates/testData/golden/testGoogleWalletActivityWithKotlin/Template test module/src/androidTest/java/template/test/in/ExampleInstrumentedTest.kt
tools/adt/idea/android-templates/testData/golden/testGoogleWalletActivityWithKotlin/Template test module/src/main/java/template/test/in/SamplePass.kt
tools/adt/idea/android-templates/testData/golden/testGoogleWalletActivityWithKotlin/Template test module/src/main/java/template/test/in/WalletActivity.kt
tools/adt/idea/android-templates/testData/golden/testGoogleWalletActivityWithKotlin/Template test module/src/test/java/template/test/in/ExampleUnitTest.kt
tools/adt/idea/android-templates/testData/golden/testJourneysFile/Template test module/src/androidTest/java/template/test/in/ExampleInstrumentedTest.java
tools/adt/idea/android-templates/testData/golden/testJourneysFile/Template test module/src/test/java/template/test/in/ExampleUnitTest.java
tools/adt/idea/android-templates/testData/golden/testLoginFragment/Template test module/src/androidTest/java/template/test/in/ExampleInstrumentedTest.java
tools/adt/idea/android-templates/testData/golden/testLoginFragment/Template test module/src/main/java/template/test/in/data/LoginDataSource.java
tools/adt/idea/android-templates/testData/golden/testLoginFragment/Template test module/src/main/java/template/test/in/data/LoginRepository.java
tools/adt/idea/android-templates/testData/golden/testLoginFragment/Template test module/src/main/java/template/test/in/data/Result.java
tools/adt/idea/android-templates/testData/golden/testLoginFragment/Template test module/src/main/java/template/test/in/data/model/LoggedInUser.java
tools/adt/idea/android-templates/testData/golden/testLoginFragment/Template test module/src/main/java/template/test/in/ui/login/LoggedInUserView.java
tools/adt/idea/android-templates/testData/golden/testLoginFragment/Template test module/src/main/java/template/test/in/ui/login/LoginFormState.java
tools/adt/idea/android-templates/testData/golden/testLoginFragment/Template test module/src/main/java/template/test/in/ui/login/LoginFragment.java
tools/adt/idea/android-templates/testData/golden/testLoginFragment/Template test module/src/main/java/template/test/in/ui/login/LoginResult.java
tools/adt/idea/android-templates/testData/golden/testLoginFragment/Template test module/src/main/java/template/test/in/ui/login/LoginViewModel.java
tools/adt/idea/android-templates/testData/golden/testLoginFragment/Template test module/src/main/java/template/test/in/ui/login/LoginViewModelFactory.java
tools/adt/idea/android-templates/testData/golden/testLoginFragment/Template test module/src/test/java/template/test/in/ExampleUnitTest.java
tools/adt/idea/android-templates/testData/golden/testLoginFragmentWithKotlin/Template test module/src/androidTest/java/template/test/in/ExampleInstrumentedTest.kt
tools/adt/idea/android-templates/testData/golden/testLoginFragmentWithKotlin/Template test module/src/main/java/template/test/in/data/LoginDataSource.kt
tools/adt/idea/android-templates/testData/golden/testLoginFragmentWithKotlin/Template test module/src/main/java/template/test/in/data/LoginRepository.kt
tools/adt/idea/android-templates/testData/golden/testLoginFragmentWithKotlin/Template test module/src/main/java/template/test/in/data/Result.kt
tools/adt/idea/android-templates/testData/golden/testLoginFragmentWithKotlin/Template test module/src/main/java/template/test/in/data/model/LoggedInUser.kt
tools/adt/idea/android-templates/testData/golden/testLoginFragmentWithKotlin/Template test module/src/main/java/template/test/in/ui/login/LoggedInUserView.kt
tools/adt/idea/android-templates/testData/golden/testLoginFragmentWithKotlin/Template test module/src/main/java/template/test/in/ui/login/LoginFormState.kt
tools/adt/idea/android-templates/testData/golden/testLoginFragmentWithKotlin/Template test module/src/main/java/template/test/in/ui/login/LoginFragment.kt
tools/adt/idea/android-templates/testData/golden/testLoginFragmentWithKotlin/Template test module/src/main/java/template/test/in/ui/login/LoginResult.kt
tools/adt/idea/android-templates/testData/golden/testLoginFragmentWithKotlin/Template test module/src/main/java/template/test/in/ui/login/LoginViewModel.kt
tools/adt/idea/android-templates/testData/golden/testLoginFragmentWithKotlin/Template test module/src/main/java/template/test/in/ui/login/LoginViewModelFactory.kt
tools/adt/idea/android-templates/testData/golden/testLoginFragmentWithKotlin/Template test module/src/test/java/template/test/in/ExampleUnitTest.kt
tools/adt/idea/android-templates/testData/golden/testNewAidlFile/Template test module/src/androidTest/java/template/test/in/ExampleInstrumentedTest.java
tools/adt/idea/android-templates/testData/golden/testNewAidlFile/Template test module/src/test/java/template/test/in/ExampleUnitTest.java
tools/adt/idea/android-templates/testData/golden/testNewAppWidget/Template test module/src/androidTest/java/template/test/in/ExampleInstrumentedTest.java
tools/adt/idea/android-templates/testData/golden/testNewAppWidget/Template test module/src/main/java/template/test/in/NewAppWidget.java
tools/adt/idea/android-templates/testData/golden/testNewAppWidget/Template test module/src/test/java/template/test/in/ExampleUnitTest.java
tools/adt/idea/android-templates/testData/golden/testNewBasicViewsActivity/Template test module/src/androidTest/java/template/test/in/ExampleInstrumentedTest.java
tools/adt/idea/android-templates/testData/golden/testNewBasicViewsActivity/Template test module/src/main/java/template/test/in/FirstFragment.java
tools/adt/idea/android-templates/testData/golden/testNewBasicViewsActivity/Template test module/src/main/java/template/test/in/MainActivity.java
tools/adt/idea/android-templates/testData/golden/testNewBasicViewsActivity/Template test module/src/main/java/template/test/in/SecondFragment.java
tools/adt/idea/android-templates/testData/golden/testNewBasicViewsActivity/Template test module/src/test/java/template/test/in/ExampleUnitTest.java
tools/adt/idea/android-templates/testData/golden/testNewBasicViewsActivityWithKotlin/Template test module/src/androidTest/java/template/test/in/ExampleInstrumentedTest.kt
tools/adt/idea/android-templates/testData/golden/testNewBasicViewsActivityWithKotlin/Template test module/src/main/java/template/test/in/FirstFragment.kt
tools/adt/idea/android-templates/testData/golden/testNewBasicViewsActivityWithKotlin/Template test module/src/main/java/template/test/in/MainActivity.kt
tools/adt/idea/android-templates/testData/golden/testNewBasicViewsActivityWithKotlin/Template test module/src/main/java/template/test/in/SecondFragment.kt
tools/adt/idea/android-templates/testData/golden/testNewBasicViewsActivityWithKotlin/Template test module/src/test/java/template/test/in/ExampleUnitTest.kt
tools/adt/idea/android-templates/testData/golden/testNewBlankFragment/Template test module/src/androidTest/java/template/test/in/ExampleInstrumentedTest.java
tools/adt/idea/android-templates/testData/golden/testNewBlankFragment/Template test module/src/main/java/template/test/in/BlankFragment.java
tools/adt/idea/android-templates/testData/golden/testNewBlankFragment/Template test module/src/test/java/template/test/in/ExampleUnitTest.java
tools/adt/idea/android-templates/testData/golden/testNewBlankFragmentWithKotlin/Template test module/src/androidTest/java/template/test/in/ExampleInstrumentedTest.kt
tools/adt/idea/android-templates/testData/golden/testNewBlankFragmentWithKotlin/Template test module/src/main/java/template/test/in/BlankFragment.kt
tools/adt/idea/android-templates/testData/golden/testNewBlankFragmentWithKotlin/Template test module/src/test/java/template/test/in/ExampleUnitTest.kt
tools/adt/idea/android-templates/testData/golden/testNewBroadcastReceiver/Template test module/src/androidTest/java/template/test/in/ExampleInstrumentedTest.java
tools/adt/idea/android-templates/testData/golden/testNewBroadcastReceiver/Template test module/src/main/java/template/test/in/MyReceiver.java
tools/adt/idea/android-templates/testData/golden/testNewBroadcastReceiver/Template test module/src/test/java/template/test/in/ExampleUnitTest.java
tools/adt/idea/android-templates/testData/golden/testNewBroadcastReceiverWithKotlin/Template test module/src/androidTest/java/template/test/in/ExampleInstrumentedTest.kt
tools/adt/idea/android-templates/testData/golden/testNewBroadcastReceiverWithKotlin/Template test module/src/main/java/template/test/in/MyReceiver.kt
tools/adt/idea/android-templates/testData/golden/testNewBroadcastReceiverWithKotlin/Template test module/src/test/java/template/test/in/ExampleUnitTest.kt
tools/adt/idea/android-templates/testData/golden/testNewComposeWearActivity/Template test module/src/main/java/template/test/in/presentation/MainActivity.kt
tools/adt/idea/android-templates/testData/golden/testNewComposeWearActivity/Template test module/src/main/java/template/test/in/presentation/theme/Theme.kt
tools/adt/idea/android-templates/testData/golden/testNewComposeWearActivityApi36/Template test module/src/main/java/template/test/in/presentation/MainActivity.kt
tools/adt/idea/android-templates/testData/golden/testNewComposeWearActivityApi36/Template test module/src/main/java/template/test/in/presentation/theme/Theme.kt
tools/adt/idea/android-templates/testData/golden/testNewComposeWearActivityWithTileAndComplication/Template test module/src/main/java/template/test/in/complication/MainComplicationService.kt
tools/adt/idea/android-templates/testData/golden/testNewComposeWearActivityWithTileAndComplication/Template test module/src/main/java/template/test/in/presentation/MainActivity.kt
tools/adt/idea/android-templates/testData/golden/testNewComposeWearActivityWithTileAndComplication/Template test module/src/main/java/template/test/in/presentation/theme/Theme.kt
tools/adt/idea/android-templates/testData/golden/testNewComposeWearActivityWithTileAndComplication/Template test module/src/main/java/template/test/in/tile/MainTileService.kt
tools/adt/idea/android-templates/testData/golden/testNewContentProvider/Template test module/src/androidTest/java/template/test/in/ExampleInstrumentedTest.java
tools/adt/idea/android-templates/testData/golden/testNewContentProvider/Template test module/src/main/java/template/test/in/MyContentProvider.java
tools/adt/idea/android-templates/testData/golden/testNewContentProvider/Template test module/src/test/java/template/test/in/ExampleUnitTest.java
tools/adt/idea/android-templates/testData/golden/testNewContentProviderWithKotlin/Template test module/src/androidTest/java/template/test/in/ExampleInstrumentedTest.kt
tools/adt/idea/android-templates/testData/golden/testNewContentProviderWithKotlin/Template test module/src/main/java/template/test/in/MyContentProvider.kt
tools/adt/idea/android-templates/testData/golden/testNewContentProviderWithKotlin/Template test module/src/test/java/template/test/in/ExampleUnitTest.kt
tools/adt/idea/android-templates/testData/golden/testNewCustomView/Template test module/src/androidTest/java/template/test/in/ExampleInstrumentedTest.java
tools/adt/idea/android-templates/testData/golden/testNewCustomView/Template test module/src/main/java/template/test/in/MyView.java
tools/adt/idea/android-templates/testData/golden/testNewCustomView/Template test module/src/test/java/template/test/in/ExampleUnitTest.java
tools/adt/idea/android-templates/testData/golden/testNewEmptyComposeForTvActivity/Template test module/src/main/java/template/test/in/MainActivity.kt
tools/adt/idea/android-templates/testData/golden/testNewEmptyComposeForTvActivity/Template test module/src/main/java/template/test/in/ui/theme/Color.kt
tools/adt/idea/android-templates/testData/golden/testNewEmptyComposeForTvActivity/Template test module/src/main/java/template/test/in/ui/theme/Theme.kt
tools/adt/idea/android-templates/testData/golden/testNewEmptyComposeForTvActivity/Template test module/src/main/java/template/test/in/ui/theme/Type.kt
tools/adt/idea/android-templates/testData/golden/testNewEmptyViewsActivity/Template test module/src/androidTest/java/template/test/in/ExampleInstrumentedTest.java
tools/adt/idea/android-templates/testData/golden/testNewEmptyViewsActivity/Template test module/src/main/java/template/test/in/MainActivity.java
tools/adt/idea/android-templates/testData/golden/testNewEmptyViewsActivity/Template test module/src/test/java/template/test/in/ExampleUnitTest.java
tools/adt/idea/android-templates/testData/golden/testNewEmptyViewsActivityKotlin/Template test module/src/androidTest/java/template/test/in/ExampleInstrumentedTest.kt
tools/adt/idea/android-templates/testData/golden/testNewEmptyViewsActivityKotlin/Template test module/src/main/java/template/test/in/MainActivity.kt
tools/adt/idea/android-templates/testData/golden/testNewEmptyViewsActivityKotlin/Template test module/src/test/java/template/test/in/ExampleUnitTest.kt
tools/adt/idea/android-templates/testData/golden/testNewEmptyViewsActivityKotlin_notInRootPackage/Template test module/src/androidTest/java/com/mycompany/myapp/subpackage/ExampleInstrumentedTest.kt
tools/adt/idea/android-templates/testData/golden/testNewEmptyViewsActivityKotlin_notInRootPackage/Template test module/src/main/java/com/mycompany/myapp/subpackage/MainActivity.kt
tools/adt/idea/android-templates/testData/golden/testNewEmptyViewsActivityKotlin_notInRootPackage/Template test module/src/test/java/com/mycompany/myapp/subpackage/ExampleUnitTest.kt
tools/adt/idea/android-templates/testData/golden/testNewEmptyViewsActivity_notInRootPackage/Template test module/src/androidTest/java/com/mycompany/myapp/subpackage/ExampleInstrumentedTest.java
tools/adt/idea/android-templates/testData/golden/testNewEmptyViewsActivity_notInRootPackage/Template test module/src/main/java/com/mycompany/myapp/subpackage/MainActivity.java
tools/adt/idea/android-templates/testData/golden/testNewEmptyViewsActivity_notInRootPackage/Template test module/src/test/java/com/mycompany/myapp/subpackage/ExampleUnitTest.java
tools/adt/idea/android-templates/testData/golden/testNewFullscreenActivity/Template test module/src/androidTest/java/template/test/in/ExampleInstrumentedTest.java
tools/adt/idea/android-templates/testData/golden/testNewFullscreenActivity/Template test module/src/main/java/template/test/in/FullscreenActivity.java
tools/adt/idea/android-templates/testData/golden/testNewFullscreenActivity/Template test module/src/test/java/template/test/in/ExampleUnitTest.java
tools/adt/idea/android-templates/testData/golden/testNewFullscreenActivityWithKotlin/Template test module/src/androidTest/java/template/test/in/ExampleInstrumentedTest.kt
tools/adt/idea/android-templates/testData/golden/testNewFullscreenActivityWithKotlin/Template test module/src/main/java/template/test/in/FullscreenActivity.kt
tools/adt/idea/android-templates/testData/golden/testNewFullscreenActivityWithKotlin/Template test module/src/test/java/template/test/in/ExampleUnitTest.kt
tools/adt/idea/android-templates/testData/golden/testNewFullscreenActivityWithKotlin_activityNotInRootPackage/Template test module/src/androidTest/java/com/mycompany/myapp/subpackage/ExampleInstrumentedTest.kt
tools/adt/idea/android-templates/testData/golden/testNewFullscreenActivityWithKotlin_activityNotInRootPackage/Template test module/src/main/java/com/mycompany/myapp/subpackage/FullscreenActivity.kt
tools/adt/idea/android-templates/testData/golden/testNewFullscreenActivityWithKotlin_activityNotInRootPackage/Template test module/src/test/java/com/mycompany/myapp/subpackage/ExampleUnitTest.kt
tools/adt/idea/android-templates/testData/golden/testNewFullscreenActivity_activityNotInRootPackage/Template test module/src/androidTest/java/com/mycompany/myapp/subpackage/ExampleInstrumentedTest.java
tools/adt/idea/android-templates/testData/golden/testNewFullscreenActivity_activityNotInRootPackage/Template test module/src/main/java/com/mycompany/myapp/subpackage/FullscreenActivity.java
tools/adt/idea/android-templates/testData/golden/testNewFullscreenActivity_activityNotInRootPackage/Template test module/src/test/java/com/mycompany/myapp/subpackage/ExampleUnitTest.java
tools/adt/idea/android-templates/testData/golden/testNewFullscreenFragment/Template test module/src/androidTest/java/template/test/in/ExampleInstrumentedTest.java
tools/adt/idea/android-templates/testData/golden/testNewFullscreenFragment/Template test module/src/main/java/template/test/in/FullscreenFragment.java
tools/adt/idea/android-templates/testData/golden/testNewFullscreenFragment/Template test module/src/test/java/template/test/in/ExampleUnitTest.java
tools/adt/idea/android-templates/testData/golden/testNewFullscreenFragmentWithKotlin/Template test module/src/androidTest/java/template/test/in/ExampleInstrumentedTest.kt
tools/adt/idea/android-templates/testData/golden/testNewFullscreenFragmentWithKotlin/Template test module/src/main/java/template/test/in/FullscreenFragment.kt
tools/adt/idea/android-templates/testData/golden/testNewFullscreenFragmentWithKotlin/Template test module/src/test/java/template/test/in/ExampleUnitTest.kt
tools/adt/idea/android-templates/testData/golden/testNewGoogleAdMobFragment/Template test module/src/androidTest/java/template/test/in/ExampleInstrumentedTest.java
tools/adt/idea/android-templates/testData/golden/testNewGoogleAdMobFragment/Template test module/src/main/java/template/test/in/AdMobFragment.java
tools/adt/idea/android-templates/testData/golden/testNewGoogleAdMobFragment/Template test module/src/test/java/template/test/in/ExampleUnitTest.java
tools/adt/idea/android-templates/testData/golden/testNewGoogleAdMobFragmentWithKotlin/Template test module/src/androidTest/java/template/test/in/ExampleInstrumentedTest.kt
tools/adt/idea/android-templates/testData/golden/testNewGoogleAdMobFragmentWithKotlin/Template test module/src/main/java/template/test/in/AdMobFragment.kt
tools/adt/idea/android-templates/testData/golden/testNewGoogleAdMobFragmentWithKotlin/Template test module/src/test/java/template/test/in/ExampleUnitTest.kt
tools/adt/idea/android-templates/testData/golden/testNewGoogleMapsFragment/Template test module/src/androidTest/java/template/test/in/ExampleInstrumentedTest.java
tools/adt/idea/android-templates/testData/golden/testNewGoogleMapsFragment/Template test module/src/main/java/template/test/in/MapsFragment.java
tools/adt/idea/android-templates/testData/golden/testNewGoogleMapsFragment/Template test module/src/test/java/template/test/in/ExampleUnitTest.java
tools/adt/idea/android-templates/testData/golden/testNewGoogleMapsFragmentWithKotlin/Template test module/src/androidTest/java/template/test/in/ExampleInstrumentedTest.kt
tools/adt/idea/android-templates/testData/golden/testNewGoogleMapsFragmentWithKotlin/Template test module/src/main/java/template/test/in/MapsFragment.kt
tools/adt/idea/android-templates/testData/golden/testNewGoogleMapsFragmentWithKotlin/Template test module/src/test/java/template/test/in/ExampleUnitTest.kt
tools/adt/idea/android-templates/testData/golden/testNewIntentService/Template test module/src/androidTest/java/template/test/in/ExampleInstrumentedTest.java
tools/adt/idea/android-templates/testData/golden/testNewIntentService/Template test module/src/main/java/template/test/in/MyIntentService.java
tools/adt/idea/android-templates/testData/golden/testNewIntentService/Template test module/src/test/java/template/test/in/ExampleUnitTest.java
tools/adt/idea/android-templates/testData/golden/testNewIntentServiceWithKotlin/Template test module/src/androidTest/java/template/test/in/ExampleInstrumentedTest.kt
tools/adt/idea/android-templates/testData/golden/testNewIntentServiceWithKotlin/Template test module/src/main/java/template/test/in/MyIntentService.kt
tools/adt/idea/android-templates/testData/golden/testNewIntentServiceWithKotlin/Template test module/src/test/java/template/test/in/ExampleUnitTest.kt
tools/adt/idea/android-templates/testData/golden/testNewLayoutXmlFile/Template test module/src/androidTest/java/template/test/in/ExampleInstrumentedTest.java
tools/adt/idea/android-templates/testData/golden/testNewLayoutXmlFile/Template test module/src/test/java/template/test/in/ExampleUnitTest.java
tools/adt/idea/android-templates/testData/golden/testNewListFragment/Template test module/src/androidTest/java/template/test/in/ExampleInstrumentedTest.java
tools/adt/idea/android-templates/testData/golden/testNewListFragment/Template test module/src/main/java/template/test/in/ItemFragment.java
tools/adt/idea/android-templates/testData/golden/testNewListFragment/Template test module/src/main/java/template/test/in/MyItemRecyclerViewAdapter.java
tools/adt/idea/android-templates/testData/golden/testNewListFragment/Template test module/src/main/java/template/test/in/placeholder/PlaceholderContent.java
tools/adt/idea/android-templates/testData/golden/testNewListFragment/Template test module/src/test/java/template/test/in/ExampleUnitTest.java
tools/adt/idea/android-templates/testData/golden/testNewListFragmentWithKotlin/Template test module/src/androidTest/java/template/test/in/ExampleInstrumentedTest.kt
tools/adt/idea/android-templates/testData/golden/testNewListFragmentWithKotlin/Template test module/src/main/java/template/test/in/ItemFragment.kt
tools/adt/idea/android-templates/testData/golden/testNewListFragmentWithKotlin/Template test module/src/main/java/template/test/in/MyItemRecyclerViewAdapter.kt
tools/adt/idea/android-templates/testData/golden/testNewListFragmentWithKotlin/Template test module/src/main/java/template/test/in/placeholder/PlaceholderContent.kt
tools/adt/idea/android-templates/testData/golden/testNewListFragmentWithKotlin/Template test module/src/test/java/template/test/in/ExampleUnitTest.kt
tools/adt/idea/android-templates/testData/golden/testNewLoginActivity/Template test module/src/androidTest/java/template/test/in/ExampleInstrumentedTest.java
tools/adt/idea/android-templates/testData/golden/testNewLoginActivity/Template test module/src/main/java/template/test/in/data/LoginDataSource.java
tools/adt/idea/android-templates/testData/golden/testNewLoginActivity/Template test module/src/main/java/template/test/in/data/LoginRepository.java
tools/adt/idea/android-templates/testData/golden/testNewLoginActivity/Template test module/src/main/java/template/test/in/data/Result.java
tools/adt/idea/android-templates/testData/golden/testNewLoginActivity/Template test module/src/main/java/template/test/in/data/model/LoggedInUser.java
tools/adt/idea/android-templates/testData/golden/testNewLoginActivity/Template test module/src/main/java/template/test/in/ui/login/LoggedInUserView.java
tools/adt/idea/android-templates/testData/golden/testNewLoginActivity/Template test module/src/main/java/template/test/in/ui/login/LoginActivity.java
tools/adt/idea/android-templates/testData/golden/testNewLoginActivity/Template test module/src/main/java/template/test/in/ui/login/LoginFormState.java
tools/adt/idea/android-templates/testData/golden/testNewLoginActivity/Template test module/src/main/java/template/test/in/ui/login/LoginResult.java
tools/adt/idea/android-templates/testData/golden/testNewLoginActivity/Template test module/src/main/java/template/test/in/ui/login/LoginViewModel.java
tools/adt/idea/android-templates/testData/golden/testNewLoginActivity/Template test module/src/main/java/template/test/in/ui/login/LoginViewModelFactory.java
tools/adt/idea/android-templates/testData/golden/testNewLoginActivity/Template test module/src/test/java/template/test/in/ExampleUnitTest.java
tools/adt/idea/android-templates/testData/golden/testNewLoginActivityWithKotlin/Template test module/src/androidTest/java/template/test/in/ExampleInstrumentedTest.kt
tools/adt/idea/android-templates/testData/golden/testNewLoginActivityWithKotlin/Template test module/src/main/java/template/test/in/data/LoginDataSource.kt
tools/adt/idea/android-templates/testData/golden/testNewLoginActivityWithKotlin/Template test module/src/main/java/template/test/in/data/LoginRepository.kt
tools/adt/idea/android-templates/testData/golden/testNewLoginActivityWithKotlin/Template test module/src/main/java/template/test/in/data/Result.kt
tools/adt/idea/android-templates/testData/golden/testNewLoginActivityWithKotlin/Template test module/src/main/java/template/test/in/data/model/LoggedInUser.kt
tools/adt/idea/android-templates/testData/golden/testNewLoginActivityWithKotlin/Template test module/src/main/java/template/test/in/ui/login/LoggedInUserView.kt
tools/adt/idea/android-templates/testData/golden/testNewLoginActivityWithKotlin/Template test module/src/main/java/template/test/in/ui/login/LoginActivity.kt
tools/adt/idea/android-templates/testData/golden/testNewLoginActivityWithKotlin/Template test module/src/main/java/template/test/in/ui/login/LoginFormState.kt
tools/adt/idea/android-templates/testData/golden/testNewLoginActivityWithKotlin/Template test module/src/main/java/template/test/in/ui/login/LoginResult.kt
tools/adt/idea/android-templates/testData/golden/testNewLoginActivityWithKotlin/Template test module/src/main/java/template/test/in/ui/login/LoginViewModel.kt
tools/adt/idea/android-templates/testData/golden/testNewLoginActivityWithKotlin/Template test module/src/main/java/template/test/in/ui/login/LoginViewModelFactory.kt
tools/adt/idea/android-templates/testData/golden/testNewLoginActivityWithKotlin/Template test module/src/test/java/template/test/in/ExampleUnitTest.kt
tools/adt/idea/android-templates/testData/golden/testNewModalBottomSheet/Template test module/src/androidTest/java/template/test/in/ExampleInstrumentedTest.java
tools/adt/idea/android-templates/testData/golden/testNewModalBottomSheet/Template test module/src/main/java/template/test/in/ItemListDialogFragment.java
tools/adt/idea/android-templates/testData/golden/testNewModalBottomSheet/Template test module/src/test/java/template/test/in/ExampleUnitTest.java
tools/adt/idea/android-templates/testData/golden/testNewModalBottomSheetWithKotlin/Template test module/src/androidTest/java/template/test/in/ExampleInstrumentedTest.kt
tools/adt/idea/android-templates/testData/golden/testNewModalBottomSheetWithKotlin/Template test module/src/main/java/template/test/in/ItemListDialogFragment.kt
tools/adt/idea/android-templates/testData/golden/testNewModalBottomSheetWithKotlin/Template test module/src/test/java/template/test/in/ExampleUnitTest.kt
tools/adt/idea/android-templates/testData/golden/testNewNativeCppActivity/Template test module/src/androidTest/java/template/test/in/ExampleInstrumentedTest.java
tools/adt/idea/android-templates/testData/golden/testNewNativeCppActivity/Template test module/src/main/java/template/test/in/MainActivity.java
tools/adt/idea/android-templates/testData/golden/testNewNativeCppActivity/Template test module/src/test/java/template/test/in/ExampleUnitTest.java
tools/adt/idea/android-templates/testData/golden/testNewNativeCppActivityWithKotlin/Template test module/src/androidTest/java/template/test/in/ExampleInstrumentedTest.kt
tools/adt/idea/android-templates/testData/golden/testNewNativeCppActivityWithKotlin/Template test module/src/main/java/template/test/in/MainActivity.kt
tools/adt/idea/android-templates/testData/golden/testNewNativeCppActivityWithKotlin/Template test module/src/test/java/template/test/in/ExampleUnitTest.kt
tools/adt/idea/android-templates/testData/golden/testNewNavigationDrawerActivity/Template test module/src/androidTest/java/template/test/in/ExampleInstrumentedTest.java
tools/adt/idea/android-templates/testData/golden/testNewNavigationDrawerActivity/Template test module/src/main/java/template/test/in/MainActivity.java
tools/adt/idea/android-templates/testData/golden/testNewNavigationDrawerActivity/Template test module/src/main/java/template/test/in/ui/gallery/GalleryFragment.java
tools/adt/idea/android-templates/testData/golden/testNewNavigationDrawerActivity/Template test module/src/main/java/template/test/in/ui/gallery/GalleryViewModel.java
tools/adt/idea/android-templates/testData/golden/testNewNavigationDrawerActivity/Template test module/src/main/java/template/test/in/ui/home/HomeFragment.java
tools/adt/idea/android-templates/testData/golden/testNewNavigationDrawerActivity/Template test module/src/main/java/template/test/in/ui/home/HomeViewModel.java
tools/adt/idea/android-templates/testData/golden/testNewNavigationDrawerActivity/Template test module/src/main/java/template/test/in/ui/slideshow/SlideshowFragment.java
tools/adt/idea/android-templates/testData/golden/testNewNavigationDrawerActivity/Template test module/src/main/java/template/test/in/ui/slideshow/SlideshowViewModel.java
tools/adt/idea/android-templates/testData/golden/testNewNavigationDrawerActivity/Template test module/src/test/java/template/test/in/ExampleUnitTest.java
tools/adt/idea/android-templates/testData/golden/testNewNavigationDrawerActivityWithKotlin/Template test module/src/androidTest/java/template/test/in/ExampleInstrumentedTest.kt
tools/adt/idea/android-templates/testData/golden/testNewNavigationDrawerActivityWithKotlin/Template test module/src/main/java/template/test/in/MainActivity.kt
tools/adt/idea/android-templates/testData/golden/testNewNavigationDrawerActivityWithKotlin/Template test module/src/main/java/template/test/in/ui/gallery/GalleryFragment.kt
tools/adt/idea/android-templates/testData/golden/testNewNavigationDrawerActivityWithKotlin/Template test module/src/main/java/template/test/in/ui/gallery/GalleryViewModel.kt
tools/adt/idea/android-templates/testData/golden/testNewNavigationDrawerActivityWithKotlin/Template test module/src/main/java/template/test/in/ui/home/HomeFragment.kt
tools/adt/idea/android-templates/testData/golden/testNewNavigationDrawerActivityWithKotlin/Template test module/src/main/java/template/test/in/ui/home/HomeViewModel.kt
tools/adt/idea/android-templates/testData/golden/testNewNavigationDrawerActivityWithKotlin/Template test module/src/main/java/template/test/in/ui/slideshow/SlideshowFragment.kt
tools/adt/idea/android-templates/testData/golden/testNewNavigationDrawerActivityWithKotlin/Template test module/src/main/java/template/test/in/ui/slideshow/SlideshowViewModel.kt
tools/adt/idea/android-templates/testData/golden/testNewNavigationDrawerActivityWithKotlin/Template test module/src/test/java/template/test/in/ExampleUnitTest.kt
tools/adt/idea/android-templates/testData/golden/testNewPrimaryDetailFlow/Template test module/src/androidTest/java/template/test/in/ExampleInstrumentedTest.java
tools/adt/idea/android-templates/testData/golden/testNewPrimaryDetailFlow/Template test module/src/main/java/template/test/in/ItemDetailFragment.java
tools/adt/idea/android-templates/testData/golden/testNewPrimaryDetailFlow/Template test module/src/main/java/template/test/in/ItemDetailHostActivity.java
tools/adt/idea/android-templates/testData/golden/testNewPrimaryDetailFlow/Template test module/src/main/java/template/test/in/ItemListFragment.java
tools/adt/idea/android-templates/testData/golden/testNewPrimaryDetailFlow/Template test module/src/main/java/template/test/in/placeholder/PlaceholderContent.java
tools/adt/idea/android-templates/testData/golden/testNewPrimaryDetailFlow/Template test module/src/test/java/template/test/in/ExampleUnitTest.java
tools/adt/idea/android-templates/testData/golden/testNewPrimaryDetailFlowWithKotlin/Template test module/src/androidTest/java/template/test/in/ExampleInstrumentedTest.kt
tools/adt/idea/android-templates/testData/golden/testNewPrimaryDetailFlowWithKotlin/Template test module/src/main/java/template/test/in/ItemDetailFragment.kt
tools/adt/idea/android-templates/testData/golden/testNewPrimaryDetailFlowWithKotlin/Template test module/src/main/java/template/test/in/ItemDetailHostActivity.kt
tools/adt/idea/android-templates/testData/golden/testNewPrimaryDetailFlowWithKotlin/Template test module/src/main/java/template/test/in/ItemListFragment.kt
tools/adt/idea/android-templates/testData/golden/testNewPrimaryDetailFlowWithKotlin/Template test module/src/main/java/template/test/in/placeholder/PlaceholderContent.kt
tools/adt/idea/android-templates/testData/golden/testNewPrimaryDetailFlowWithKotlin/Template test module/src/test/java/template/test/in/ExampleUnitTest.kt
tools/adt/idea/android-templates/testData/golden/testNewScrollingActivity/Template test module/src/androidTest/java/template/test/in/ExampleInstrumentedTest.java
tools/adt/idea/android-templates/testData/golden/testNewScrollingActivity/Template test module/src/main/java/template/test/in/ScrollingActivity.java
tools/adt/idea/android-templates/testData/golden/testNewScrollingActivity/Template test module/src/test/java/template/test/in/ExampleUnitTest.java
tools/adt/idea/android-templates/testData/golden/testNewScrollingActivityWithKotlin/Template test module/src/androidTest/java/template/test/in/ExampleInstrumentedTest.kt
tools/adt/idea/android-templates/testData/golden/testNewScrollingActivityWithKotlin/Template test module/src/main/java/template/test/in/ScrollingActivity.kt
tools/adt/idea/android-templates/testData/golden/testNewScrollingActivityWithKotlin/Template test module/src/test/java/template/test/in/ExampleUnitTest.kt
tools/adt/idea/android-templates/testData/golden/testNewScrollingFragment/Template test module/src/androidTest/java/template/test/in/ExampleInstrumentedTest.java
tools/adt/idea/android-templates/testData/golden/testNewScrollingFragment/Template test module/src/main/java/template/test/in/ScrollingFragment.java
tools/adt/idea/android-templates/testData/golden/testNewScrollingFragment/Template test module/src/test/java/template/test/in/ExampleUnitTest.java
tools/adt/idea/android-templates/testData/golden/testNewScrollingFragmentWithKotlin/Template test module/src/androidTest/java/template/test/in/ExampleInstrumentedTest.kt
tools/adt/idea/android-templates/testData/golden/testNewScrollingFragmentWithKotlin/Template test module/src/main/java/template/test/in/ScrollingFragment.kt
tools/adt/idea/android-templates/testData/golden/testNewScrollingFragmentWithKotlin/Template test module/src/test/java/template/test/in/ExampleUnitTest.kt
tools/adt/idea/android-templates/testData/golden/testNewService/Template test module/src/androidTest/java/template/test/in/ExampleInstrumentedTest.java
tools/adt/idea/android-templates/testData/golden/testNewService/Template test module/src/main/java/template/test/in/MyService.java
tools/adt/idea/android-templates/testData/golden/testNewService/Template test module/src/test/java/template/test/in/ExampleUnitTest.java
tools/adt/idea/android-templates/testData/golden/testNewServiceWithKotlin/Template test module/src/androidTest/java/template/test/in/ExampleInstrumentedTest.kt
tools/adt/idea/android-templates/testData/golden/testNewServiceWithKotlin/Template test module/src/main/java/template/test/in/MyService.kt
tools/adt/idea/android-templates/testData/golden/testNewServiceWithKotlin/Template test module/src/test/java/template/test/in/ExampleUnitTest.kt
tools/adt/idea/android-templates/testData/golden/testNewSettingsActivity/Template test module/src/androidTest/java/template/test/in/ExampleInstrumentedTest.java
tools/adt/idea/android-templates/testData/golden/testNewSettingsActivity/Template test module/src/main/java/template/test/in/SettingsActivity.java
tools/adt/idea/android-templates/testData/golden/testNewSettingsActivity/Template test module/src/test/java/template/test/in/ExampleUnitTest.java
tools/adt/idea/android-templates/testData/golden/testNewSettingsActivityMultipleScreens/Template test module/src/androidTest/java/template/test/in/ExampleInstrumentedTest.java
tools/adt/idea/android-templates/testData/golden/testNewSettingsActivityMultipleScreens/Template test module/src/main/java/template/test/in/SettingsActivity.java
tools/adt/idea/android-templates/testData/golden/testNewSettingsActivityMultipleScreens/Template test module/src/test/java/template/test/in/ExampleUnitTest.java
tools/adt/idea/android-templates/testData/golden/testNewSettingsActivityWithKotlin/Template test module/src/androidTest/java/template/test/in/ExampleInstrumentedTest.kt
tools/adt/idea/android-templates/testData/golden/testNewSettingsActivityWithKotlin/Template test module/src/main/java/template/test/in/SettingsActivity.kt
tools/adt/idea/android-templates/testData/golden/testNewSettingsActivityWithKotlin/Template test module/src/test/java/template/test/in/ExampleUnitTest.kt
tools/adt/idea/android-templates/testData/golden/testNewSettingsActivityWithKotlinMultipleScreens/Template test module/src/androidTest/java/template/test/in/ExampleInstrumentedTest.kt
tools/adt/idea/android-templates/testData/golden/testNewSettingsActivityWithKotlinMultipleScreens/Template test module/src/main/java/template/test/in/SettingsActivity.kt
tools/adt/idea/android-templates/testData/golden/testNewSettingsActivityWithKotlinMultipleScreens/Template test module/src/test/java/template/test/in/ExampleUnitTest.kt
tools/adt/idea/android-templates/testData/golden/testNewSettingsFragment/Template test module/src/androidTest/java/template/test/in/ExampleInstrumentedTest.java
tools/adt/idea/android-templates/testData/golden/testNewSettingsFragment/Template test module/src/main/java/template/test/in/SettingsFragment.java
tools/adt/idea/android-templates/testData/golden/testNewSettingsFragment/Template test module/src/test/java/template/test/in/ExampleUnitTest.java
tools/adt/idea/android-templates/testData/golden/testNewSettingsFragmentWithKotlin/Template test module/src/androidTest/java/template/test/in/ExampleInstrumentedTest.kt
tools/adt/idea/android-templates/testData/golden/testNewSettingsFragmentWithKotlin/Template test module/src/main/java/template/test/in/SettingsFragment.kt
tools/adt/idea/android-templates/testData/golden/testNewSettingsFragmentWithKotlin/Template test module/src/test/java/template/test/in/ExampleUnitTest.kt
tools/adt/idea/android-templates/testData/golden/testNewShortcutsXmlFile/Template test module/src/androidTest/java/template/test/in/ExampleInstrumentedTest.java
tools/adt/idea/android-templates/testData/golden/testNewShortcutsXmlFile/Template test module/src/test/java/template/test/in/ExampleUnitTest.java
tools/adt/idea/android-templates/testData/golden/testNewSliceProvider/Template test module/src/androidTest/java/template/test/in/ExampleInstrumentedTest.java
tools/adt/idea/android-templates/testData/golden/testNewSliceProvider/Template test module/src/main/java/template/test/in/MySliceProvider.java
tools/adt/idea/android-templates/testData/golden/testNewSliceProvider/Template test module/src/test/java/template/test/in/ExampleUnitTest.java
tools/adt/idea/android-templates/testData/golden/testNewSliceProviderWithKotlin/Template test module/src/androidTest/java/template/test/in/ExampleInstrumentedTest.kt
tools/adt/idea/android-templates/testData/golden/testNewSliceProviderWithKotlin/Template test module/src/main/java/template/test/in/MySliceProvider.kt
tools/adt/idea/android-templates/testData/golden/testNewSliceProviderWithKotlin/Template test module/src/test/java/template/test/in/ExampleUnitTest.kt
tools/adt/idea/android-templates/testData/golden/testNewTabbedActivity/Template test module/src/androidTest/java/template/test/in/ExampleInstrumentedTest.java
tools/adt/idea/android-templates/testData/golden/testNewTabbedActivity/Template test module/src/main/java/template/test/in/MainActivity.java
tools/adt/idea/android-templates/testData/golden/testNewTabbedActivity/Template test module/src/main/java/template/test/in/ui/main/PageViewModel.java
tools/adt/idea/android-templates/testData/golden/testNewTabbedActivity/Template test module/src/main/java/template/test/in/ui/main/PlaceholderFragment.java
tools/adt/idea/android-templates/testData/golden/testNewTabbedActivity/Template test module/src/main/java/template/test/in/ui/main/SectionsPagerAdapter.java
tools/adt/idea/android-templates/testData/golden/testNewTabbedActivity/Template test module/src/test/java/template/test/in/ExampleUnitTest.java
tools/adt/idea/android-templates/testData/golden/testNewTabbedActivityWithKotlin/Template test module/src/androidTest/java/template/test/in/ExampleInstrumentedTest.kt
tools/adt/idea/android-templates/testData/golden/testNewTabbedActivityWithKotlin/Template test module/src/main/java/template/test/in/MainActivity.kt
tools/adt/idea/android-templates/testData/golden/testNewTabbedActivityWithKotlin/Template test module/src/main/java/template/test/in/ui/main/PageViewModel.kt
tools/adt/idea/android-templates/testData/golden/testNewTabbedActivityWithKotlin/Template test module/src/main/java/template/test/in/ui/main/PlaceholderFragment.kt
tools/adt/idea/android-templates/testData/golden/testNewTabbedActivityWithKotlin/Template test module/src/main/java/template/test/in/ui/main/SectionsPagerAdapter.kt
tools/adt/idea/android-templates/testData/golden/testNewTabbedActivityWithKotlin/Template test module/src/test/java/template/test/in/ExampleUnitTest.kt
tools/adt/idea/android-templates/testData/golden/testNewTvActivity/Template test module/src/main/java/template/test/in/BrowseErrorActivity.java
tools/adt/idea/android-templates/testData/golden/testNewTvActivity/Template test module/src/main/java/template/test/in/CardPresenter.java
tools/adt/idea/android-templates/testData/golden/testNewTvActivity/Template test module/src/main/java/template/test/in/DetailsActivity.java
tools/adt/idea/android-templates/testData/golden/testNewTvActivity/Template test module/src/main/java/template/test/in/DetailsDescriptionPresenter.java
tools/adt/idea/android-templates/testData/golden/testNewTvActivity/Template test module/src/main/java/template/test/in/ErrorFragment.java
tools/adt/idea/android-templates/testData/golden/testNewTvActivity/Template test module/src/main/java/template/test/in/MainActivity.java
tools/adt/idea/android-templates/testData/golden/testNewTvActivity/Template test module/src/main/java/template/test/in/MainFragment.java
tools/adt/idea/android-templates/testData/golden/testNewTvActivity/Template test module/src/main/java/template/test/in/Movie.java
tools/adt/idea/android-templates/testData/golden/testNewTvActivity/Template test module/src/main/java/template/test/in/MovieList.java
tools/adt/idea/android-templates/testData/golden/testNewTvActivity/Template test module/src/main/java/template/test/in/PlaybackActivity.java
tools/adt/idea/android-templates/testData/golden/testNewTvActivity/Template test module/src/main/java/template/test/in/PlaybackVideoFragment.java
tools/adt/idea/android-templates/testData/golden/testNewTvActivity/Template test module/src/main/java/template/test/in/VideoDetailsFragment.java
tools/adt/idea/android-templates/testData/golden/testNewTvActivityWithKotlin/Template test module/src/main/java/template/test/in/BrowseErrorActivity.kt
tools/adt/idea/android-templates/testData/golden/testNewTvActivityWithKotlin/Template test module/src/main/java/template/test/in/CardPresenter.kt
tools/adt/idea/android-templates/testData/golden/testNewTvActivityWithKotlin/Template test module/src/main/java/template/test/in/DetailsActivity.kt
tools/adt/idea/android-templates/testData/golden/testNewTvActivityWithKotlin/Template test module/src/main/java/template/test/in/DetailsDescriptionPresenter.kt
tools/adt/idea/android-templates/testData/golden/testNewTvActivityWithKotlin/Template test module/src/main/java/template/test/in/ErrorFragment.kt
tools/adt/idea/android-templates/testData/golden/testNewTvActivityWithKotlin/Template test module/src/main/java/template/test/in/MainActivity.kt
tools/adt/idea/android-templates/testData/golden/testNewTvActivityWithKotlin/Template test module/src/main/java/template/test/in/MainFragment.kt
tools/adt/idea/android-templates/testData/golden/testNewTvActivityWithKotlin/Template test module/src/main/java/template/test/in/Movie.kt
tools/adt/idea/android-templates/testData/golden/testNewTvActivityWithKotlin/Template test module/src/main/java/template/test/in/MovieList.kt
tools/adt/idea/android-templates/testData/golden/testNewTvActivityWithKotlin/Template test module/src/main/java/template/test/in/PlaybackActivity.kt
tools/adt/idea/android-templates/testData/golden/testNewTvActivityWithKotlin/Template test module/src/main/java/template/test/in/PlaybackVideoFragment.kt
tools/adt/idea/android-templates/testData/golden/testNewTvActivityWithKotlin/Template test module/src/main/java/template/test/in/VideoDetailsFragment.kt
tools/adt/idea/android-templates/testData/golden/testNewValuesXmlFile/Template test module/src/androidTest/java/template/test/in/ExampleInstrumentedTest.java
tools/adt/idea/android-templates/testData/golden/testNewValuesXmlFile/Template test module/src/test/java/template/test/in/ExampleUnitTest.java
tools/adt/idea/android-templates/testData/golden/testNewViewModelActivity/Template test module/src/androidTest/java/template/test/in/ExampleInstrumentedTest.java
tools/adt/idea/android-templates/testData/golden/testNewViewModelActivity/Template test module/src/main/java/template/test/in/MainActivity.java
tools/adt/idea/android-templates/testData/golden/testNewViewModelActivity/Template test module/src/main/java/template/test/in/ui/main/MainFragment.java
tools/adt/idea/android-templates/testData/golden/testNewViewModelActivity/Template test module/src/main/java/template/test/in/ui/main/MainViewModel.java
tools/adt/idea/android-templates/testData/golden/testNewViewModelActivity/Template test module/src/test/java/template/test/in/ExampleUnitTest.java
tools/adt/idea/android-templates/testData/golden/testNewViewModelActivityWithKotlin/Template test module/src/androidTest/java/template/test/in/ExampleInstrumentedTest.kt
tools/adt/idea/android-templates/testData/golden/testNewViewModelActivityWithKotlin/Template test module/src/main/java/template/test/in/MainActivity.kt
tools/adt/idea/android-templates/testData/golden/testNewViewModelActivityWithKotlin/Template test module/src/main/java/template/test/in/ui/main/MainFragment.kt
tools/adt/idea/android-templates/testData/golden/testNewViewModelActivityWithKotlin/Template test module/src/main/java/template/test/in/ui/main/MainViewModel.kt
tools/adt/idea/android-templates/testData/golden/testNewViewModelActivityWithKotlin/Template test module/src/test/java/template/test/in/ExampleUnitTest.kt
tools/adt/idea/android-templates/testData/golden/testNewViewModelFragment/Template test module/src/androidTest/java/template/test/in/ExampleInstrumentedTest.java
tools/adt/idea/android-templates/testData/golden/testNewViewModelFragment/Template test module/src/main/java/template/test/in/BlankFragment.java
tools/adt/idea/android-templates/testData/golden/testNewViewModelFragment/Template test module/src/main/java/template/test/in/BlankViewModel.java
tools/adt/idea/android-templates/testData/golden/testNewViewModelFragment/Template test module/src/test/java/template/test/in/ExampleUnitTest.java
tools/adt/idea/android-templates/testData/golden/testNewViewModelFragmentWithKotlin/Template test module/src/androidTest/java/template/test/in/ExampleInstrumentedTest.kt
tools/adt/idea/android-templates/testData/golden/testNewViewModelFragmentWithKotlin/Template test module/src/main/java/template/test/in/BlankFragment.kt
tools/adt/idea/android-templates/testData/golden/testNewViewModelFragmentWithKotlin/Template test module/src/main/java/template/test/in/BlankViewModel.kt
tools/adt/idea/android-templates/testData/golden/testNewViewModelFragmentWithKotlin/Template test module/src/test/java/template/test/in/ExampleUnitTest.kt
tools/adt/idea/android-templates/testData/golden/testResponsiveActivity/Template test module/src/androidTest/java/template/test/in/ExampleInstrumentedTest.java
tools/adt/idea/android-templates/testData/golden/testResponsiveActivity/Template test module/src/main/java/template/test/in/MainActivity.java
tools/adt/idea/android-templates/testData/golden/testResponsiveActivity/Template test module/src/main/java/template/test/in/ui/reflow/ReflowFragment.java
tools/adt/idea/android-templates/testData/golden/testResponsiveActivity/Template test module/src/main/java/template/test/in/ui/reflow/ReflowViewModel.java
tools/adt/idea/android-templates/testData/golden/testResponsiveActivity/Template test module/src/main/java/template/test/in/ui/settings/SettingsFragment.java
tools/adt/idea/android-templates/testData/golden/testResponsiveActivity/Template test module/src/main/java/template/test/in/ui/settings/SettingsViewModel.java
tools/adt/idea/android-templates/testData/golden/testResponsiveActivity/Template test module/src/main/java/template/test/in/ui/slideshow/SlideshowFragment.java
tools/adt/idea/android-templates/testData/golden/testResponsiveActivity/Template test module/src/main/java/template/test/in/ui/slideshow/SlideshowViewModel.java
tools/adt/idea/android-templates/testData/golden/testResponsiveActivity/Template test module/src/main/java/template/test/in/ui/transform/TransformFragment.java
tools/adt/idea/android-templates/testData/golden/testResponsiveActivity/Template test module/src/main/java/template/test/in/ui/transform/TransformViewModel.java
tools/adt/idea/android-templates/testData/golden/testResponsiveActivity/Template test module/src/test/java/template/test/in/ExampleUnitTest.java
tools/adt/idea/android-templates/testData/golden/testResponsiveActivityWithKotlin/Template test module/src/androidTest/java/template/test/in/ExampleInstrumentedTest.kt
tools/adt/idea/android-templates/testData/golden/testResponsiveActivityWithKotlin/Template test module/src/main/java/template/test/in/MainActivity.kt
tools/adt/idea/android-templates/testData/golden/testResponsiveActivityWithKotlin/Template test module/src/main/java/template/test/in/ui/reflow/ReflowFragment.kt
tools/adt/idea/android-templates/testData/golden/testResponsiveActivityWithKotlin/Template test module/src/main/java/template/test/in/ui/reflow/ReflowViewModel.kt
tools/adt/idea/android-templates/testData/golden/testResponsiveActivityWithKotlin/Template test module/src/main/java/template/test/in/ui/settings/SettingsFragment.kt
tools/adt/idea/android-templates/testData/golden/testResponsiveActivityWithKotlin/Template test module/src/main/java/template/test/in/ui/settings/SettingsViewModel.kt
tools/adt/idea/android-templates/testData/golden/testResponsiveActivityWithKotlin/Template test module/src/main/java/template/test/in/ui/slideshow/SlideshowFragment.kt
tools/adt/idea/android-templates/testData/golden/testResponsiveActivityWithKotlin/Template test module/src/main/java/template/test/in/ui/slideshow/SlideshowViewModel.kt
tools/adt/idea/android-templates/testData/golden/testResponsiveActivityWithKotlin/Template test module/src/main/java/template/test/in/ui/transform/TransformFragment.kt
tools/adt/idea/android-templates/testData/golden/testResponsiveActivityWithKotlin/Template test module/src/main/java/template/test/in/ui/transform/TransformViewModel.kt
tools/adt/idea/android-templates/testData/golden/testResponsiveActivityWithKotlin/Template test module/src/test/java/template/test/in/ExampleUnitTest.kt
tools/adt/idea/android-templates/testData/golden/testXRBasicHeadsetActivity/Template test module/src/androidTest/java/template/test/in/ExampleInstrumentedTest.kt
tools/adt/idea/android-templates/testData/golden/testXRBasicHeadsetActivity/Template test module/src/main/java/template/test/in/MainActivity.kt
tools/adt/idea/android-templates/testData/golden/testXRBasicHeadsetActivity/Template test module/src/main/java/template/test/in/ui/theme/Color.kt
tools/adt/idea/android-templates/testData/golden/testXRBasicHeadsetActivity/Template test module/src/main/java/template/test/in/ui/theme/Theme.kt
tools/adt/idea/android-templates/testData/golden/testXRBasicHeadsetActivity/Template test module/src/main/java/template/test/in/ui/theme/Type.kt
tools/adt/idea/android-templates/testData/golden/testXRBasicHeadsetActivity/Template test module/src/test/java/template/test/in/ExampleUnitTest.kt
tools/adt/idea/android-templates/testSrc/com/android/tools/idea/templates/ComposeWearActivityTemplateTest.kt
tools/adt/idea/android-templates/testSrc/com/android/tools/idea/templates/CreateGradleWrapperTest.java
tools/adt/idea/android-templates/testSrc/com/android/tools/idea/templates/FolderTemplatesTest.kt
tools/adt/idea/android-templates/testSrc/com/android/tools/idea/templates/KeystoreUtilsTest.kt
tools/adt/idea/android-templates/testSrc/com/android/tools/idea/templates/KotlinBomPlatformDependencyTest.kt
tools/adt/idea/android-templates/testSrc/com/android/tools/idea/templates/ResolveDependencyTest.kt
tools/adt/idea/android-templates/testSrc/com/android/tools/idea/templates/TemplateRecipeTest.kt
tools/adt/idea/android-templates/testSrc/com/android/tools/idea/templates/TemplateTestSuite.java
tools/adt/idea/android-templates/testSrc/com/android/tools/idea/templates/TemplateTestUtils.kt
tools/adt/idea/android-templates/testSrc/com/android/tools/idea/templates/TemplateUtilsTest.kt
tools/adt/idea/android-templates/testSrc/com/android/tools/idea/templates/diff/LintReportParser.kt
tools/adt/idea/android-templates/testSrc/com/android/tools/idea/templates/diff/LintReportParserTest.kt
tools/adt/idea/android-templates/testSrc/com/android/tools/idea/templates/diff/TemplateDiffTestUtils.kt
tools/adt/idea/android-templates/testSrc/com/android/tools/idea/templates/diff/activity/GoldenFileGenerator.kt
tools/adt/idea/android-templates/testSrc/com/android/tools/idea/templates/diff/activity/GoldenFileValidator.kt
tools/adt/idea/android-templates/testSrc/com/android/tools/idea/templates/diff/activity/ProjectDiffer.kt
tools/adt/idea/android-templates/testSrc/com/android/tools/idea/templates/diff/activity/ProjectRenderer.kt
tools/adt/idea/android-templates/testSrc/com/android/tools/idea/templates/diff/activity/TemplateDiffTest.kt
tools/adt/idea/android-templates/testSrc/com/android/tools/idea/templates/live/AndroidCommentsKotlinLiveTemplateTest.kt
tools/adt/idea/android-templates/testSrc/com/android/tools/idea/templates/live/AndroidKotlinLiveTemplateTest.kt
tools/adt/idea/android-templates/testSrc/com/android/tools/idea/templates/live/AndroidKotlinTemplateContextTypeTest.kt
tools/adt/idea/android-templates/testSrc/com/android/tools/idea/templates/live/AndroidLogKotlinLiveTemplateTest.kt
tools/adt/idea/android-templates/testSrc/com/android/tools/idea/templates/live/AndroidSourceSetTemplateContextTypeTest.kt
tools/adt/idea/android-templates/testSrc/com/android/tools/idea/templates/live/LiveTemplateCompletionTest.kt
tools/adt/idea/android-templates/testSrc/com/android/tools/idea/templates/live/LiveTemplateTestCase.kt
tools/adt/idea/android-templates/testSrc/com/android/tools/idea/templates/recipe/DefaultRecipeExecutorTest.kt
tools/adt/idea/android-templates/testSrc/com/android/tools/idea/templates/recipe/DefaultRecipeExecutorWithGradleModelTest.kt
tools/adt/idea/android-test-framework/testSrc/com/android/testutils/junit4/OldAgpFilter.java
tools/adt/idea/android-test-framework/testSrc/com/android/testutils/junit4/OldAgpSuite.java
tools/adt/idea/android-test-framework/testSrc/com/android/testutils/junit4/OldAgpSuiteTest.java
tools/adt/idea/android-test-framework/testSrc/com/android/testutils/junit4/OldAgpTest.java
tools/adt/idea/android-test-framework/testSrc/com/android/testutils/junit4/OldAgpTestTargetsChecker.kt
tools/adt/idea/android-test-framework/testSrc/com/android/testutils/junit4/OldAgpTestTargetsCheckerTest.kt
tools/adt/idea/android-test-framework/testSrc/com/android/testutils/junit4/SeparateOldAgpTestsRule.java
tools/adt/idea/android-test-framework/testSrc/com/android/tools/idea/FakeSdkRule.kt
tools/adt/idea/android-test-framework/testSrc/com/android/tools/idea/apk/debugging/SharedObjectFiles.java
tools/adt/idea/android-test-framework/testSrc/com/android/tools/idea/concurrency/CoroutinesTestUtils.kt
tools/adt/idea/android-test-framework/testSrc/com/android/tools/idea/concurrency/FlowTestUtils.kt
tools/adt/idea/android-test-framework/testSrc/com/android/tools/idea/concurrency/FutureTestUtilsKt.kt
tools/adt/idea/android-test-framework/testSrc/com/android/tools/idea/diagnostics/ExceptionTestUtils.java
tools/adt/idea/android-test-framework/testSrc/com/android/tools/idea/editors/strings/Utils.java
tools/adt/idea/android-test-framework/testSrc/com/android/tools/idea/fonts/FontTestUtils.java
tools/adt/idea/android-test-framework/testSrc/com/android/tools/idea/gradle/dsl/model/dependencies/ExpectedModuleDependency.java
tools/adt/idea/android-test-framework/testSrc/com/android/tools/idea/gradle/project/sync/snapshots/AndroidCoreTestProject.kt
tools/adt/idea/android-test-framework/testSrc/com/android/tools/idea/gradle/project/sync/snapshots/LightGradleTestProject.kt
tools/adt/idea/android-test-framework/testSrc/com/android/tools/idea/gradle/project/sync/snapshots/SyncedProjectTestBase.kt
tools/adt/idea/android-test-framework/testSrc/com/android/tools/idea/gradle/project/sync/snapshots/TemplateBasedTestProject.kt
tools/adt/idea/android-test-framework/testSrc/com/android/tools/idea/gradle/project/sync/snapshots/TestProjectDefinition.kt
tools/adt/idea/android-test-framework/testSrc/com/android/tools/idea/io/TestFileUtils.java
tools/adt/idea/android-test-framework/testSrc/com/android/tools/idea/metrics/MetricsTrackerRule.kt
tools/adt/idea/android-test-framework/testSrc/com/android/tools/idea/model/TestAndroidModel.kt
tools/adt/idea/android-test-framework/testSrc/com/android/tools/idea/naveditor/NavTestUtil.kt
tools/adt/idea/android-test-framework/testSrc/com/android/tools/idea/projectsystem/ApplicationProjectContextTestUtil.kt
tools/adt/idea/android-test-framework/testSrc/com/android/tools/idea/projectsystem/TestProjectSystem.kt
tools/adt/idea/android-test-framework/testSrc/com/android/tools/idea/projectsystem/TestRepositories.kt
tools/adt/idea/android-test-framework/testSrc/com/android/tools/idea/rendering/NoSecurityManagerRenderService.kt
tools/adt/idea/android-test-framework/testSrc/com/android/tools/idea/rendering/RenderTestRule.java
tools/adt/idea/android-test-framework/testSrc/com/android/tools/idea/rendering/RenderTestUtil.java
tools/adt/idea/android-test-framework/testSrc/com/android/tools/idea/rendering/TestRenderingUtils.java
tools/adt/idea/android-test-framework/testSrc/com/android/tools/idea/rendering/tokens/FakeBuildSystemFilePreviewServices.kt
tools/adt/idea/android-test-framework/testSrc/com/android/tools/idea/res/ResourcesTestsUtil.kt
tools/adt/idea/android-test-framework/testSrc/com/android/tools/idea/run/activity/launch/EmptyTestConsoleView.kt
tools/adt/idea/android-test-framework/testSrc/com/android/tools/idea/run/configuration/execution/TestUtils.kt
tools/adt/idea/android-test-framework/testSrc/com/android/tools/idea/run/deployment/liveedit/tokens/FakeBuildSystemLiveEditServices.kt
tools/adt/idea/android-test-framework/testSrc/com/android/tools/idea/run/editor/NoApksProvider.java
tools/adt/idea/android-test-framework/testSrc/com/android/tools/idea/testing/AgpIntegrationTestUtil.kt
tools/adt/idea/android-test-framework/testSrc/com/android/tools/idea/testing/AgpIntegrationTests.kt
tools/adt/idea/android-test-framework/testSrc/com/android/tools/idea/testing/AgpVersionSoftwareEnvironment.kt
tools/adt/idea/android-test-framework/testSrc/com/android/tools/idea/testing/AndroidDomRule.kt
tools/adt/idea/android-test-framework/testSrc/com/android/tools/idea/testing/AndroidExecutorsRule.kt
tools/adt/idea/android-test-framework/testSrc/com/android/tools/idea/testing/AndroidGradleProjectRule.kt
tools/adt/idea/android-test-framework/testSrc/com/android/tools/idea/testing/AndroidGradleTestCase.java
tools/adt/idea/android-test-framework/testSrc/com/android/tools/idea/testing/AndroidGradleTestUtils.kt
tools/adt/idea/android-test-framework/testSrc/com/android/tools/idea/testing/AndroidGradleTests.java
tools/adt/idea/android-test-framework/testSrc/com/android/tools/idea/testing/AndroidProjectBuilderTest.kt
tools/adt/idea/android-test-framework/testSrc/com/android/tools/idea/testing/AndroidProjectRule.kt
tools/adt/idea/android-test-framework/testSrc/com/android/tools/idea/testing/AndroidTestUtils.kt
tools/adt/idea/android-test-framework/testSrc/com/android/tools/idea/testing/ApplicationServiceRule.kt
tools/adt/idea/android-test-framework/testSrc/com/android/tools/idea/testing/BuildEnvironment.java
tools/adt/idea/android-test-framework/testSrc/com/android/tools/idea/testing/CrashReporterRule.kt
tools/adt/idea/android-test-framework/testSrc/com/android/tools/idea/testing/DebugLoggerRule.java
tools/adt/idea/android-test-framework/testSrc/com/android/tools/idea/testing/DeclarativeAndroidGradleProjectRule.kt
tools/adt/idea/android-test-framework/testSrc/com/android/tools/idea/testing/Dependencies.kt
tools/adt/idea/android-test-framework/testSrc/com/android/tools/idea/testing/DisposerExplorer.java
tools/adt/idea/android-test-framework/testSrc/com/android/tools/idea/testing/DisposerExplorerTest.java
tools/adt/idea/android-test-framework/testSrc/com/android/tools/idea/testing/EditorUtils.kt
tools/adt/idea/android-test-framework/testSrc/com/android/tools/idea/testing/ExceptionUtil.kt
tools/adt/idea/android-test-framework/testSrc/com/android/tools/idea/testing/ExceptionUtilKtTest.kt
tools/adt/idea/android-test-framework/testSrc/com/android/tools/idea/testing/Facets.java
tools/adt/idea/android-test-framework/testSrc/com/android/tools/idea/testing/FakeClipboard.kt
tools/adt/idea/android-test-framework/testSrc/com/android/tools/idea/testing/FileSubject.java
tools/adt/idea/android-test-framework/testSrc/com/android/tools/idea/testing/HeadlessTaskSupportRule.kt
tools/adt/idea/android-test-framework/testSrc/com/android/tools/idea/testing/HighlightInfos.java
tools/adt/idea/android-test-framework/testSrc/com/android/tools/idea/testing/IdeComponents.java
tools/adt/idea/android-test-framework/testSrc/com/android/tools/idea/testing/ImlModuleCheckTests.java
tools/adt/idea/android-test-framework/testSrc/com/android/tools/idea/testing/JavacUtil.java
tools/adt/idea/android-test-framework/testSrc/com/android/tools/idea/testing/JdkConstants.kt
tools/adt/idea/android-test-framework/testSrc/com/android/tools/idea/testing/JdkUtils.kt
tools/adt/idea/android-test-framework/testSrc/com/android/tools/idea/testing/KeepTasksAsynchronousRule.kt
tools/adt/idea/android-test-framework/testSrc/com/android/tools/idea/testing/KotlinPluginRule.kt
tools/adt/idea/android-test-framework/testSrc/com/android/tools/idea/testing/LibraryArtifactTestUtil.kt
tools/adt/idea/android-test-framework/testSrc/com/android/tools/idea/testing/MakeBeforeRunTaskProviderTestUtil.kt
tools/adt/idea/android-test-framework/testSrc/com/android/tools/idea/testing/Manifest.kt
tools/adt/idea/android-test-framework/testSrc/com/android/tools/idea/testing/MergedManifests.kt
tools/adt/idea/android-test-framework/testSrc/com/android/tools/idea/testing/NamedExternalResource.kt
tools/adt/idea/android-test-framework/testSrc/com/android/tools/idea/testing/NotificationRule.kt
tools/adt/idea/android-test-framework/testSrc/com/android/tools/idea/testing/OverrideUtils.kt
tools/adt/idea/android-test-framework/testSrc/com/android/tools/idea/testing/ProjectBoundJavaCodeInsightFixture.kt
tools/adt/idea/android-test-framework/testSrc/com/android/tools/idea/testing/ProjectFiles.java
tools/adt/idea/android-test-framework/testSrc/com/android/tools/idea/testing/ProjectServiceRule.kt
tools/adt/idea/android-test-framework/testSrc/com/android/tools/idea/testing/ProjectViewUtils.kt
tools/adt/idea/android-test-framework/testSrc/com/android/tools/idea/testing/Sdks.java
tools/adt/idea/android-test-framework/testSrc/com/android/tools/idea/testing/ServiceUtil.kt
tools/adt/idea/android-test-framework/testSrc/com/android/tools/idea/testing/SnapshotComparisonTestHelpers.kt
tools/adt/idea/android-test-framework/testSrc/com/android/tools/idea/testing/SnapshotComparisonTestUtils.kt
tools/adt/idea/android-test-framework/testSrc/com/android/tools/idea/testing/SourceProviderUtils.kt
tools/adt/idea/android-test-framework/testSrc/com/android/tools/idea/testing/TemporaryDirectoryRule.kt
tools/adt/idea/android-test-framework/testSrc/com/android/tools/idea/testing/TestGradleSyncListener.java
tools/adt/idea/android-test-framework/testSrc/com/android/tools/idea/testing/TestLoggerRule.kt
tools/adt/idea/android-test-framework/testSrc/com/android/tools/idea/testing/TestLoggerUtils.kt
tools/adt/idea/android-test-framework/testSrc/com/android/tools/idea/testing/TestMessagesDialog.java
tools/adt/idea/android-test-framework/testSrc/com/android/tools/idea/testing/TestModuleUtil.kt
tools/adt/idea/android-test-framework/testSrc/com/android/tools/idea/testing/TestProjectFixtureRuleImpl.kt
tools/adt/idea/android-test-framework/testSrc/com/android/tools/idea/testing/TestProjectPaths.java
tools/adt/idea/android-test-framework/testSrc/com/android/tools/idea/testing/ThreadingAgentTestUtil.kt
tools/adt/idea/android-test-framework/testSrc/com/android/tools/idea/testing/ThreadingCheckRule.kt
tools/adt/idea/android-test-framework/testSrc/com/android/tools/idea/testing/ThreadingCheckRuleTest.kt
tools/adt/idea/android-test-framework/testSrc/com/android/tools/idea/testing/ThreadingCheckerHookTestImpl.kt
tools/adt/idea/android-test-framework/testSrc/com/android/tools/idea/testing/WaitForIndexRule.kt
tools/adt/idea/android-test-framework/testSrc/com/android/tools/idea/testing/flags/FlagUtils.kt
tools/adt/idea/android-test-framework/testSrc/com/android/tools/idea/testing/mockito.kt
tools/adt/idea/android-test-framework/testSrc/com/android/tools/idea/testing/swing/TableModelEventArgumentMatcher.java
tools/adt/idea/android-test-framework/testSrc/com/android/tools/idea/testing/ui/FakeActionPopupMenu.kt
tools/adt/idea/android-test-framework/testSrc/com/android/tools/idea/testing/ui/FileOpenCaptureRule.kt
tools/adt/idea/android-test-framework/testSrc/com/android/tools/idea/testing/ui/UiTestUtil.kt
tools/adt/idea/android-test-framework/testSrc/com/android/tools/idea/util/ToolWindowUtils.kt
tools/adt/idea/android-test-framework/testSrc/org/jetbrains/android/AndroidFacetProjectDescriptor.kt
tools/adt/idea/android-test-framework/testSrc/org/jetbrains/android/AndroidTempDirTestFixture.kt
tools/adt/idea/android-test-framework/testSrc/org/jetbrains/android/AndroidTestBase.java
tools/adt/idea/android-test-framework/testSrc/org/jetbrains/android/AndroidTestCase.java
tools/adt/idea/android-test-framework/testSrc/org/jetbrains/android/ComponentStack.java
tools/adt/idea/android-test-framework/testSrc/org/jetbrains/android/JavaCodeInsightFixtureAdtTestCase.java
tools/adt/idea/android-test-framework/testSrc/org/jetbrains/android/LightJavaCodeInsightFixtureAdtTestCase.java
tools/adt/idea/android-test-framework/testSrc/org/jetbrains/android/LightLeakCheckerRule.kt
tools/adt/idea/android-test-framework/testSrc/org/jetbrains/android/UndisposedAndroidObjectsCheckerRule.kt
tools/adt/idea/android-test-framework/testSrc/org/jetbrains/android/compose/ComposeTestUtils.kt
tools/adt/idea/android/actions/testSrc/com/android/tools/idea/actions/AndroidImportProjectActionTest.java
tools/adt/idea/android/actions/testSrc/com/android/tools/idea/actions/AndroidOpenFileActionTest.kt
tools/adt/idea/android/actions/testSrc/com/android/tools/idea/actions/OverrideResourceActionTest.java
tools/adt/idea/android/actions/testSrc/com/android/tools/idea/actions/annotations/InferAnnotationsSettingsTest.kt
tools/adt/idea/android/actions/testSrc/com/android/tools/idea/actions/annotations/InferAnnotationsTest.kt
tools/adt/idea/android/actions/testSrc/com/android/tools/idea/actions/license/LicenseTextCollectorTest.java
tools/adt/idea/android/actions/testSrc/com/android/tools/idea/actions/license/LicensesLocatorTest.java
tools/adt/idea/android/agpIntegrationTestSrc/com/android/tools/idea/IdeaTestSuite.java
tools/adt/idea/android/agpIntegrationTestSrc/com/android/tools/idea/actions/ExportProjectZipTest.java
tools/adt/idea/android/agpIntegrationTestSrc/com/android/tools/idea/actions/SubmitBugReportActionTest.kt
tools/adt/idea/android/agpIntegrationTestSrc/com/android/tools/idea/editors/strings/TranslationsEditorGradleTest.java
tools/adt/idea/android/agpIntegrationTestSrc/com/android/tools/idea/inspections/IllegalIdentifierInspectionTest.kt
tools/adt/idea/android/agpIntegrationTestSrc/com/android/tools/idea/javadoc/AndroidJavaDocWithGradleTest.java
tools/adt/idea/android/agpIntegrationTestSrc/com/android/tools/idea/lang/aidl/AidlIntegrationTest.kt
tools/adt/idea/android/agpIntegrationTestSrc/com/android/tools/idea/lang/proguardR8/ProGuardR8ClassReferencesIntegrationTest.kt
tools/adt/idea/android/agpIntegrationTestSrc/com/android/tools/idea/model/AndroidManifestIndexQueryGradleTest.kt
tools/adt/idea/android/agpIntegrationTestSrc/com/android/tools/idea/model/StudioAndroidModuleInfoTest.java
tools/adt/idea/android/agpIntegrationTestSrc/com/android/tools/idea/refactoring/modularize/AndroidModularizeGradleTest.java
tools/adt/idea/android/agpIntegrationTestSrc/com/android/tools/idea/res/GeneratedResourcesTest.kt
tools/adt/idea/android/agpIntegrationTestSrc/com/android/tools/idea/res/GradleBuildFileNamespaceRClassesTest.kt
tools/adt/idea/android/agpIntegrationTestSrc/com/android/tools/idea/res/ModuleResourceRepositoryGradleTest.java
tools/adt/idea/android/agpIntegrationTestSrc/com/android/tools/idea/res/NamespacesIntegrationTest.kt
tools/adt/idea/android/agpIntegrationTestSrc/com/android/tools/idea/res/StudioAssetFileOpenerTest.java
tools/adt/idea/android/agpIntegrationTestSrc/com/android/tools/idea/res/StudioGeneratedAssetFileOpenerTest.kt
tools/adt/idea/android/agpIntegrationTestSrc/com/android/tools/idea/res/TestRClassesTest.kt
tools/adt/idea/android/agpIntegrationTestSrc/com/android/tools/idea/res/TestResourcesTest.kt
tools/adt/idea/android/agpIntegrationTestSrc/com/android/tools/idea/run/UnsignedApkQuickFixTest.kt
tools/adt/idea/android/agpIntegrationTestSrc/com/android/tools/idea/testartifacts/instrumented/AndroidTestConfigurationSelectorTest.kt
tools/adt/idea/android/agpIntegrationTestSrc/org/jetbrains/android/AndroidGradleProjectFindUsagesTest.kt
tools/adt/idea/android/agpIntegrationTestSrc/org/jetbrains/android/dom/AndroidManifestPlaceholderDomTest.kt
tools/adt/idea/android/agpIntegrationTestSrc/org/jetbrains/android/dom/SupportMultiVariantEditingForResourceFilesTest.kt
tools/adt/idea/android/agpIntegrationTestSrc/org/jetbrains/android/facet/GradleSourceProviderManagerTest.kt
tools/adt/idea/android/agpIntegrationTestSrc/org/jetbrains/android/refactoring/UnusedResourcesGradleTest.java
tools/adt/idea/android/apk/testSrc/com/android/tools/idea/apk/ApkFacetConfigurationTest.java
tools/adt/idea/android/apk/testSrc/com/android/tools/idea/apk/ApkFacetTest.java
tools/adt/idea/android/apk/testSrc/com/android/tools/idea/apk/ImportApkActionTest.java
tools/adt/idea/android/apk/testSrc/com/android/tools/idea/apk/debugging/ApkClassTest.java
tools/adt/idea/android/apk/testSrc/com/android/tools/idea/apk/debugging/ApkDebuggingTest.java
tools/adt/idea/android/apk/testSrc/com/android/tools/idea/apk/debugging/ApkPackageTest.java
tools/adt/idea/android/apk/testSrc/com/android/tools/idea/apk/debugging/DexSourceFilesTest.java
tools/adt/idea/android/apk/testSrc/com/android/tools/idea/apk/debugging/ExternalSourceFoldersTest.java
tools/adt/idea/android/apk/testSrc/com/android/tools/idea/apk/debugging/LibraryFolderTest.java
tools/adt/idea/android/apk/testSrc/com/android/tools/idea/apk/debugging/NativeLibraryTest.java
tools/adt/idea/android/apk/testSrc/com/android/tools/idea/apk/debugging/editor/ChooseAndAttachSourcesTaskTest.java
tools/adt/idea/android/apk/testSrc/com/android/tools/idea/apk/debugging/editor/SmaliFileNotificationProviderTest.java
tools/adt/idea/android/apk/testSrc/com/android/tools/idea/apk/dex/DexFileDisassemblerTest.java
tools/adt/idea/android/apk/testSrc/com/android/tools/idea/apk/paths/PathNodeParentTest.java
tools/adt/idea/android/apk/testSrc/com/android/tools/idea/apk/paths/PathTreeTest.java
tools/adt/idea/android/apk/testSrc/com/android/tools/idea/apk/viewer/dex/GenerateProguardKeepRuleActionTest.java
tools/adt/idea/android/apk/testSrc/com/android/tools/idea/apk/viewer/dex/SelectProguardMapsDialogTest.java
tools/adt/idea/android/apk/testSrc/com/android/tools/idea/apk/viewer/dex/ShowDisassemblyActionTest.java
tools/adt/idea/android/configurations/testSrc/com/android/tools/idea/configurations/ConfigurationManagerTest.java
tools/adt/idea/android/configurations/testSrc/com/android/tools/idea/configurations/ConfigurationStateManagerTest.java
tools/adt/idea/android/configurations/testSrc/com/android/tools/idea/configurations/ConfigurationTest.java
tools/adt/idea/android/configurations/testSrc/com/android/tools/idea/configurations/ResourceResolverCacheTest.java
tools/adt/idea/android/diagnostics/testSrc/com/android/tools/idea/diagnostics/AndroidStudioSystemHealthMonitorKtTest.kt
tools/adt/idea/android/diagnostics/testSrc/com/android/tools/idea/diagnostics/AndroidStudioSystemHealthMonitorTest.java
tools/adt/idea/android/diagnostics/testSrc/com/android/tools/idea/diagnostics/AndroidStudioSystemHealthMonitorUtilitiesTest.java
tools/adt/idea/android/diagnostics/testSrc/com/android/tools/idea/diagnostics/DiagnosticsReportCleanerTest.kt
tools/adt/idea/android/diagnostics/testSrc/com/android/tools/idea/diagnostics/ExceptionRegistryTest.kt
tools/adt/idea/android/diagnostics/testSrc/com/android/tools/idea/diagnostics/StudioReportDatabaseTest.java
tools/adt/idea/android/diagnostics/testSrc/com/android/tools/idea/diagnostics/SystemHealthDataCollectionTest.kt
tools/adt/idea/android/diagnostics/testSrc/com/android/tools/idea/diagnostics/crash/ExceptionDataCollectionTest.kt
tools/adt/idea/android/diagnostics/testSrc/com/android/tools/idea/diagnostics/crash/ExceptionRateLimiterTest.kt
tools/adt/idea/android/diagnostics/testSrc/com/android/tools/idea/diagnostics/crash/StudioCrashReporterTest.java
tools/adt/idea/android/diagnostics/testSrc/com/android/tools/idea/diagnostics/heap/HeapAnalyzerTest.java
tools/adt/idea/android/diagnostics/testSrc/com/android/tools/idea/diagnostics/heap/SampleClass.java
tools/adt/idea/android/diagnostics/testSrc/com/android/tools/idea/diagnostics/hprof/FileBackedHashMapTest.kt
tools/adt/idea/android/diagnostics/testSrc/com/android/tools/idea/diagnostics/hprof/FileBackedIntListTest.kt
tools/adt/idea/android/diagnostics/testSrc/com/android/tools/idea/diagnostics/hprof/HProfBuilder.kt
tools/adt/idea/android/diagnostics/testSrc/com/android/tools/idea/diagnostics/hprof/HProfEventBasedParserTest.kt
tools/adt/idea/android/diagnostics/testSrc/com/android/tools/idea/diagnostics/hprof/HProfScenarioRunner.kt
tools/adt/idea/android/diagnostics/testSrc/com/android/tools/idea/diagnostics/hprof/HProfTestUtils.kt
tools/adt/idea/android/diagnostics/testSrc/com/android/tools/idea/diagnostics/hprof/HeapAnalysisTest.kt
tools/adt/idea/android/diagnostics/testSrc/com/android/tools/idea/diagnostics/hprof/ObjectLayoutAssumptionTest.kt
tools/adt/idea/android/diagnostics/testSrc/com/android/tools/idea/diagnostics/hprof/ObjectNavigatorTest.kt
tools/adt/idea/android/diagnostics/testSrc/com/android/tools/idea/diagnostics/hprof/ObjectTreeTestWrapper.kt
tools/adt/idea/android/diagnostics/testSrc/com/android/tools/idea/diagnostics/jfr/JfrReportGeneratorTest.kt
tools/adt/idea/android/diagnostics/testSrc/com/android/tools/idea/diagnostics/jfr/reports/JfrManifestMergerReportsTest.kt
tools/adt/idea/android/diagnostics/testSrc/com/android/tools/idea/diagnostics/jfr/reports/JfrTypingLatencyReportsTest.kt
tools/adt/idea/android/diagnostics/testSrc/com/android/tools/idea/diagnostics/report/BuildFileListTest.kt
tools/adt/idea/android/diagnostics/testSrc/com/android/tools/idea/diagnostics/report/DirectoryBasedFileProviderTest.kt
tools/adt/idea/android/diagnostics/testSrc/com/android/tools/idea/diagnostics/report/LogFileProviderTest.kt
tools/adt/idea/android/diagnostics/testSrc/com/android/tools/idea/diagnostics/report/MetricsLogFileProviderTest.kt
tools/adt/idea/android/diagnostics/testSrc/com/android/tools/idea/diagnostics/typing/EditorLatestTypingActionTimestampTest.kt
tools/adt/idea/android/editors.fast/testSrc/com/android/tools/idea/editors/fast/EmbeddedCompilerClientImplTest.kt
tools/adt/idea/android/editors.fast/testSrc/com/android/tools/idea/editors/fast/FastPreviewCompileFlowTest.kt
tools/adt/idea/android/editors.fast/testSrc/com/android/tools/idea/editors/fast/FastPreviewManagerTest.kt
tools/adt/idea/android/gutter/testSrc/org/jetbrains/android/AndroidGutterIconAnnotatorTest.java
tools/adt/idea/android/instantapp/testSrc/com/android/tools/idea/instantapp/InstantAppSdksTest.java
tools/adt/idea/android/instantapp/testSrc/com/android/tools/idea/instantapp/InstantAppUrlFinderTest.java
tools/adt/idea/android/instantapp/testSrc/com/android/tools/idea/instantapp/RunInstantAppTest.kt
tools/adt/idea/android/instantapp/testSrc/com/android/tools/idea/instantapp/provision/ProvisionPackageTests.java
tools/adt/idea/android/integration/testData/InstrumentedTestApp/app/src/androidTest/java/com/example/instrumentedtestapp/ExampleInstrumentedTest.kt
tools/adt/idea/android/integration/testData/JUnitTestApp/app/src/test/java/com/example/junittestapp/ExampleUnitTest.kt
tools/adt/idea/android/integration/testData/applychanges/src/main/java/com/example/applychanges/MainActivity.kt
tools/adt/idea/android/integration/testData/applychanges/src/main/java/com/example/applychanges/MyBroadcastReceiver.kt
tools/adt/idea/android/integration/testData/architecture-samples/app/src/androidTest/java/com/example/android/architecture/blueprints/todoapp/addedittask/AddEditTaskScreenTest.kt
tools/adt/idea/android/integration/testData/architecture-samples/app/src/androidTest/java/com/example/android/architecture/blueprints/todoapp/data/source/local/TaskDaoTest.kt
tools/adt/idea/android/integration/testData/architecture-samples/app/src/androidTest/java/com/example/android/architecture/blueprints/todoapp/statistics/StatisticsScreenTest.kt
tools/adt/idea/android/integration/testData/architecture-samples/app/src/androidTest/java/com/example/android/architecture/blueprints/todoapp/taskdetail/TaskDetailScreenTest.kt
tools/adt/idea/android/integration/testData/architecture-samples/app/src/androidTest/java/com/example/android/architecture/blueprints/todoapp/tasks/AppNavigationTest.kt
tools/adt/idea/android/integration/testData/architecture-samples/app/src/androidTest/java/com/example/android/architecture/blueprints/todoapp/tasks/TasksScreenTest.kt
tools/adt/idea/android/integration/testData/architecture-samples/app/src/androidTest/java/com/example/android/architecture/blueprints/todoapp/tasks/TasksTest.kt
tools/adt/idea/android/integration/testData/architecture-samples/app/src/debug/java/com/example/android/architecture/blueprints/todoapp/HiltTestActivity.kt
tools/adt/idea/android/integration/testData/architecture-samples/app/src/main/java/com/example/android/architecture/blueprints/todoapp/TodoActivity.kt
tools/adt/idea/android/integration/testData/architecture-samples/app/src/main/java/com/example/android/architecture/blueprints/todoapp/TodoApplication.kt
tools/adt/idea/android/integration/testData/architecture-samples/app/src/main/java/com/example/android/architecture/blueprints/todoapp/TodoNavGraph.kt
tools/adt/idea/android/integration/testData/architecture-samples/app/src/main/java/com/example/android/architecture/blueprints/todoapp/TodoNavigation.kt
tools/adt/idea/android/integration/testData/architecture-samples/app/src/main/java/com/example/android/architecture/blueprints/todoapp/addedittask/AddEditTaskScreen.kt
tools/adt/idea/android/integration/testData/architecture-samples/app/src/main/java/com/example/android/architecture/blueprints/todoapp/addedittask/AddEditTaskViewModel.kt
tools/adt/idea/android/integration/testData/architecture-samples/app/src/main/java/com/example/android/architecture/blueprints/todoapp/data/DefaultTaskRepository.kt
tools/adt/idea/android/integration/testData/architecture-samples/app/src/main/java/com/example/android/architecture/blueprints/todoapp/data/ModelMappingExt.kt
tools/adt/idea/android/integration/testData/architecture-samples/app/src/main/java/com/example/android/architecture/blueprints/todoapp/data/Task.kt
tools/adt/idea/android/integration/testData/architecture-samples/app/src/main/java/com/example/android/architecture/blueprints/todoapp/data/TaskRepository.kt
tools/adt/idea/android/integration/testData/architecture-samples/app/src/main/java/com/example/android/architecture/blueprints/todoapp/data/source/local/LocalTask.kt
tools/adt/idea/android/integration/testData/architecture-samples/app/src/main/java/com/example/android/architecture/blueprints/todoapp/data/source/local/TaskDao.kt
tools/adt/idea/android/integration/testData/architecture-samples/app/src/main/java/com/example/android/architecture/blueprints/todoapp/data/source/local/ToDoDatabase.kt
tools/adt/idea/android/integration/testData/architecture-samples/app/src/main/java/com/example/android/architecture/blueprints/todoapp/data/source/network/NetworkDataSource.kt
tools/adt/idea/android/integration/testData/architecture-samples/app/src/main/java/com/example/android/architecture/blueprints/todoapp/data/source/network/NetworkTask.kt
tools/adt/idea/android/integration/testData/architecture-samples/app/src/main/java/com/example/android/architecture/blueprints/todoapp/data/source/network/TaskNetworkDataSource.kt
tools/adt/idea/android/integration/testData/architecture-samples/app/src/main/java/com/example/android/architecture/blueprints/todoapp/di/CoroutinesModule.kt
tools/adt/idea/android/integration/testData/architecture-samples/app/src/main/java/com/example/android/architecture/blueprints/todoapp/di/DataModules.kt
tools/adt/idea/android/integration/testData/architecture-samples/app/src/main/java/com/example/android/architecture/blueprints/todoapp/statistics/StatisticsScreen.kt
tools/adt/idea/android/integration/testData/architecture-samples/app/src/main/java/com/example/android/architecture/blueprints/todoapp/statistics/StatisticsUtils.kt
tools/adt/idea/android/integration/testData/architecture-samples/app/src/main/java/com/example/android/architecture/blueprints/todoapp/statistics/StatisticsViewModel.kt
tools/adt/idea/android/integration/testData/architecture-samples/app/src/main/java/com/example/android/architecture/blueprints/todoapp/taskdetail/TaskDetailScreen.kt
tools/adt/idea/android/integration/testData/architecture-samples/app/src/main/java/com/example/android/architecture/blueprints/todoapp/taskdetail/TaskDetailViewModel.kt
tools/adt/idea/android/integration/testData/architecture-samples/app/src/main/java/com/example/android/architecture/blueprints/todoapp/tasks/TasksFilterType.kt
tools/adt/idea/android/integration/testData/architecture-samples/app/src/main/java/com/example/android/architecture/blueprints/todoapp/tasks/TasksScreen.kt
tools/adt/idea/android/integration/testData/architecture-samples/app/src/main/java/com/example/android/architecture/blueprints/todoapp/tasks/TasksViewModel.kt
tools/adt/idea/android/integration/testData/architecture-samples/app/src/main/java/com/example/android/architecture/blueprints/todoapp/util/Async.kt
tools/adt/idea/android/integration/testData/architecture-samples/app/src/main/java/com/example/android/architecture/blueprints/todoapp/util/ComposeUtils.kt
tools/adt/idea/android/integration/testData/architecture-samples/app/src/main/java/com/example/android/architecture/blueprints/todoapp/util/CoroutinesUtils.kt
tools/adt/idea/android/integration/testData/architecture-samples/app/src/main/java/com/example/android/architecture/blueprints/todoapp/util/SimpleCountingIdlingResource.kt
tools/adt/idea/android/integration/testData/architecture-samples/app/src/main/java/com/example/android/architecture/blueprints/todoapp/util/TodoDrawer.kt
tools/adt/idea/android/integration/testData/architecture-samples/app/src/main/java/com/example/android/architecture/blueprints/todoapp/util/TopAppBars.kt
tools/adt/idea/android/integration/testData/architecture-samples/app/src/test/java/com/example/android/architecture/blueprints/todoapp/addedittask/AddEditTaskViewModelTest.kt
tools/adt/idea/android/integration/testData/architecture-samples/app/src/test/java/com/example/android/architecture/blueprints/todoapp/data/DefaultTaskRepositoryTest.kt
tools/adt/idea/android/integration/testData/architecture-samples/app/src/test/java/com/example/android/architecture/blueprints/todoapp/statistics/StatisticsUtilsTest.kt
tools/adt/idea/android/integration/testData/architecture-samples/app/src/test/java/com/example/android/architecture/blueprints/todoapp/statistics/StatisticsViewModelTest.kt
tools/adt/idea/android/integration/testData/architecture-samples/app/src/test/java/com/example/android/architecture/blueprints/todoapp/taskdetail/TaskDetailViewModelTest.kt
tools/adt/idea/android/integration/testData/architecture-samples/app/src/test/java/com/example/android/architecture/blueprints/todoapp/tasks/TasksViewModelTest.kt
tools/adt/idea/android/integration/testData/architecture-samples/shared-test/src/main/java/com/example/android/architecture/blueprints/todoapp/CustomTestRunner.kt
tools/adt/idea/android/integration/testData/architecture-samples/shared-test/src/main/java/com/example/android/architecture/blueprints/todoapp/MainCoroutineRule.kt
tools/adt/idea/android/integration/testData/architecture-samples/shared-test/src/main/java/com/example/android/architecture/blueprints/todoapp/data/FakeTaskRepository.kt
tools/adt/idea/android/integration/testData/architecture-samples/shared-test/src/main/java/com/example/android/architecture/blueprints/todoapp/data/source/local/FakeTaskDao.kt
tools/adt/idea/android/integration/testData/architecture-samples/shared-test/src/main/java/com/example/android/architecture/blueprints/todoapp/data/source/network/FakeNetworkDataSource.kt
tools/adt/idea/android/integration/testData/architecture-samples/shared-test/src/main/java/com/example/android/architecture/blueprints/todoapp/di/DatabaseTestModule.kt
tools/adt/idea/android/integration/testData/architecture-samples/shared-test/src/main/java/com/example/android/architecture/blueprints/todoapp/di/RepositoryTestModule.kt
tools/adt/idea/android/integration/testData/architecture-samples/spotless/copyright.kt
tools/adt/idea/android/integration/testData/kmpapp/androidApp/src/main/kotlin/com/google/samples/apps/kmp/HelloApp.kt
tools/adt/idea/android/integration/testData/kmpapp/androidApp/src/main/kotlin/com/google/samples/apps/kmp/HelloViewModel.kt
tools/adt/idea/android/integration/testData/kmpapp/androidApp/src/main/kotlin/com/google/samples/apps/kmp/MainActivity.kt
tools/adt/idea/android/integration/testData/kmpapp/shared/src/commonMain/kotlin/com/google/samples/apps/kmp/HelloWorld.kt
tools/adt/idea/android/integration/testData/languagehighlighting/src/main/java/com/example/languagehighlighting/Hello.kt
tools/adt/idea/android/integration/testData/languagehighlighting/src/main/java/com/example/languagehighlighting/MainActivity.kt
tools/adt/idea/android/integration/testData/liveedit/app/src/main/java/com/example/liveedittest/MainActivity.kt
tools/adt/idea/android/integration/testData/liveedit/app/src/main/java/com/example/liveedittest/ui/theme/Color.kt
tools/adt/idea/android/integration/testData/liveedit/app/src/main/java/com/example/liveedittest/ui/theme/Theme.kt
tools/adt/idea/android/integration/testData/liveedit/app/src/main/java/com/example/liveedittest/ui/theme/Type.kt
tools/adt/idea/android/integration/testData/liveedit/app/src/test/java/com/example/liveedittest/ExampleUnitTest.kt
tools/adt/idea/android/integration/testData/minapp/src/main/java/com/example/minapp/MainActivity.kt
tools/adt/idea/android/integration/testData/mindebugapp/src/main/java/com/example/mindebugapp/MainActivity.kt
tools/adt/idea/android/integration/testData/minnativeapp-apk/minnativeapp/src/main/java/com/example/minapp/MainActivity.kt
tools/adt/idea/android/integration/testSrc/com/android/tools/idea/AdbServerConnectionTest.java
tools/adt/idea/android/integration/testSrc/com/android/tools/idea/ApplyChangesTest.kt
tools/adt/idea/android/integration/testSrc/com/android/tools/idea/ApplyCodeChangesTest.kt
tools/adt/idea/android/integration/testSrc/com/android/tools/idea/BuildAndRunInstrumentedTest.kt
tools/adt/idea/android/integration/testSrc/com/android/tools/idea/BuildAndRunKMPTest.kt
tools/adt/idea/android/integration/testSrc/com/android/tools/idea/BuildAndRunTest.kt
tools/adt/idea/android/integration/testSrc/com/android/tools/idea/BuildProjectBleakTest.kt
tools/adt/idea/android/integration/testSrc/com/android/tools/idea/BuildProjectTest.kt
tools/adt/idea/android/integration/testSrc/com/android/tools/idea/CreateProjectTest.java
tools/adt/idea/android/integration/testSrc/com/android/tools/idea/DebugJUnitTest.kt
tools/adt/idea/android/integration/testSrc/com/android/tools/idea/DebugNativeApkTest.kt
tools/adt/idea/android/integration/testSrc/com/android/tools/idea/DebuggerTest.java
tools/adt/idea/android/integration/testSrc/com/android/tools/idea/EditorPerformanceTest.kt
tools/adt/idea/android/integration/testSrc/com/android/tools/idea/EditorPerformanceWithK2Test.kt
tools/adt/idea/android/integration/testSrc/com/android/tools/idea/EmulatorAfterStudioTest.java
tools/adt/idea/android/integration/testSrc/com/android/tools/idea/EmulatorBeforeStudioTest.java
tools/adt/idea/android/integration/testSrc/com/android/tools/idea/FirstLaunchNewWizardTest.kt
tools/adt/idea/android/integration/testSrc/com/android/tools/idea/FirstLaunchTest.kt
tools/adt/idea/android/integration/testSrc/com/android/tools/idea/GoToDeclarationTest.kt
tools/adt/idea/android/integration/testSrc/com/android/tools/idea/HighlightingAfterTypingTest.kt
tools/adt/idea/android/integration/testSrc/com/android/tools/idea/LanguageHighlightingTest.kt
tools/adt/idea/android/integration/testSrc/com/android/tools/idea/LiveEditTest.kt
tools/adt/idea/android/integration/testSrc/com/android/tools/idea/LiveEditTestUtil.kt
tools/adt/idea/android/integration/testSrc/com/android/tools/idea/MultiProjectSameWindowTest.kt
tools/adt/idea/android/integration/testSrc/com/android/tools/idea/MultiProjectTest.kt
tools/adt/idea/android/integration/testSrc/com/android/tools/idea/MultipleDevicesInstrumentedTest.kt
tools/adt/idea/android/integration/testSrc/com/android/tools/idea/OpenProjectTest.java
tools/adt/idea/android/integration/testSrc/com/android/tools/idea/RunApkTest.kt
tools/adt/idea/android/integration/testSrc/com/android/tools/idea/SamplesImportTest.kt
tools/adt/idea/android/integration/testSrc/com/android/tools/idea/ShowUsagesTest.kt
tools/adt/idea/android/integration/testSrc/com/android/tools/idea/StartupPerformanceTest.kt
tools/adt/idea/android/jetbrains/testSrc/org/jetbrains/android/AndroidAnnotatorUtilTest.kt
tools/adt/idea/android/jetbrains/testSrc/org/jetbrains/android/AndroidGotoDeclarationHandlerTest.kt
tools/adt/idea/android/jetbrains/testSrc/org/jetbrains/android/AndroidGotoRelatedLineMarkerTest.kt
tools/adt/idea/android/jetbrains/testSrc/org/jetbrains/android/AndroidInnerClassFinderTest.java
tools/adt/idea/android/jetbrains/testSrc/org/jetbrains/android/AndroidJavaHighlightingTest.java
tools/adt/idea/android/jetbrains/testSrc/org/jetbrains/android/AndroidMultiModuleRenameTest.java
tools/adt/idea/android/jetbrains/testSrc/org/jetbrains/android/AndroidPluginTest.java
tools/adt/idea/android/jetbrains/testSrc/org/jetbrains/android/AndroidPropertiesLineMarkerProviderTest.kt
tools/adt/idea/android/jetbrains/testSrc/org/jetbrains/android/AndroidResourceRenameTest.java
tools/adt/idea/android/jetbrains/testSrc/org/jetbrains/android/AndroidResourcesFindUsagesTest.java
tools/adt/idea/android/jetbrains/testSrc/org/jetbrains/android/AndroidResourcesLineMarkerTest.java
tools/adt/idea/android/jetbrains/testSrc/org/jetbrains/android/AndroidUsagesTargetProviderTest.kt
tools/adt/idea/android/jetbrains/testSrc/org/jetbrains/android/AndroidXmlFormatterTest.java
tools/adt/idea/android/jetbrains/testSrc/org/jetbrains/android/AndroidXmlIndentAutoDetectionTest.java
tools/adt/idea/android/jetbrains/testSrc/org/jetbrains/android/CompileServerClasspathTest.java
tools/adt/idea/android/jetbrains/testSrc/org/jetbrains/android/FragmentMustBePublicTest.kt
tools/adt/idea/android/jetbrains/testSrc/org/jetbrains/android/TagToClassMapperImplTest.java
tools/adt/idea/android/jetbrains/testSrc/org/jetbrains/android/XmlAttributeNameGotoDeclarationHandlerTest.kt
tools/adt/idea/android/jetbrains/testSrc/org/jetbrains/android/actions/AndroidToolsActionGroupTest.java
tools/adt/idea/android/jetbrains/testSrc/org/jetbrains/android/actions/CreateMultiRootResourceFileActionTest.java
tools/adt/idea/android/jetbrains/testSrc/org/jetbrains/android/actions/CreateResourceDirectoryDialogTest.java
tools/adt/idea/android/jetbrains/testSrc/org/jetbrains/android/actions/CreateTypedResourceFileActionTest.kt
tools/adt/idea/android/jetbrains/testSrc/org/jetbrains/android/actions/CreateXmlResourcePanelImplTest.java
tools/adt/idea/android/jetbrains/testSrc/org/jetbrains/android/actions/RegisterComponentsTest.java
tools/adt/idea/android/jetbrains/testSrc/org/jetbrains/android/actions/widgets/SourceSetItemTest.kt
tools/adt/idea/android/jetbrains/testSrc/org/jetbrains/android/completion/AndroidDeprecationPresentationCompletionContributorTest.kt
tools/adt/idea/android/jetbrains/testSrc/org/jetbrains/android/completion/AndroidRequiresPermissionCompletionContributorTest.kt
tools/adt/idea/android/jetbrains/testSrc/org/jetbrains/android/completion/AndroidRestrictToCompletionWeigherTest.kt
tools/adt/idea/android/jetbrains/testSrc/org/jetbrains/android/completion/AndroidXmlCompletionContributorTest.kt
tools/adt/idea/android/jetbrains/testSrc/org/jetbrains/android/exportSignedPackage/ChooseBundleOrApkStepTest.kt
tools/adt/idea/android/jetbrains/testSrc/org/jetbrains/android/exportSignedPackage/GradleSignStepTest.kt
tools/adt/idea/android/jetbrains/testSrc/org/jetbrains/android/exportSignedPackage/KeystoreStepTest.kt
tools/adt/idea/android/jetbrains/testSrc/org/jetbrains/android/facet/AndroidFacetScopedServiceTest.java
tools/adt/idea/android/jetbrains/testSrc/org/jetbrains/android/facet/AndroidFacetTest.java
tools/adt/idea/android/jetbrains/testSrc/org/jetbrains/android/facet/AndroidSourceTypeTest.kt
tools/adt/idea/android/jetbrains/testSrc/org/jetbrains/android/facet/ResourceFolderManagerTest.kt
tools/adt/idea/android/jetbrains/testSrc/org/jetbrains/android/formatter/AndroidXmlArrangementTest.java
tools/adt/idea/android/jetbrains/testSrc/org/jetbrains/android/formatter/AndroidXmlRearrangerTest.java
tools/adt/idea/android/jetbrains/testSrc/org/jetbrains/android/formatter/AttributeComparatorTest.java
tools/adt/idea/android/jetbrains/testSrc/org/jetbrains/android/inspections/AndroidDeprecationInspectionTest.java
tools/adt/idea/android/jetbrains/testSrc/org/jetbrains/android/inspections/AndroidInspectionTestCase.java
tools/adt/idea/android/jetbrains/testSrc/org/jetbrains/android/inspections/AndroidInspectionsTest.java
tools/adt/idea/android/jetbrains/testSrc/org/jetbrains/android/inspections/AndroidJava8CollectionRemoveIfInspectionTest.java
tools/adt/idea/android/jetbrains/testSrc/org/jetbrains/android/inspections/AndroidJava8ListSortInspectionTest.java
tools/adt/idea/android/jetbrains/testSrc/org/jetbrains/android/inspections/AndroidTryWithIdenticalCatchesInspectionTest.java
tools/adt/idea/android/jetbrains/testSrc/org/jetbrains/android/intentions/AndroidAddStringResourceActionTest.java
tools/adt/idea/android/jetbrains/testSrc/org/jetbrains/android/intentions/AndroidCodeGenerationTest.kt
tools/adt/idea/android/jetbrains/testSrc/org/jetbrains/android/intentions/AndroidExtractColorActionTest.java
tools/adt/idea/android/jetbrains/testSrc/org/jetbrains/android/intentions/AndroidExtractDimensionActionTest.java
tools/adt/idea/android/jetbrains/testSrc/org/jetbrains/android/intentions/AndroidIntentionsTest.kt
tools/adt/idea/android/jetbrains/testSrc/org/jetbrains/android/intentions/AndroidLightOrGeneratedClassIntentionActionFilterTest.kt
tools/adt/idea/android/jetbrains/testSrc/org/jetbrains/android/intentions/AndroidUpgradeSdkActionFilterTest.kt
tools/adt/idea/android/jetbrains/testSrc/org/jetbrains/android/refactoring/AndroidExtractAsIncludeTest.java
tools/adt/idea/android/jetbrains/testSrc/org/jetbrains/android/refactoring/AndroidExtractStyleTest.java
tools/adt/idea/android/jetbrains/testSrc/org/jetbrains/android/refactoring/AndroidInlineLayoutTest.java
tools/adt/idea/android/jetbrains/testSrc/org/jetbrains/android/refactoring/AndroidInlineStyleTest.java
tools/adt/idea/android/jetbrains/testSrc/org/jetbrains/android/refactoring/UnusedResourcesTest.java
tools/adt/idea/android/jetbrains/testSrc/org/jetbrains/android/refactoring/UsageTypeProvidersTest.kt
tools/adt/idea/android/jetbrains/testSrc/org/jetbrains/android/refactoring/renaming/RenameResourceReferenceTest.kt
tools/adt/idea/android/jetbrains/testSrc/org/jetbrains/android/resourceManagers/FrameworkResourceManagerTest.java
tools/adt/idea/android/jetbrains/testSrc/org/jetbrains/android/sdk/AndroidPlatformTest.java
tools/adt/idea/android/jetbrains/testSrc/org/jetbrains/android/sdk/AndroidSdkDataTest.java
tools/adt/idea/android/jetbrains/testSrc/org/jetbrains/android/sdk/AndroidSdkOrDefaultUtilTest.kt
tools/adt/idea/android/jetbrains/testSrc/org/jetbrains/android/sdk/AndroidSdkSourcesBrowsingTest.java
tools/adt/idea/android/jetbrains/testSrc/org/jetbrains/android/sdk/AndroidSdkUtilsTest.java
tools/adt/idea/android/jetbrains/testSrc/org/jetbrains/android/sdk/AndroidTargetDataTest.java
tools/adt/idea/android/jetbrains/testSrc/org/jetbrains/android/spellchecker/AndroidJsonSpellcheckingStrategyTest.kt
tools/adt/idea/android/jetbrains/testSrc/org/jetbrains/android/spellchecker/AndroidShellSpellcheckingStrategyTest.kt
tools/adt/idea/android/jetbrains/testSrc/org/jetbrains/android/uipreview/ChooseClassDialogTest.kt
tools/adt/idea/android/jetbrains/testSrc/org/jetbrains/android/uipreview/ClassModificationTimestampTest.kt
tools/adt/idea/android/jetbrains/testSrc/org/jetbrains/android/uipreview/ModuleClassLoaderDependenciesTest.kt
tools/adt/idea/android/jetbrains/testSrc/org/jetbrains/android/uipreview/ModuleClassLoaderHatcheryTest.kt
tools/adt/idea/android/jetbrains/testSrc/org/jetbrains/android/uipreview/ModuleClassLoaderOverlaysTest.kt
tools/adt/idea/android/jetbrains/testSrc/org/jetbrains/android/uipreview/NonTransitiveResourcesLoaderTest.kt
tools/adt/idea/android/jetbrains/testSrc/org/jetbrains/android/uipreview/NotificationManagerTest.kt
tools/adt/idea/android/jetbrains/testSrc/org/jetbrains/android/uipreview/StudioModuleClassLoaderManagerTest.kt
tools/adt/idea/android/jetbrains/testSrc/org/jetbrains/android/uipreview/StudioModuleClassLoaderTest.java
tools/adt/idea/android/jetbrains/testSrc/org/jetbrains/android/uipreview/TestClassVisitorWithId.kt
tools/adt/idea/android/jetbrains/testSrc/org/jetbrains/android/uipreview/ViewLoaderTest.java
tools/adt/idea/android/jetbrains/testSrc/org/jetbrains/android/uipreview/classloading/LibraryResourceClassLoaderTest.kt
tools/adt/idea/android/jetbrains/testSrc/org/jetbrains/android/uipreview/nontransitive/EmptyClass.kt
tools/adt/idea/android/jetbrains/testSrc/org/jetbrains/android/uipreview/nontransitive/app/R.kt
tools/adt/idea/android/jetbrains/testSrc/org/jetbrains/android/uipreview/nontransitive/lib/R.kt
tools/adt/idea/android/jetbrains/testSrc/org/jetbrains/android/util/AndroidUtilsTest.java
tools/adt/idea/android/jetbrains/testSrc/org/jetbrains/android/util/DisposableUtilsTest.kt
tools/adt/idea/android/lang/testSrc/com/android/tools/idea/lang/AndroidNullableNotNullManagerImplTest.kt
tools/adt/idea/android/lang/testSrc/com/android/tools/idea/lang/AndroidSdkInferredAnnotationProviderTest.kt
tools/adt/idea/android/lang/testSrc/com/android/tools/idea/lang/typedef/TypeDefCompletionContributorTest.kt
tools/adt/idea/android/lang/testSrc/com/android/tools/idea/lang/typedef/TypeDefTest.kt
tools/adt/idea/android/model/testSrc/com/android/tools/idea/model/AndroidManifestIndexNotReadyQueryUtilsTest.kt
tools/adt/idea/android/model/testSrc/com/android/tools/idea/model/AndroidManifestIndexQueryUtilsTest.kt
tools/adt/idea/android/model/testSrc/com/android/tools/idea/model/AndroidManifestIndexTest.kt
tools/adt/idea/android/model/testSrc/com/android/tools/idea/model/MergedManifestInfoTest.java
tools/adt/idea/android/model/testSrc/com/android/tools/idea/model/MergedManifestManagerTest.java
tools/adt/idea/android/model/testSrc/com/android/tools/idea/model/MergedManifestModificationListenerTest.kt
tools/adt/idea/android/model/testSrc/com/android/tools/idea/model/MergedManifestModificationTrackerTest.java
tools/adt/idea/android/model/testSrc/com/android/tools/idea/model/MergedManifestRefreshListenerTest.kt
tools/adt/idea/android/model/testSrc/com/android/tools/idea/model/PathStringPoolTest.kt
tools/adt/idea/android/modularize/testSrc/com/android/tools/idea/refactoring/modularize/AndroidCodeAndResourcesGraphTest.kt
tools/adt/idea/android/modularize/testSrc/com/android/tools/idea/refactoring/modularize/AndroidModularizeActionTest.kt
tools/adt/idea/android/modularize/testSrc/com/android/tools/idea/refactoring/modularize/AndroidModularizeHandlerKotlinTest.java
tools/adt/idea/android/modularize/testSrc/com/android/tools/idea/refactoring/modularize/AndroidModularizeHandlerTest.java
tools/adt/idea/android/modularize/testSrc/com/android/tools/idea/refactoring/modularize/AndroidModularizeKotlinRefactoringTest.kt
tools/adt/idea/android/modularize/testSrc/com/android/tools/idea/refactoring/modularize/AndroidModularizeKotlinTest.java
tools/adt/idea/android/modularize/testSrc/com/android/tools/idea/refactoring/modularize/AndroidModularizeTest.java
tools/adt/idea/android/modularize/testSrc/com/android/tools/idea/refactoring/modularize/DependencyTreeNodeTest.kt
tools/adt/idea/android/modularize/testSrc/com/android/tools/idea/refactoring/modularize/ResourceUrlTreeNodeTest.kt
tools/adt/idea/android/modularize/testSrc/com/android/tools/idea/refactoring/modularize/UsageInfoTreeNodeTest.kt
tools/adt/idea/android/navigator/testSrc/com/android/tools/idea/navigator/AndroidProjectViewTest.java
tools/adt/idea/android/navigator/testSrc/com/android/tools/idea/navigator/ProjectViewListenerTest.kt
tools/adt/idea/android/navigator/testSrc/com/android/tools/idea/navigator/nodes/android/AndroidBuildScriptsGroupNodeTest.kt
tools/adt/idea/android/navigator/testSrc/com/android/tools/idea/navigator/nodes/android/AndroidSourceTypeNodeTest.kt
tools/adt/idea/android/navigator/testSrc/com/android/tools/idea/navigator/nodes/android/BuildScriptTreeStructureProviderTest.java
tools/adt/idea/android/navigator/testSrc/com/android/tools/idea/navigator/nodes/apk/SourceFoldersTest.java
tools/adt/idea/android/navigator/testSrc/com/android/tools/idea/navigator/nodes/apk/java/ApkPackagesTest.java
tools/adt/idea/android/navigator/testSrc/com/android/tools/idea/navigator/nodes/apk/ndk/LibraryFileNodeTest.java
tools/adt/idea/android/navigator/testSrc/com/android/tools/idea/navigator/nodes/apk/ndk/LibraryNodeTest.java
tools/adt/idea/android/navigator/testSrc/com/android/tools/idea/navigator/nodes/apk/ndk/PathTreesTest.java
tools/adt/idea/android/navigator/testSrc/com/android/tools/idea/navigator/nodes/apk/ndk/SourceCodeFilterTest.java
tools/adt/idea/android/navigator/testSrc/com/android/tools/idea/navigator/nodes/ndk/includes/RealWorldExamples.java
tools/adt/idea/android/navigator/testSrc/com/android/tools/idea/navigator/nodes/ndk/includes/model/PackageFamilyKeyTest.java
tools/adt/idea/android/navigator/testSrc/com/android/tools/idea/navigator/nodes/ndk/includes/model/PackageFamilyValueTest.kt
tools/adt/idea/android/navigator/testSrc/com/android/tools/idea/navigator/nodes/ndk/includes/model/PackageKeyTest.java
tools/adt/idea/android/navigator/testSrc/com/android/tools/idea/navigator/nodes/ndk/includes/model/PackageTypeTest.kt
tools/adt/idea/android/navigator/testSrc/com/android/tools/idea/navigator/nodes/ndk/includes/model/PackageValueTest.java
tools/adt/idea/android/navigator/testSrc/com/android/tools/idea/navigator/nodes/ndk/includes/model/ShadowingIncludeValueTest.kt
tools/adt/idea/android/navigator/testSrc/com/android/tools/idea/navigator/nodes/ndk/includes/model/SimpleIncludeValueTest.kt
tools/adt/idea/android/navigator/testSrc/com/android/tools/idea/navigator/nodes/ndk/includes/resolver/CDepIncludeResolverTest.java
tools/adt/idea/android/navigator/testSrc/com/android/tools/idea/navigator/nodes/ndk/includes/resolver/CDepMultipackageIncludeResolverTest.java
tools/adt/idea/android/navigator/testSrc/com/android/tools/idea/navigator/nodes/ndk/includes/resolver/CDepSimplePackageIncludeResolverTest.java
tools/adt/idea/android/navigator/testSrc/com/android/tools/idea/navigator/nodes/ndk/includes/resolver/ClassifiedIncludeExpressionNodeRewriterTest.java
tools/adt/idea/android/navigator/testSrc/com/android/tools/idea/navigator/nodes/ndk/includes/resolver/CocosIncludeResolverTest.java
tools/adt/idea/android/navigator/testSrc/com/android/tools/idea/navigator/nodes/ndk/includes/resolver/IndexedRegularExpressionIncludeResolverTest.java
tools/adt/idea/android/navigator/testSrc/com/android/tools/idea/navigator/nodes/ndk/includes/resolver/NdkIncludeResolverTest.java
tools/adt/idea/android/navigator/testSrc/com/android/tools/idea/navigator/nodes/ndk/includes/resolver/PlainFolderIncludeResolverTest.java
tools/adt/idea/android/navigator/testSrc/com/android/tools/idea/navigator/nodes/ndk/includes/resolver/PlainFolderRegularExpressionIncludeResolverTest.java
tools/adt/idea/android/navigator/testSrc/com/android/tools/idea/navigator/nodes/ndk/includes/resolver/ResolverTests.java
tools/adt/idea/android/navigator/testSrc/com/android/tools/idea/navigator/nodes/ndk/includes/utils/TestIncludeSet.java
tools/adt/idea/android/navigator/testSrc/com/android/tools/idea/navigator/nodes/ndk/includes/utils/TestLexicalIncludePaths.java
tools/adt/idea/android/navigator/testSrc/com/android/tools/idea/navigator/nodes/other/AndroidViewNodeEqualityTest.java
tools/adt/idea/android/project/testSrc/com/android/tools/idea/project/AndroidNotificationStub.java
tools/adt/idea/android/project/testSrc/com/android/tools/idea/project/AndroidProjectInfoTest.java
tools/adt/idea/android/project/testSrc/com/android/tools/idea/project/AndroidRunConfigurationsTest.kt
tools/adt/idea/android/project/testSrc/com/android/tools/idea/project/DefaultModuleSystemTest.kt
tools/adt/idea/android/project/testSrc/com/android/tools/idea/project/DefaultProjectSystemTest.kt
tools/adt/idea/android/project/testSrc/com/android/tools/idea/project/MainImporterTest.java
tools/adt/idea/android/sdk/testSrc/com/android/tools/idea/sdk/AndroidSdkPathStoreTest.kt
tools/adt/idea/android/sdk/testSrc/com/android/tools/idea/sdk/AndroidSdkUpdaterPluginTest.java
tools/adt/idea/android/sdk/testSrc/com/android/tools/idea/sdk/AndroidSdksTest.java
tools/adt/idea/android/sdk/testSrc/com/android/tools/idea/sdk/IdeSdksAndroidTest.java
tools/adt/idea/android/sdk/testSrc/com/android/tools/idea/sdk/IdeSdksTest.java
tools/adt/idea/android/sdk/testSrc/com/android/tools/idea/sdk/NdkPathsTest.kt
tools/adt/idea/android/sdk/testSrc/com/android/tools/idea/sdk/SdkHighlightFilterTest.kt
tools/adt/idea/android/sdk/testSrc/com/android/tools/idea/sdk/SdkPathsTest.java
tools/adt/idea/android/sdk/testSrc/com/android/tools/idea/sdk/SdkWritingAccessProviderTest.kt
tools/adt/idea/android/sdk/testSrc/com/android/tools/idea/sdk/StudioDownloaderTest.java
tools/adt/idea/android/sdk/testSrc/com/android/tools/idea/sdk/extensions/RootProviderExtensionsTest.kt
tools/adt/idea/android/sdk/testSrc/com/android/tools/idea/sdk/extensions/SdkExtensionsTest.kt
tools/adt/idea/android/sdk/testSrc/com/android/tools/idea/sdk/sources/SdkSourceFinderForApiLevelTest.kt
tools/adt/idea/android/sdk/testSrc/com/android/tools/idea/sdk/sources/SdkSourcePositionFinderImplTest.kt
tools/adt/idea/android/sdk/testSrc/com/android/tools/idea/sdk/wizard/InstallTaskTest.java
tools/adt/idea/android/sdk/testSrc/com/android/tools/idea/sdk/wizard/SdkQuickfixUtilsTest.java
tools/adt/idea/android/src/com/android/emulator/SnapshotProtoParser.kt
tools/adt/idea/android/src/com/android/ide/common/repository/IdeNetworkCacheUtils.kt
tools/adt/idea/android/src/com/android/tools/idea/AndroidDictionaryProvider.kt
tools/adt/idea/android/src/com/android/tools/idea/AndroidProjectModelUtils.kt
tools/adt/idea/android/src/com/android/tools/idea/AndroidStudioDefaultToolWindowLayoutExtension.kt
tools/adt/idea/android/src/com/android/tools/idea/AndroidStudioKotlinPluginUtils.kt
tools/adt/idea/android/src/com/android/tools/idea/AndroidStudioResourceUrls.kt
tools/adt/idea/android/src/com/android/tools/idea/AndroidStudioUpdateStrategyCustomization.java
tools/adt/idea/android/src/com/android/tools/idea/actions/AndroidActionGroupRemover.java
tools/adt/idea/android/src/com/android/tools/idea/actions/AndroidAddRtlSupportAction.java
tools/adt/idea/android/src/com/android/tools/idea/actions/AndroidOpenFileAction.java
tools/adt/idea/android/src/com/android/tools/idea/actions/AndroidOpenFileActionKt.kt
tools/adt/idea/android/src/com/android/tools/idea/actions/AndroidStudioActionRemover.java
tools/adt/idea/android/src/com/android/tools/idea/actions/AnnotateTask.java
tools/adt/idea/android/src/com/android/tools/idea/actions/BrowserHelpAction.java
tools/adt/idea/android/src/com/android/tools/idea/actions/BrowserNotificationAction.kt
tools/adt/idea/android/src/com/android/tools/idea/actions/ConvertToNinePatchAction.java
tools/adt/idea/android/src/com/android/tools/idea/actions/CreateDiagnosticReportAction.kt
tools/adt/idea/android/src/com/android/tools/idea/actions/DevicePickerHelpAction.kt
tools/adt/idea/android/src/com/android/tools/idea/actions/DisableAllPluginsAction.kt
tools/adt/idea/android/src/com/android/tools/idea/actions/ExportProjectZip.java
tools/adt/idea/android/src/com/android/tools/idea/actions/ExportProjectZipExcludesContributor.java
tools/adt/idea/android/src/com/android/tools/idea/actions/FeatureSurveyNotificationAction.kt
tools/adt/idea/android/src/com/android/tools/idea/actions/HideAndroidBannerAction.kt
tools/adt/idea/android/src/com/android/tools/idea/actions/JavaSourceAction.java
tools/adt/idea/android/src/com/android/tools/idea/actions/Kind.java
tools/adt/idea/android/src/com/android/tools/idea/actions/LegacyNewAndroidComponentAction.java
tools/adt/idea/android/src/com/android/tools/idea/actions/MeetAndroidStudioHelpAction.java
tools/adt/idea/android/src/com/android/tools/idea/actions/OpenProjectFileChooserDescriptorWithAsyncIcon.java
tools/adt/idea/android/src/com/android/tools/idea/actions/OpenStringResourceEditorAction.java
tools/adt/idea/android/src/com/android/tools/idea/actions/ResetUserIdAction.kt
tools/adt/idea/android/src/com/android/tools/idea/actions/ShowDiagnosticReportAction.kt
tools/adt/idea/android/src/com/android/tools/idea/actions/ShowRoomSchemaAction.kt
tools/adt/idea/android/src/com/android/tools/idea/actions/SubmitBugReportAction.java
tools/adt/idea/android/src/com/android/tools/idea/actions/SubmitBugReportActionShim.kt
tools/adt/idea/android/src/com/android/tools/idea/actions/ValidateEssentialPluginsAction.kt
tools/adt/idea/android/src/com/android/tools/idea/actions/annotations/InferAnnotations.kt
tools/adt/idea/android/src/com/android/tools/idea/actions/annotations/InferAnnotationsAction.kt
tools/adt/idea/android/src/com/android/tools/idea/actions/annotations/InferAnnotationsSettings.kt
tools/adt/idea/android/src/com/android/tools/idea/actions/annotations/InferAnnotationsToken.kt
tools/adt/idea/android/src/com/android/tools/idea/actions/annotations/InferredConstraints.kt
tools/adt/idea/android/src/com/android/tools/idea/actions/license/LicenseTextCollector.java
tools/adt/idea/android/src/com/android/tools/idea/actions/license/LicensesLocator.java
tools/adt/idea/android/src/com/android/tools/idea/actions/license/ShowLicensesUsedAction.java
tools/adt/idea/android/src/com/android/tools/idea/analytics/IdeBrandProvider.kt
tools/adt/idea/android/src/com/android/tools/idea/analytics/SystemInfoStatsMonitor.java
tools/adt/idea/android/src/com/android/tools/idea/apk/AarFileType.java
tools/adt/idea/android/src/com/android/tools/idea/apk/ApkFacet.java
tools/adt/idea/android/src/com/android/tools/idea/apk/ApkFacetConfiguration.java
tools/adt/idea/android/src/com/android/tools/idea/apk/ApkFacetType.java
tools/adt/idea/android/src/com/android/tools/idea/apk/ApkFileType.java
tools/adt/idea/android/src/com/android/tools/idea/apk/BundleFileType.java
tools/adt/idea/android/src/com/android/tools/idea/apk/ContentEntryUtil.java
tools/adt/idea/android/src/com/android/tools/idea/apk/DexFileType.java
tools/adt/idea/android/src/com/android/tools/idea/apk/ImportApkAction.java
tools/adt/idea/android/src/com/android/tools/idea/apk/debugging/ApkClass.java
tools/adt/idea/android/src/com/android/tools/idea/apk/debugging/ApkDebugging.java
tools/adt/idea/android/src/com/android/tools/idea/apk/debugging/ApkPackage.java
tools/adt/idea/android/src/com/android/tools/idea/apk/debugging/DebuggableSharedObjectFile.java
tools/adt/idea/android/src/com/android/tools/idea/apk/debugging/DexSourceFiles.java
tools/adt/idea/android/src/com/android/tools/idea/apk/debugging/ExternalSourceFolders.java
tools/adt/idea/android/src/com/android/tools/idea/apk/debugging/KotlinProjectStructureDetector.java
tools/adt/idea/android/src/com/android/tools/idea/apk/debugging/LibraryFolder.java
tools/adt/idea/android/src/com/android/tools/idea/apk/debugging/NativeLibrary.java
tools/adt/idea/android/src/com/android/tools/idea/apk/debugging/SetupIssue.java
tools/adt/idea/android/src/com/android/tools/idea/apk/debugging/editor/ChooseAndAttachJavaSourcesTask.java
tools/adt/idea/android/src/com/android/tools/idea/apk/debugging/editor/SmaliFileNotificationProvider.java
tools/adt/idea/android/src/com/android/tools/idea/apk/dex/DexFileDisassembler.java
tools/adt/idea/android/src/com/android/tools/idea/apk/dex/DexFiles.java
tools/adt/idea/android/src/com/android/tools/idea/apk/paths/PathNode.java
tools/adt/idea/android/src/com/android/tools/idea/apk/paths/PathNodeParent.java
tools/adt/idea/android/src/com/android/tools/idea/apk/paths/PathTree.java
tools/adt/idea/android/src/com/android/tools/idea/configurations/ConfigurationFileState.java
tools/adt/idea/android/src/com/android/tools/idea/configurations/ConfigurationFileUtil.kt
tools/adt/idea/android/src/com/android/tools/idea/configurations/ConfigurationForFile.kt
tools/adt/idea/android/src/com/android/tools/idea/configurations/ConfigurationManager.java
tools/adt/idea/android/src/com/android/tools/idea/configurations/ConfigurationMatcher.java
tools/adt/idea/android/src/com/android/tools/idea/configurations/ConfigurationProjectState.java
tools/adt/idea/android/src/com/android/tools/idea/configurations/ConfigurationStateManager.java
tools/adt/idea/android/src/com/android/tools/idea/configurations/DeviceUtils.kt
tools/adt/idea/android/src/com/android/tools/idea/configurations/ReferenceDevice.kt
tools/adt/idea/android/src/com/android/tools/idea/configurations/StudioConfigurationModelModule.kt
tools/adt/idea/android/src/com/android/tools/idea/configurations/StudioConfigurationStateManager.java
tools/adt/idea/android/src/com/android/tools/idea/configurations/ThemeUtils.kt
tools/adt/idea/android/src/com/android/tools/idea/deploy/DeploymentConfigurable.java
tools/adt/idea/android/src/com/android/tools/idea/deploy/DeploymentConfigurableProvider.java
tools/adt/idea/android/src/com/android/tools/idea/deploy/DeploymentConfiguration.java
tools/adt/idea/android/src/com/android/tools/idea/diagnostics/ActionsReportContributor.java
tools/adt/idea/android/src/com/android/tools/idea/diagnostics/AndroidStudioSystemHealthMonitor.java
tools/adt/idea/android/src/com/android/tools/idea/diagnostics/CPUUseReportContributor.kt
tools/adt/idea/android/src/com/android/tools/idea/diagnostics/DiagnosticReportBuilder.java
tools/adt/idea/android/src/com/android/tools/idea/diagnostics/DiagnosticReportConfiguration.kt
tools/adt/idea/android/src/com/android/tools/idea/diagnostics/DiagnosticReportContributor.java
tools/adt/idea/android/src/com/android/tools/idea/diagnostics/DiagnosticReportIdePerformanceListener.java
tools/adt/idea/android/src/com/android/tools/idea/diagnostics/DiagnosticReportNames.kt
tools/adt/idea/android/src/com/android/tools/idea/diagnostics/DiagnosticUtils.kt
tools/adt/idea/android/src/com/android/tools/idea/diagnostics/DiagnosticsReportCleaner.kt
tools/adt/idea/android/src/com/android/tools/idea/diagnostics/ExceptionRegistry.kt
tools/adt/idea/android/src/com/android/tools/idea/diagnostics/HProfDatabase.kt
tools/adt/idea/android/src/com/android/tools/idea/diagnostics/LastActionTracker.java
tools/adt/idea/android/src/com/android/tools/idea/diagnostics/LockStatusReportContributor.kt
tools/adt/idea/android/src/com/android/tools/idea/diagnostics/MemoryUseReportContributor.java
tools/adt/idea/android/src/com/android/tools/idea/diagnostics/StudioCrashDetails.java
tools/adt/idea/android/src/com/android/tools/idea/diagnostics/StudioCrashDetection.java
tools/adt/idea/android/src/com/android/tools/idea/diagnostics/StudioReportDatabase.java
tools/adt/idea/android/src/com/android/tools/idea/diagnostics/SystemHealthDataCollection.kt
tools/adt/idea/android/src/com/android/tools/idea/diagnostics/ThreadSamplingReport.java
tools/adt/idea/android/src/com/android/tools/idea/diagnostics/ThreadSamplingReportContributor.java
tools/adt/idea/android/src/com/android/tools/idea/diagnostics/TruncatingStringBuilder.kt
tools/adt/idea/android/src/com/android/tools/idea/diagnostics/VirtualizationDetector.kt
tools/adt/idea/android/src/com/android/tools/idea/diagnostics/VirtualizationHandler.kt
tools/adt/idea/android/src/com/android/tools/idea/diagnostics/WindowsCRuntimeChecker.kt
tools/adt/idea/android/src/com/android/tools/idea/diagnostics/commit/GitCommitTimestampTrackerService.kt
tools/adt/idea/android/src/com/android/tools/idea/diagnostics/commit/GitCommitTracker.kt
tools/adt/idea/android/src/com/android/tools/idea/diagnostics/commit/GitCommitTrackerActivity.kt
tools/adt/idea/android/src/com/android/tools/idea/diagnostics/commit/GitMetricsStore.kt
tools/adt/idea/android/src/com/android/tools/idea/diagnostics/crash/BaseStudioReport.java
tools/adt/idea/android/src/com/android/tools/idea/diagnostics/crash/ExceptionDataCollection.kt
tools/adt/idea/android/src/com/android/tools/idea/diagnostics/crash/ExceptionDataConfiguation.kt
tools/adt/idea/android/src/com/android/tools/idea/diagnostics/crash/ExceptionRateLimiter.kt
tools/adt/idea/android/src/com/android/tools/idea/diagnostics/crash/LogBuffer.kt
tools/adt/idea/android/src/com/android/tools/idea/diagnostics/crash/LogCache.kt
tools/adt/idea/android/src/com/android/tools/idea/diagnostics/crash/StudioCrashReport.java
tools/adt/idea/android/src/com/android/tools/idea/diagnostics/crash/StudioCrashReporter.java
tools/adt/idea/android/src/com/android/tools/idea/diagnostics/crash/StudioExceptionReport.java
tools/adt/idea/android/src/com/android/tools/idea/diagnostics/crash/StudioPsiInvalidationTraceReport.java
tools/adt/idea/android/src/com/android/tools/idea/diagnostics/crash/exception/JvmCrashException.java
tools/adt/idea/android/src/com/android/tools/idea/diagnostics/crash/exception/NoPiiException.java
tools/adt/idea/android/src/com/android/tools/idea/diagnostics/crash/exception/NonGracefulExitException.java
tools/adt/idea/android/src/com/android/tools/idea/diagnostics/error/AndroidStudioErrorReportSubmitter.java
tools/adt/idea/android/src/com/android/tools/idea/diagnostics/error/ErrorReportCustomizer.java
tools/adt/idea/android/src/com/android/tools/idea/diagnostics/error/SubmitCrashReportTask.java
tools/adt/idea/android/src/com/android/tools/idea/diagnostics/freeze/DeadlockUIThreadWithLocks.kt
tools/adt/idea/android/src/com/android/tools/idea/diagnostics/freeze/DeadlockUIThreadWithLocksTimeout.kt
tools/adt/idea/android/src/com/android/tools/idea/diagnostics/freeze/DeadlockUIThreadWithReadAction.kt
tools/adt/idea/android/src/com/android/tools/idea/diagnostics/freeze/DeadlockUIThreadWithSynchronized.kt
tools/adt/idea/android/src/com/android/tools/idea/diagnostics/freeze/FreezeGraph.kt
tools/adt/idea/android/src/com/android/tools/idea/diagnostics/freeze/ThreadCallTreeSorter.kt
tools/adt/idea/android/src/com/android/tools/idea/diagnostics/heap/CollectMemoryUsageStatisticsAction.java
tools/adt/idea/android/src/com/android/tools/idea/diagnostics/heap/ComponentsSet.java
tools/adt/idea/android/src/com/android/tools/idea/diagnostics/heap/DepthFirstSearchTraverse.java
tools/adt/idea/android/src/com/android/tools/idea/diagnostics/heap/ExceededClusterStatistics.java
tools/adt/idea/android/src/com/android/tools/idea/diagnostics/heap/ExtendedReportStatistics.java
tools/adt/idea/android/src/com/android/tools/idea/diagnostics/heap/ExtendedStackNode.kt
tools/adt/idea/android/src/com/android/tools/idea/diagnostics/heap/FieldCache.java
tools/adt/idea/android/src/com/android/tools/idea/diagnostics/heap/HeapSnapshotStatistics.java
tools/adt/idea/android/src/com/android/tools/idea/diagnostics/heap/HeapSnapshotTraverseException.java
tools/adt/idea/android/src/com/android/tools/idea/diagnostics/heap/HeapSnapshotTraverseService.java
tools/adt/idea/android/src/com/android/tools/idea/diagnostics/heap/HeapTraverseChildProcessor.java
tools/adt/idea/android/src/com/android/tools/idea/diagnostics/heap/HeapTraverseConfig.java
tools/adt/idea/android/src/com/android/tools/idea/diagnostics/heap/HeapTraverseNode.java
tools/adt/idea/android/src/com/android/tools/idea/diagnostics/heap/HeapTraverseUtil.java
tools/adt/idea/android/src/com/android/tools/idea/diagnostics/heap/IntegrationTestCollectMemoryUsageStatisticsAction.java
tools/adt/idea/android/src/com/android/tools/idea/diagnostics/heap/MemoryReportCollector.java
tools/adt/idea/android/src/com/android/tools/idea/diagnostics/heap/MemoryReportJniHelper.java
tools/adt/idea/android/src/com/android/tools/idea/diagnostics/heap/ObjectTagUtil.java
tools/adt/idea/android/src/com/android/tools/idea/diagnostics/heap/ObjectsStatistics.kt
tools/adt/idea/android/src/com/android/tools/idea/diagnostics/heap/RootPathTree.java
tools/adt/idea/android/src/com/android/tools/idea/diagnostics/heap/RootPathTreeNode.java
tools/adt/idea/android/src/com/android/tools/idea/diagnostics/heap/RootPathTreePrinter.java
tools/adt/idea/android/src/com/android/tools/idea/diagnostics/heap/StackNode.java
tools/adt/idea/android/src/com/android/tools/idea/diagnostics/hprof/Analyzer.java
tools/adt/idea/android/src/com/android/tools/idea/diagnostics/hprof/action/AnalysisRunnable.kt
tools/adt/idea/android/src/com/android/tools/idea/diagnostics/hprof/action/HeapDumpSnapshotRunnable.kt
tools/adt/idea/android/src/com/android/tools/idea/diagnostics/hprof/action/heapDumpActions.kt
tools/adt/idea/android/src/com/android/tools/idea/diagnostics/hprof/analysis/AnalysisConfig.kt
tools/adt/idea/android/src/com/android/tools/idea/diagnostics/hprof/analysis/AnalysisContext.kt
tools/adt/idea/android/src/com/android/tools/idea/diagnostics/hprof/analysis/AnalysisReport.kt
tools/adt/idea/android/src/com/android/tools/idea/diagnostics/hprof/analysis/AnalyzeDisposer.kt
tools/adt/idea/android/src/com/android/tools/idea/diagnostics/hprof/analysis/AnalyzeGraph.kt
tools/adt/idea/android/src/com/android/tools/idea/diagnostics/hprof/analysis/ClassNomination.kt
tools/adt/idea/android/src/com/android/tools/idea/diagnostics/hprof/analysis/GCRootPathsTree.kt
tools/adt/idea/android/src/com/android/tools/idea/diagnostics/hprof/analysis/HProfAnalysis.kt
tools/adt/idea/android/src/com/android/tools/idea/diagnostics/hprof/analysis/LiveInstanceStats.kt
tools/adt/idea/android/src/com/android/tools/idea/diagnostics/hprof/analysis/RefIndexUtil.kt
tools/adt/idea/android/src/com/android/tools/idea/diagnostics/hprof/analysis/SummaryTree.kt
tools/adt/idea/android/src/com/android/tools/idea/diagnostics/hprof/classstore/ClassDefinition.kt
tools/adt/idea/android/src/com/android/tools/idea/diagnostics/hprof/classstore/ClassStore.kt
tools/adt/idea/android/src/com/android/tools/idea/diagnostics/hprof/classstore/HProfMetadata.kt
tools/adt/idea/android/src/com/android/tools/idea/diagnostics/hprof/classstore/InstanceField.kt
tools/adt/idea/android/src/com/android/tools/idea/diagnostics/hprof/classstore/StaticField.kt
tools/adt/idea/android/src/com/android/tools/idea/diagnostics/hprof/classstore/ThreadInfo.kt
tools/adt/idea/android/src/com/android/tools/idea/diagnostics/hprof/histogram/Histogram.kt
tools/adt/idea/android/src/com/android/tools/idea/diagnostics/hprof/histogram/HistogramEntry.kt
tools/adt/idea/android/src/com/android/tools/idea/diagnostics/hprof/navigator/ObjectNavigator.kt
tools/adt/idea/android/src/com/android/tools/idea/diagnostics/hprof/navigator/ObjectNavigatorOnAuxFiles.kt
tools/adt/idea/android/src/com/android/tools/idea/diagnostics/hprof/navigator/RootReason.kt
tools/adt/idea/android/src/com/android/tools/idea/diagnostics/hprof/parser/ConstantPoolEntry.kt
tools/adt/idea/android/src/com/android/tools/idea/diagnostics/hprof/parser/HProfEventBasedParser.kt
tools/adt/idea/android/src/com/android/tools/idea/diagnostics/hprof/parser/HProfVisitor.kt
tools/adt/idea/android/src/com/android/tools/idea/diagnostics/hprof/parser/HeapDumpRecordType.kt
tools/adt/idea/android/src/com/android/tools/idea/diagnostics/hprof/parser/InstanceFieldEntry.kt
tools/adt/idea/android/src/com/android/tools/idea/diagnostics/hprof/parser/RecordType.kt
tools/adt/idea/android/src/com/android/tools/idea/diagnostics/hprof/parser/StaticFieldEntry.kt
tools/adt/idea/android/src/com/android/tools/idea/diagnostics/hprof/parser/Type.kt
tools/adt/idea/android/src/com/android/tools/idea/diagnostics/hprof/parser/VisitorContext.kt
tools/adt/idea/android/src/com/android/tools/idea/diagnostics/hprof/util/AbstractHProfNavigatorReadBuffer.kt
tools/adt/idea/android/src/com/android/tools/idea/diagnostics/hprof/util/FileBackedHashMap.kt
tools/adt/idea/android/src/com/android/tools/idea/diagnostics/hprof/util/FileBackedIntList.kt
tools/adt/idea/android/src/com/android/tools/idea/diagnostics/hprof/util/FileBackedUByteList.kt
tools/adt/idea/android/src/com/android/tools/idea/diagnostics/hprof/util/FileBackedUShortList.kt
tools/adt/idea/android/src/com/android/tools/idea/diagnostics/hprof/util/FileChannelBackedWriteBuffer.kt
tools/adt/idea/android/src/com/android/tools/idea/diagnostics/hprof/util/HProfReadBuffer.kt
tools/adt/idea/android/src/com/android/tools/idea/diagnostics/hprof/util/HProfReadBufferSlidingWindow.kt
tools/adt/idea/android/src/com/android/tools/idea/diagnostics/hprof/util/HeapReportUtils.kt
tools/adt/idea/android/src/com/android/tools/idea/diagnostics/hprof/util/HprofWriter.kt
tools/adt/idea/android/src/com/android/tools/idea/diagnostics/hprof/util/IDMapper.kt
tools/adt/idea/android/src/com/android/tools/idea/diagnostics/hprof/util/IntList.kt
tools/adt/idea/android/src/com/android/tools/idea/diagnostics/hprof/util/ListProvider.kt
tools/adt/idea/android/src/com/android/tools/idea/diagnostics/hprof/util/PartialProgressIndicator.kt
tools/adt/idea/android/src/com/android/tools/idea/diagnostics/hprof/util/TreeNode.kt
tools/adt/idea/android/src/com/android/tools/idea/diagnostics/hprof/util/TreeVisualizer.kt
tools/adt/idea/android/src/com/android/tools/idea/diagnostics/hprof/util/TruncatingPrintBuffer.kt
tools/adt/idea/android/src/com/android/tools/idea/diagnostics/hprof/util/UByteList.kt
tools/adt/idea/android/src/com/android/tools/idea/diagnostics/hprof/util/UShortList.kt
tools/adt/idea/android/src/com/android/tools/idea/diagnostics/hprof/visitors/CollectRootReasonsVisitor.kt
tools/adt/idea/android/src/com/android/tools/idea/diagnostics/hprof/visitors/CollectStringValuesVisitor.kt
tools/adt/idea/android/src/com/android/tools/idea/diagnostics/hprof/visitors/CollectThreadInfoVisitor.kt
tools/adt/idea/android/src/com/android/tools/idea/diagnostics/hprof/visitors/CompositeVisitor.kt
tools/adt/idea/android/src/com/android/tools/idea/diagnostics/hprof/visitors/CreateAuxiliaryFilesVisitor.kt
tools/adt/idea/android/src/com/android/tools/idea/diagnostics/hprof/visitors/CreateClassStoreVisitor.kt
tools/adt/idea/android/src/com/android/tools/idea/diagnostics/hprof/visitors/DebugVisitor.kt
tools/adt/idea/android/src/com/android/tools/idea/diagnostics/hprof/visitors/HistogramVisitor.kt
tools/adt/idea/android/src/com/android/tools/idea/diagnostics/hprof/visitors/RemapIDsVisitor.kt
tools/adt/idea/android/src/com/android/tools/idea/diagnostics/jfr/Action.java
tools/adt/idea/android/src/com/android/tools/idea/diagnostics/jfr/CallTreeAggregator.kt
tools/adt/idea/android/src/com/android/tools/idea/diagnostics/jfr/EventFilter.kt
tools/adt/idea/android/src/com/android/tools/idea/diagnostics/jfr/FreezeEvent.java
tools/adt/idea/android/src/com/android/tools/idea/diagnostics/jfr/FreezeUiAction.java
tools/adt/idea/android/src/com/android/tools/idea/diagnostics/jfr/JfrReportGenerator.kt
tools/adt/idea/android/src/com/android/tools/idea/diagnostics/jfr/JfrReportManager.kt
tools/adt/idea/android/src/com/android/tools/idea/diagnostics/jfr/LowMemory.java
tools/adt/idea/android/src/com/android/tools/idea/diagnostics/jfr/RecordingBuffer.java
tools/adt/idea/android/src/com/android/tools/idea/diagnostics/jfr/RecordingManager.kt
tools/adt/idea/android/src/com/android/tools/idea/diagnostics/jfr/analysis/CallTree.kt
tools/adt/idea/android/src/com/android/tools/idea/diagnostics/jfr/analysis/IdleStacks.kt
tools/adt/idea/android/src/com/android/tools/idea/diagnostics/jfr/analysis/JfrAnalyzer.kt
tools/adt/idea/android/src/com/android/tools/idea/diagnostics/jfr/reports/JfrFreezeReports.kt
tools/adt/idea/android/src/com/android/tools/idea/diagnostics/jfr/reports/JfrManifestMergerReports.kt
tools/adt/idea/android/src/com/android/tools/idea/diagnostics/jfr/reports/JfrTypingLatencyReports.kt
tools/adt/idea/android/src/com/android/tools/idea/diagnostics/jfr/reports/ReportTypes.kt
tools/adt/idea/android/src/com/android/tools/idea/diagnostics/kotlin/KotlinPerfCounters.kt
tools/adt/idea/android/src/com/android/tools/idea/diagnostics/profiler/DumpJfrRecording.java
tools/adt/idea/android/src/com/android/tools/idea/diagnostics/profiler/JfrUtils.kt
tools/adt/idea/android/src/com/android/tools/idea/diagnostics/profiler/StartJfr.java
tools/adt/idea/android/src/com/android/tools/idea/diagnostics/profiler/StopJfr.java
tools/adt/idea/android/src/com/android/tools/idea/diagnostics/report/AnalyzedHeapReport.kt
tools/adt/idea/android/src/com/android/tools/idea/diagnostics/report/DiagnosticCrashReport.kt
tools/adt/idea/android/src/com/android/tools/idea/diagnostics/report/DiagnosticReport.kt
tools/adt/idea/android/src/com/android/tools/idea/diagnostics/report/DiagnosticReportProperties.kt
tools/adt/idea/android/src/com/android/tools/idea/diagnostics/report/DiagnosticsSummaryFileProvider.kt
tools/adt/idea/android/src/com/android/tools/idea/diagnostics/report/DirectoryBasedFileProvider.kt
tools/adt/idea/android/src/com/android/tools/idea/diagnostics/report/FreezeReport.kt
tools/adt/idea/android/src/com/android/tools/idea/diagnostics/report/GenericReport.kt
tools/adt/idea/android/src/com/android/tools/idea/diagnostics/report/HeapCrashReport.kt
tools/adt/idea/android/src/com/android/tools/idea/diagnostics/report/HeapReport.kt
tools/adt/idea/android/src/com/android/tools/idea/diagnostics/report/HeapReportProperties.kt
tools/adt/idea/android/src/com/android/tools/idea/diagnostics/report/HistogramReport.kt
tools/adt/idea/android/src/com/android/tools/idea/diagnostics/report/LogFileProvider.kt
tools/adt/idea/android/src/com/android/tools/idea/diagnostics/report/MemoryReportReason.kt
tools/adt/idea/android/src/com/android/tools/idea/diagnostics/report/MetricsLogFileProvider.kt
tools/adt/idea/android/src/com/android/tools/idea/diagnostics/report/PerformanceThreadDumpReport.kt
tools/adt/idea/android/src/com/android/tools/idea/diagnostics/report/SystemInfoFileProvider.kt
tools/adt/idea/android/src/com/android/tools/idea/diagnostics/report/UnanalyzedHeapReport.kt
tools/adt/idea/android/src/com/android/tools/idea/diagnostics/typing/TypingEventWatcher.kt
tools/adt/idea/android/src/com/android/tools/idea/diagnostics/util/FrameInfo.java
tools/adt/idea/android/src/com/android/tools/idea/diagnostics/util/ThreadCallTree.java
tools/adt/idea/android/src/com/android/tools/idea/diagnostics/windows/AndroidWindowsDefenderCheckerExt.java
tools/adt/idea/android/src/com/android/tools/idea/dom/xml/PathElement.java
tools/adt/idea/android/src/com/android/tools/idea/dom/xml/PathsDomFileDescription.java
tools/adt/idea/android/src/com/android/tools/idea/dom/xml/PathsElement.java
tools/adt/idea/android/src/com/android/tools/idea/editors/AndroidCodeVisionSettingsDefaults.kt
tools/adt/idea/android/src/com/android/tools/idea/editors/AndroidEditorTitleProvider.java
tools/adt/idea/android/src/com/android/tools/idea/editors/AndroidFakeFileSystem.java
tools/adt/idea/android/src/com/android/tools/idea/editors/AndroidImportFilter.java
tools/adt/idea/android/src/com/android/tools/idea/editors/AndroidOverrideAnnotationsHandler.kt
tools/adt/idea/android/src/com/android/tools/idea/editors/AndroidRegExpHost.kt
tools/adt/idea/android/src/com/android/tools/idea/editors/AttachAndroidSdkSourcesNotificationProvider.kt
tools/adt/idea/android/src/com/android/tools/idea/editors/ChangeManager.kt
tools/adt/idea/android/src/com/android/tools/idea/editors/NinePatchEditor.java
tools/adt/idea/android/src/com/android/tools/idea/editors/NinePatchEditorProvider.java
tools/adt/idea/android/src/com/android/tools/idea/editors/manifest/AnnotationColors.java
tools/adt/idea/android/src/com/android/tools/idea/editors/manifest/ManifestEditor.java
tools/adt/idea/android/src/com/android/tools/idea/editors/manifest/ManifestFileWithMetadata.kt
tools/adt/idea/android/src/com/android/tools/idea/editors/manifest/ManifestPanel.java
tools/adt/idea/android/src/com/android/tools/idea/editors/manifest/ManifestPanelToken.kt
tools/adt/idea/android/src/com/android/tools/idea/editors/manifest/ManifestUtils.java
tools/adt/idea/android/src/com/android/tools/idea/editors/manifest/StaleManifestNotificationProvider.kt
tools/adt/idea/android/src/com/android/tools/idea/editors/sourcecode/FileTypes.kt
tools/adt/idea/android/src/com/android/tools/idea/fileTypes/AndroidIconProvider.java
tools/adt/idea/android/src/com/android/tools/idea/fileTypes/AndroidNinePatchFileType.java
tools/adt/idea/android/src/com/android/tools/idea/fileTypes/FontFileType.java
tools/adt/idea/android/src/com/android/tools/idea/fileTypes/PhotoshopFileType.java
tools/adt/idea/android/src/com/android/tools/idea/flags/ComposeExperimentalSettingsConfigurable.java
tools/adt/idea/android/src/com/android/tools/idea/flags/ExperimentalConfigurable.kt
tools/adt/idea/android/src/com/android/tools/idea/flags/ExperimentalSettingsConfigurable.java
tools/adt/idea/android/src/com/android/tools/idea/flags/ExperimentalSettingsContributor.kt
tools/adt/idea/android/src/com/android/tools/idea/flags/ShowStudioFlagsDialogAction.java
tools/adt/idea/android/src/com/android/tools/idea/flags/StudioExperimentalConfigurableProvider.kt
tools/adt/idea/android/src/com/android/tools/idea/flags/StudioFlagsDialog.java
tools/adt/idea/android/src/com/android/tools/idea/folding/AndroidCodeFoldingOptionsProvider.java
tools/adt/idea/android/src/com/android/tools/idea/folding/AndroidFoldingSettings.java
tools/adt/idea/android/src/com/android/tools/idea/folding/InlinedResource.java
tools/adt/idea/android/src/com/android/tools/idea/folding/ResourceFoldingBuilder.java
tools/adt/idea/android/src/com/android/tools/idea/fonts/FontDirectoryDownloadService.java
tools/adt/idea/android/src/com/android/tools/idea/fonts/FontDownloadService.java
tools/adt/idea/android/src/com/android/tools/idea/fonts/FontFamilyCreator.java
tools/adt/idea/android/src/com/android/tools/idea/fonts/FontFileDownloader.java
tools/adt/idea/android/src/com/android/tools/idea/fonts/MoreFontsDialog.java
tools/adt/idea/android/src/com/android/tools/idea/fonts/StudioDownloadableFontCacheService.kt
tools/adt/idea/android/src/com/android/tools/idea/help/AndroidWebHelpProvider.kt
tools/adt/idea/android/src/com/android/tools/idea/imports/AndroidMavenImportFix.kt
tools/adt/idea/android/src/com/android/tools/idea/imports/AndroidMavenImportIntentionAction.kt
tools/adt/idea/android/src/com/android/tools/idea/imports/AndroidMavenImportJavaResolver.kt
tools/adt/idea/android/src/com/android/tools/idea/imports/AndroidMavenImportKotlinResolver.kt
tools/adt/idea/android/src/com/android/tools/idea/imports/AndroidMavenImportToken.kt
tools/adt/idea/android/src/com/android/tools/idea/imports/GMavenIndexConstants.kt
tools/adt/idea/android/src/com/android/tools/idea/imports/GMavenIndexRepository.kt
tools/adt/idea/android/src/com/android/tools/idea/imports/GzipUtils.kt
tools/adt/idea/android/src/com/android/tools/idea/imports/MavenClassRegistry.kt
tools/adt/idea/android/src/com/android/tools/idea/imports/MavenClassRegistryManager.kt
tools/adt/idea/android/src/com/android/tools/idea/imports/MavenImportUtils.kt
tools/adt/idea/android/src/com/android/tools/idea/imports/UpdateOfflineGMavenIndex.kt
tools/adt/idea/android/src/com/android/tools/idea/instantapp/InstantAppSdks.java
tools/adt/idea/android/src/com/android/tools/idea/instantapp/InstantAppUrlFinder.java
tools/adt/idea/android/src/com/android/tools/idea/instantapp/InstantApps.java
tools/adt/idea/android/src/com/android/tools/idea/instrumentation/threading/ThreadingChecker.kt
tools/adt/idea/android/src/com/android/tools/idea/lang/AndroidNullableNotNullManagerImpl.kt
tools/adt/idea/android/src/com/android/tools/idea/lang/AndroidSdkInferredAnnotationProvider.kt
tools/adt/idea/android/src/com/android/tools/idea/lang/databinding/DataBindingCompletionSupport.kt
tools/adt/idea/android/src/com/android/tools/idea/lang/databinding/DataBindingExpressionSupport.kt
tools/adt/idea/android/src/com/android/tools/idea/lang/databinding/DataBindingLangUtil.kt
tools/adt/idea/android/src/com/android/tools/idea/lang/typedef/JavaTypeDefCompletionContributor.kt
tools/adt/idea/android/src/com/android/tools/idea/lang/typedef/KotlinTypeDefCompletionContributor.kt
tools/adt/idea/android/src/com/android/tools/idea/lang/typedef/TypeDef.kt
tools/adt/idea/android/src/com/android/tools/idea/lang/typedef/TypeDefCompletionContributor.kt
tools/adt/idea/android/src/com/android/tools/idea/log/IJLogger.kt
tools/adt/idea/android/src/com/android/tools/idea/log/IJLoggerProvider.kt
tools/adt/idea/android/src/com/android/tools/idea/manifest/ManifestClassToken.kt
tools/adt/idea/android/src/com/android/tools/idea/memorysettings/AndroidLowMemoryNotifier.java
tools/adt/idea/android/src/com/android/tools/idea/memorysettings/MemorySettingsConfigurable.java
tools/adt/idea/android/src/com/android/tools/idea/memorysettings/MemorySettingsConfigurableProvider.java
tools/adt/idea/android/src/com/android/tools/idea/memorysettings/MemorySettingsRecommendation.java
tools/adt/idea/android/src/com/android/tools/idea/memorysettings/MemorySettingsUtil.java
tools/adt/idea/android/src/com/android/tools/idea/model/AndroidManifestIndex.kt
tools/adt/idea/android/src/com/android/tools/idea/model/AndroidManifestIndexQueryUtils.kt
tools/adt/idea/android/src/com/android/tools/idea/model/ImmutablePermissionHolder.kt
tools/adt/idea/android/src/com/android/tools/idea/model/ManifestPlaceholderResolver.java
tools/adt/idea/android/src/com/android/tools/idea/model/MergedManifestException.kt
tools/adt/idea/android/src/com/android/tools/idea/model/MergedManifestInfo.java
tools/adt/idea/android/src/com/android/tools/idea/model/MergedManifestManager.kt
tools/adt/idea/android/src/com/android/tools/idea/model/MergedManifestModificationListener.kt
tools/adt/idea/android/src/com/android/tools/idea/model/MergedManifestModificationTracker.kt
tools/adt/idea/android/src/com/android/tools/idea/model/MergedManifestRefreshListener.kt
tools/adt/idea/android/src/com/android/tools/idea/model/MergedManifestSnapshot.kt
tools/adt/idea/android/src/com/android/tools/idea/model/MergedManifestSnapshotFactory.java
tools/adt/idea/android/src/com/android/tools/idea/model/PathStringPool.kt
tools/adt/idea/android/src/com/android/tools/idea/model/StudioAndroidModuleInfo.java
tools/adt/idea/android/src/com/android/tools/idea/module/ModuleDisposableService.kt
tools/adt/idea/android/src/com/android/tools/idea/module/ModuleKeyManager.kt
tools/adt/idea/android/src/com/android/tools/idea/navigator/ProjectViewListener.kt
tools/adt/idea/android/src/com/android/tools/idea/ndk/NativeWorkspaceProvider.kt
tools/adt/idea/android/src/com/android/tools/idea/ndk/NativeWorkspaceService.kt
tools/adt/idea/android/src/com/android/tools/idea/ndk/PageAlignDeployListener.kt
tools/adt/idea/android/src/com/android/tools/idea/ndk/PageAlignDisposable.kt
tools/adt/idea/android/src/com/android/tools/idea/ndk/PageAlignNotifier.kt
tools/adt/idea/android/src/com/android/tools/idea/ndk/PageAlignProjectActivity.kt
tools/adt/idea/android/src/com/android/tools/idea/project/AndroidProjectInfo.java
tools/adt/idea/android/src/com/android/tools/idea/project/AndroidProjectTypesProvider.kt
tools/adt/idea/android/src/com/android/tools/idea/project/AndroidRunConfigurations.kt
tools/adt/idea/android/src/com/android/tools/idea/project/AndroidRunConfigurationsManager.kt
tools/adt/idea/android/src/com/android/tools/idea/project/CustomProjectTypeImporter.java
tools/adt/idea/android/src/com/android/tools/idea/project/DefaultApplicationProjectContextProvider.kt
tools/adt/idea/android/src/com/android/tools/idea/project/DefaultBuildManager.kt
tools/adt/idea/android/src/com/android/tools/idea/project/DefaultModuleSystem.kt
tools/adt/idea/android/src/com/android/tools/idea/project/DefaultProjectSystem.kt
tools/adt/idea/android/src/com/android/tools/idea/project/FacetBasedApplicationProjectContext.kt
tools/adt/idea/android/src/com/android/tools/idea/project/LibraryToolWindowInitializer.kt
tools/adt/idea/android/src/com/android/tools/idea/project/ModuleHierarchy.kt
tools/adt/idea/android/src/com/android/tools/idea/project/ProductionModuleClassFileFinder.kt
tools/adt/idea/android/src/com/android/tools/idea/project/hyperlink/SyncMessageFragment.kt
tools/adt/idea/android/src/com/android/tools/idea/project/hyperlink/SyncMessageHyperlink.java
tools/adt/idea/android/src/com/android/tools/idea/project/messages/MessageType.java
tools/adt/idea/android/src/com/android/tools/idea/project/metrics/CacheInvalidatorMetricCollector.java
tools/adt/idea/android/src/com/android/tools/idea/psi/TagToClassMapper.java
tools/adt/idea/android/src/com/android/tools/idea/refactoring/modularize/AndroidCodeAndResourcesGraph.kt
tools/adt/idea/android/src/com/android/tools/idea/refactoring/modularize/AndroidModularizeAction.kt
tools/adt/idea/android/src/com/android/tools/idea/refactoring/modularize/AndroidModularizeDialog.kt
tools/adt/idea/android/src/com/android/tools/idea/refactoring/modularize/AndroidModularizeHandler.kt
tools/adt/idea/android/src/com/android/tools/idea/refactoring/modularize/AndroidModularizePreviewPanel.java
tools/adt/idea/android/src/com/android/tools/idea/refactoring/modularize/AndroidModularizeProcessor.kt
tools/adt/idea/android/src/com/android/tools/idea/refactoring/modularize/DependencyTreeNode.kt
tools/adt/idea/android/src/com/android/tools/idea/refactoring/modularize/ResourceUrlTreeNode.kt
tools/adt/idea/android/src/com/android/tools/idea/refactoring/modularize/UsageInfoTreeNode.kt
tools/adt/idea/android/src/com/android/tools/idea/refactoring/rtl/RtlRefactoringUsageInfo.java
tools/adt/idea/android/src/com/android/tools/idea/refactoring/rtl/RtlSupportDialog.java
tools/adt/idea/android/src/com/android/tools/idea/refactoring/rtl/RtlSupportManager.java
tools/adt/idea/android/src/com/android/tools/idea/refactoring/rtl/RtlSupportProcessor.java
tools/adt/idea/android/src/com/android/tools/idea/refactoring/rtl/RtlSupportProperties.java
tools/adt/idea/android/src/com/android/tools/idea/refactoring/rtl/RtlSupportUsageViewDescriptor.java
tools/adt/idea/android/src/com/android/tools/idea/rendering/AndroidBuildTargetReference.kt
tools/adt/idea/android/src/com/android/tools/idea/rendering/AndroidFacetRenderModelModule.kt
tools/adt/idea/android/src/com/android/tools/idea/rendering/BuildListener.kt
tools/adt/idea/android/src/com/android/tools/idea/rendering/BuildTargetReference.kt
tools/adt/idea/android/src/com/android/tools/idea/rendering/DrawableRenderer.java
tools/adt/idea/android/src/com/android/tools/idea/rendering/EnvironmentContextFactory.kt
tools/adt/idea/android/src/com/android/tools/idea/rendering/FlagManager.java
tools/adt/idea/android/src/com/android/tools/idea/rendering/Gravity.java
tools/adt/idea/android/src/com/android/tools/idea/rendering/GutterIconCache.kt
tools/adt/idea/android/src/com/android/tools/idea/rendering/GutterIconFactory.java
tools/adt/idea/android/src/com/android/tools/idea/rendering/GutterIconRenderer.java
tools/adt/idea/android/src/com/android/tools/idea/rendering/HtmlBuilderHelper.java
tools/adt/idea/android/src/com/android/tools/idea/rendering/IncludingLayout.kt
tools/adt/idea/android/src/com/android/tools/idea/rendering/ProblemSeverities.kt
tools/adt/idea/android/src/com/android/tools/idea/rendering/PsiClassViewClass.kt
tools/adt/idea/android/src/com/android/tools/idea/rendering/PsiIncludeReference.java
tools/adt/idea/android/src/com/android/tools/idea/rendering/RenderErrorContributor.java
tools/adt/idea/android/src/com/android/tools/idea/rendering/RenderErrorModelFactory.java
tools/adt/idea/android/src/com/android/tools/idea/rendering/RenderIssueCollectionConsumer.java
tools/adt/idea/android/src/com/android/tools/idea/rendering/RenderMergedManifest.kt
tools/adt/idea/android/src/com/android/tools/idea/rendering/RenderResultUtil.kt
tools/adt/idea/android/src/com/android/tools/idea/rendering/RenderResults.kt
tools/adt/idea/android/src/com/android/tools/idea/rendering/RenderSettings.kt
tools/adt/idea/android/src/com/android/tools/idea/rendering/RenderUtils.java
tools/adt/idea/android/src/com/android/tools/idea/rendering/ReplaceTagFix.java
tools/adt/idea/android/src/com/android/tools/idea/rendering/ShowExceptionFix.java
tools/adt/idea/android/src/com/android/tools/idea/rendering/ShowFixFactory.kt
tools/adt/idea/android/src/com/android/tools/idea/rendering/StudioCrash.kt
tools/adt/idea/android/src/com/android/tools/idea/rendering/StudioEnvironmentContext.kt
tools/adt/idea/android/src/com/android/tools/idea/rendering/StudioEnvironmentContextFactory.kt
tools/adt/idea/android/src/com/android/tools/idea/rendering/StudioLayoutlibContext.kt
tools/adt/idea/android/src/com/android/tools/idea/rendering/StudioModuleDependencies.kt
tools/adt/idea/android/src/com/android/tools/idea/rendering/StudioModuleRenderContext.kt
tools/adt/idea/android/src/com/android/tools/idea/rendering/StudioRenderSecurityManager.kt
tools/adt/idea/android/src/com/android/tools/idea/rendering/StudioRenderService.kt
tools/adt/idea/android/src/com/android/tools/idea/rendering/VectorDrawableTransformer.java
tools/adt/idea/android/src/com/android/tools/idea/rendering/actions/RenderLaggingMode.kt
tools/adt/idea/android/src/com/android/tools/idea/rendering/classloading/ConstructorReplacingTransform.kt
tools/adt/idea/android/src/com/android/tools/idea/rendering/classloading/FakeSavedStateRegistryClassDump.kt
tools/adt/idea/android/src/com/android/tools/idea/rendering/classloading/FilteringClassLoader.kt
tools/adt/idea/android/src/com/android/tools/idea/rendering/classloading/FirewalledResourcesClassLoader.kt
tools/adt/idea/android/src/com/android/tools/idea/rendering/classloading/PreviewParameterProviderRemapper.kt
tools/adt/idea/android/src/com/android/tools/idea/rendering/classloading/ReflectionUtil.kt
tools/adt/idea/android/src/com/android/tools/idea/rendering/classloading/RepackageTransform.kt
tools/adt/idea/android/src/com/android/tools/idea/rendering/classloading/StringReplaceTransform.kt
tools/adt/idea/android/src/com/android/tools/idea/rendering/classloading/ThreadControllingTransform.kt
tools/adt/idea/android/src/com/android/tools/idea/rendering/classloading/ThreadLocalTrackingTransform.kt
tools/adt/idea/android/src/com/android/tools/idea/rendering/classloading/ViewTreeLifecycleTransform.kt
tools/adt/idea/android/src/com/android/tools/idea/rendering/classloading/loaders/CachingLoader.kt
tools/adt/idea/android/src/com/android/tools/idea/rendering/classloading/loaders/ClassBinaryCacheLoader.kt
tools/adt/idea/android/src/com/android/tools/idea/rendering/classloading/loaders/FakeSavedStateRegistryLoader.kt
tools/adt/idea/android/src/com/android/tools/idea/rendering/classloading/loaders/JarManager.kt
tools/adt/idea/android/src/com/android/tools/idea/rendering/classloading/loaders/ListeningLoader.kt
tools/adt/idea/android/src/com/android/tools/idea/rendering/classloading/loaders/MultiLoaderWithAffinity.kt
tools/adt/idea/android/src/com/android/tools/idea/rendering/classloading/loaders/NameRemapperLoader.kt
tools/adt/idea/android/src/com/android/tools/idea/rendering/classloading/loaders/ProjectSystemClassLoader.kt
tools/adt/idea/android/src/com/android/tools/idea/rendering/classloading/loaders/RecyclerViewAdapterLoader.kt
tools/adt/idea/android/src/com/android/tools/idea/rendering/errors/RenderErrorContributorUtil.kt
tools/adt/idea/android/src/com/android/tools/idea/rendering/errors/ui/MessageTip.kt
tools/adt/idea/android/src/com/android/tools/idea/rendering/errors/ui/RenderErrorModel.java
tools/adt/idea/android/src/com/android/tools/idea/rendering/parsers/PsiXmlAttribute.kt
tools/adt/idea/android/src/com/android/tools/idea/rendering/parsers/PsiXmlFile.kt
tools/adt/idea/android/src/com/android/tools/idea/rendering/parsers/PsiXmlTag.kt
tools/adt/idea/android/src/com/android/tools/idea/rendering/tokens/BuildSystemFilePreviewServices.kt
tools/adt/idea/android/src/com/android/tools/idea/rendering/tokens/DefaultBuildTargetReference.kt
tools/adt/idea/android/src/com/android/tools/idea/rendering/webp/ConvertFromWebpAction.java
tools/adt/idea/android/src/com/android/tools/idea/rendering/webp/ConvertToWebpAction.java
tools/adt/idea/android/src/com/android/tools/idea/rendering/webp/WebpConversionDialog.java
tools/adt/idea/android/src/com/android/tools/idea/rendering/webp/WebpConversionSettings.java
tools/adt/idea/android/src/com/android/tools/idea/rendering/webp/WebpConvertedFile.java
tools/adt/idea/android/src/com/android/tools/idea/rendering/webp/WebpPreviewDialog.java
tools/adt/idea/android/src/com/android/tools/idea/sampledata/datasource/CombinerDataSource.java
tools/adt/idea/android/src/com/android/tools/idea/sampledata/datasource/DateTimeGenerator.java
tools/adt/idea/android/src/com/android/tools/idea/sampledata/datasource/HardcodedContent.java
tools/adt/idea/android/src/com/android/tools/idea/sampledata/datasource/LoremIpsumGenerator.java
tools/adt/idea/android/src/com/android/tools/idea/sampledata/datasource/NumberGenerator.java
tools/adt/idea/android/src/com/android/tools/idea/sampledata/datasource/ResourceContent.java
tools/adt/idea/android/src/com/android/tools/idea/startup/Actions.java
tools/adt/idea/android/src/com/android/tools/idea/startup/AdbFileProviderInitializer.kt
tools/adt/idea/android/src/com/android/tools/idea/startup/AndroidPluginIdeaInitializer.kt
tools/adt/idea/android/src/com/android/tools/idea/startup/AndroidStudioActionCustomizer.java
tools/adt/idea/android/src/com/android/tools/idea/startup/AndroidStudioAnalyticsImpl.java
tools/adt/idea/android/src/com/android/tools/idea/startup/AndroidStudioInitializer.kt
tools/adt/idea/android/src/com/android/tools/idea/startup/ClearResourceCacheAfterFirstBuild.kt
tools/adt/idea/android/src/com/android/tools/idea/startup/ExternalAnnotationsSupport.java
tools/adt/idea/android/src/com/android/tools/idea/startup/ProjectMetricsInitializer.kt
tools/adt/idea/android/src/com/android/tools/idea/stats/AndroidStudioEventLogger.kt
tools/adt/idea/android/src/com/android/tools/idea/stats/AndroidStudioStatisticsEventLoggerProvider.kt
tools/adt/idea/android/src/com/android/tools/idea/stats/AndroidStudioUsageTracker.kt
tools/adt/idea/android/src/com/android/tools/idea/stats/BenchmarkSurveyDialog.kt
tools/adt/idea/android/src/com/android/tools/idea/stats/ChoiceDialogHelper.kt
tools/adt/idea/android/src/com/android/tools/idea/stats/ChoiceLogger.kt
tools/adt/idea/android/src/com/android/tools/idea/stats/ChoiceLoggerImpl.kt
tools/adt/idea/android/src/com/android/tools/idea/stats/CompletionStats.kt
tools/adt/idea/android/src/com/android/tools/idea/stats/ConsentDialog.kt
tools/adt/idea/android/src/com/android/tools/idea/stats/DefaultFeatureSurveyConfig.kt
tools/adt/idea/android/src/com/android/tools/idea/stats/DefaultSatisfactionSurvey.kt
tools/adt/idea/android/src/com/android/tools/idea/stats/Distribution.java
tools/adt/idea/android/src/com/android/tools/idea/stats/DistributionService.java
tools/adt/idea/android/src/com/android/tools/idea/stats/EditorStatsUtil.kt
tools/adt/idea/android/src/com/android/tools/idea/stats/EventsLimiter.kt
tools/adt/idea/android/src/com/android/tools/idea/stats/ExperimentalUIInteractionSurvey.kt
tools/adt/idea/android/src/com/android/tools/idea/stats/ExperimentalUISettings.kt
tools/adt/idea/android/src/com/android/tools/idea/stats/FeatureSurveys.kt
tools/adt/idea/android/src/com/android/tools/idea/stats/GcPauseWatcher.kt
tools/adt/idea/android/src/com/android/tools/idea/stats/LegacyChoiceLogger.kt
tools/adt/idea/android/src/com/android/tools/idea/stats/LowMemoryReporter.kt
tools/adt/idea/android/src/com/android/tools/idea/stats/ManifestMergerStatsTracker.kt
tools/adt/idea/android/src/com/android/tools/idea/stats/MultipleChoiceDialog.kt
tools/adt/idea/android/src/com/android/tools/idea/stats/ProjectSizeUsageTracker.kt
tools/adt/idea/android/src/com/android/tools/idea/stats/ShowStatisticsViewerAction.java
tools/adt/idea/android/src/com/android/tools/idea/stats/SingleChoiceDialog.kt
tools/adt/idea/android/src/com/android/tools/idea/stats/StatisticsViewer.java
tools/adt/idea/android/src/com/android/tools/idea/stats/StatisticsViewerListener.kt
tools/adt/idea/android/src/com/android/tools/idea/stats/StudioStatsLocalFileDumper.kt
tools/adt/idea/android/src/com/android/tools/idea/stats/ToolWindowTrackerService.kt
tools/adt/idea/android/src/com/android/tools/idea/stats/TypingLatencyTracker.kt
tools/adt/idea/android/src/com/android/tools/idea/stats/UsageTrackerTestRunListener.kt
tools/adt/idea/android/src/com/android/tools/idea/streaming/DeviceMirroringSettings.kt
tools/adt/idea/android/src/com/android/tools/idea/streaming/DeviceMirroringSettingsListener.java
tools/adt/idea/android/src/com/android/tools/idea/streaming/EmulatorSettings.kt
tools/adt/idea/android/src/com/android/tools/idea/streaming/EmulatorSettingsListener.java
tools/adt/idea/android/src/com/android/tools/idea/streaming/MirroringHandle.kt
tools/adt/idea/android/src/com/android/tools/idea/streaming/MirroringManager.kt
tools/adt/idea/android/src/com/android/tools/idea/streaming/RunningDevicesConstants.kt
tools/adt/idea/android/src/com/android/tools/idea/structure/IdeaProjectStructureAction.kt
tools/adt/idea/android/src/com/android/tools/idea/structure/configurables/ui/CrossModuleUiStateComponent.kt
tools/adt/idea/android/src/com/android/tools/idea/structure/dialog/AndroidConfigurableContributor.kt
tools/adt/idea/android/src/com/android/tools/idea/structure/dialog/CounterDisplayConfigurable.java
tools/adt/idea/android/src/com/android/tools/idea/structure/dialog/Header.java
tools/adt/idea/android/src/com/android/tools/idea/structure/dialog/ProjectStructureItemGroup.kt
tools/adt/idea/android/src/com/android/tools/idea/structure/dialog/SidePanel.kt
tools/adt/idea/android/src/com/android/tools/idea/structure/dialog/TrackedConfigurable.kt
tools/adt/idea/android/src/com/android/tools/idea/structure/dialog/ValidationAggregateDisplayConfigurable.kt
tools/adt/idea/android/src/com/android/tools/idea/ui/ApplicationUtils.java
tools/adt/idea/android/src/com/android/tools/idea/ui/ChooseApiLevelDialog.java
tools/adt/idea/android/src/com/android/tools/idea/ui/CreateDiagnosticReportDialog.kt
tools/adt/idea/android/src/com/android/tools/idea/ui/DistributionChartComponent.java
tools/adt/idea/android/src/com/android/tools/idea/ui/GuiTestingService.java
tools/adt/idea/android/src/com/android/tools/idea/ui/GuiTestingStatusProvider.java
tools/adt/idea/android/src/com/android/tools/idea/ui/QuickFixNotificationListener.java
tools/adt/idea/android/src/com/android/tools/idea/ui/TextFieldWithBooleanBox.kt
tools/adt/idea/android/src/com/android/tools/idea/ui/TextFieldWithColorPicker.kt
tools/adt/idea/android/src/com/android/tools/idea/ui/validation/validators/PathValidator.kt
tools/adt/idea/android/src/com/android/tools/idea/ui/validation/validators/ProjectImportPathValidator.kt
tools/adt/idea/android/src/com/android/tools/idea/ui/validation/validators/StringPathValidator.kt
tools/adt/idea/android/src/com/android/tools/idea/util/DependencyManagement.kt
tools/adt/idea/android/src/com/android/tools/idea/util/DumbServiceUtil.kt
tools/adt/idea/android/src/com/android/tools/idea/util/DurationUtil.kt
tools/adt/idea/android/src/com/android/tools/idea/util/DynamicAppUtils.java
tools/adt/idea/android/src/com/android/tools/idea/util/EmbeddedDistributionPaths.java
tools/adt/idea/android/src/com/android/tools/idea/util/FileExtensions.kt
tools/adt/idea/android/src/com/android/tools/idea/util/FileOrFolderChooser.java
tools/adt/idea/android/src/com/android/tools/idea/util/FormatUtil.kt
tools/adt/idea/android/src/com/android/tools/idea/util/LazyFileListenerSubscriber.kt
tools/adt/idea/android/src/com/android/tools/idea/util/NonBlockingReadActionUtil.kt
tools/adt/idea/android/src/com/android/tools/idea/util/PoliteAndroidVirtualFileListener.kt
tools/adt/idea/android/src/com/android/tools/idea/util/PositionInFile.java
tools/adt/idea/android/src/com/android/tools/idea/util/ReformatUtil.kt
tools/adt/idea/android/src/com/android/tools/idea/util/SyncUtil.kt
tools/adt/idea/android/src/com/android/tools/idea/util/ToolWindows.java
tools/adt/idea/android/src/com/android/tools/idea/util/VirtualFileSystemOpener.kt
tools/adt/idea/android/src/com/android/tools/idea/util/ZipUtil.kt
tools/adt/idea/android/src/com/android/tools/idea/widget/AdbConnectionWidget.java
tools/adt/idea/android/src/com/android/tools/idea/widget/AdbConnectionWidgetProvider.java
tools/adt/idea/android/src/com/android/tools/idea/widget/StudioAdapter.java
tools/adt/idea/android/src/org/jetbrains/android/AndroidAnnotatorUtil.java
tools/adt/idea/android/src/org/jetbrains/android/AndroidApplicationPackageRenameProcessor.java
tools/adt/idea/android/src/org/jetbrains/android/AndroidClassMembersImplicitUsagesProvider.java
tools/adt/idea/android/src/org/jetbrains/android/AndroidFileTemplateProvider.java
tools/adt/idea/android/src/org/jetbrains/android/AndroidGotoDeclarationHandler.kt
tools/adt/idea/android/src/org/jetbrains/android/AndroidGotoRelatedLineMarkerProvider.kt
tools/adt/idea/android/src/org/jetbrains/android/AndroidJavaResourceExternalAnnotator.java
tools/adt/idea/android/src/org/jetbrains/android/AndroidPlugin.java
tools/adt/idea/android/src/org/jetbrains/android/AndroidPluginDisposable.kt
tools/adt/idea/android/src/org/jetbrains/android/AndroidProblemFileHighlightingFilter.java
tools/adt/idea/android/src/org/jetbrains/android/AndroidPropertiesLineMarkerProvider.kt
tools/adt/idea/android/src/org/jetbrains/android/AndroidResolveScopeEnlarger.kt
tools/adt/idea/android/src/org/jetbrains/android/AndroidResourceExternalAnnotatorBase.java
tools/adt/idea/android/src/org/jetbrains/android/AndroidResourceFileSafeDeleteProcessor.java
tools/adt/idea/android/src/org/jetbrains/android/AndroidResourcesFindUsagesHandlerFactory.kt
tools/adt/idea/android/src/org/jetbrains/android/AndroidSdkResolveScopeProvider.java
tools/adt/idea/android/src/org/jetbrains/android/AndroidUsagesTargetProvider.java
tools/adt/idea/android/src/org/jetbrains/android/AndroidXMLResourceExternalAnnotator.java
tools/adt/idea/android/src/org/jetbrains/android/AndroidXmlSchemaProvider.java
tools/adt/idea/android/src/org/jetbrains/android/AndroidXmlnsImplicitUsagesProvider.kt
tools/adt/idea/android/src/org/jetbrains/android/TagToClassMapperImpl.java
tools/adt/idea/android/src/org/jetbrains/android/XmlAttributeNameGotoDeclarationHandler.kt
tools/adt/idea/android/src/org/jetbrains/android/actions/AndroidConnectDebuggerAction.java
tools/adt/idea/android/src/org/jetbrains/android/actions/AndroidProcessChooserDialog.java
tools/adt/idea/android/src/org/jetbrains/android/actions/AndroidToolsActionGroup.java
tools/adt/idea/android/src/org/jetbrains/android/actions/CreateMultiRootResourceFileAction.java
tools/adt/idea/android/src/org/jetbrains/android/actions/CreateResourceActionBase.java
tools/adt/idea/android/src/org/jetbrains/android/actions/CreateResourceDialogUtils.java
tools/adt/idea/android/src/org/jetbrains/android/actions/CreateResourceDirectoryAction.java
tools/adt/idea/android/src/org/jetbrains/android/actions/CreateResourceDirectoryDialog.java
tools/adt/idea/android/src/org/jetbrains/android/actions/CreateResourceDirectoryDialogBase.java
tools/adt/idea/android/src/org/jetbrains/android/actions/CreateResourceFileAction.java
tools/adt/idea/android/src/org/jetbrains/android/actions/CreateResourceFileActionGroup.java
tools/adt/idea/android/src/org/jetbrains/android/actions/CreateResourceFileDialog.java
tools/adt/idea/android/src/org/jetbrains/android/actions/CreateResourceFileDialogBase.java
tools/adt/idea/android/src/org/jetbrains/android/actions/CreateTypedResourceFileAction.kt
tools/adt/idea/android/src/org/jetbrains/android/actions/CreateXmlResourceDialog.java
tools/adt/idea/android/src/org/jetbrains/android/actions/CreateXmlResourcePanel.java
tools/adt/idea/android/src/org/jetbrains/android/actions/CreateXmlResourcePanelImpl.java
tools/adt/idea/android/src/org/jetbrains/android/actions/CreateXmlResourceSubdirPanel.java
tools/adt/idea/android/src/org/jetbrains/android/actions/DefaultNewResourceCreationHandler.java
tools/adt/idea/android/src/org/jetbrains/android/actions/ElementCreatingValidator.java
tools/adt/idea/android/src/org/jetbrains/android/actions/NewAndroidComponentDialog.java
tools/adt/idea/android/src/org/jetbrains/android/actions/NewResourceCreationHandler.java
tools/adt/idea/android/src/org/jetbrains/android/actions/widgets/SourceSetCellRenderer.kt
tools/adt/idea/android/src/org/jetbrains/android/actions/widgets/SourceSetItem.kt
tools/adt/idea/android/src/org/jetbrains/android/augment/AndroidInternalRClass.kt
tools/adt/idea/android/src/org/jetbrains/android/augment/AndroidLightClassBase.kt
tools/adt/idea/android/src/org/jetbrains/android/augment/AndroidLightField.kt
tools/adt/idea/android/src/org/jetbrains/android/augment/AndroidLightInnerClassBase.java
tools/adt/idea/android/src/org/jetbrains/android/augment/InnerRClassBase.kt
tools/adt/idea/android/src/org/jetbrains/android/augment/ManifestClasses.kt
tools/adt/idea/android/src/org/jetbrains/android/augment/ResourceRepositoryInnerRClass.kt
tools/adt/idea/android/src/org/jetbrains/android/compiler/AndroidCompileUtil.java
tools/adt/idea/android/src/org/jetbrains/android/compiler/artifact/ApkSigningSettingsForm.java
tools/adt/idea/android/src/org/jetbrains/android/compiler/artifact/ProGuardConfigFilesPanel.java
tools/adt/idea/android/src/org/jetbrains/android/completion/AndroidDeprecationPresentationCompletionContributor.kt
tools/adt/idea/android/src/org/jetbrains/android/completion/AndroidNonTransitiveRClassCompletionContributor.kt
tools/adt/idea/android/src/org/jetbrains/android/completion/AndroidRequiresPermissionCompletionContributor.kt
tools/adt/idea/android/src/org/jetbrains/android/completion/AndroidRestrictToCompletionWeigher.kt
tools/adt/idea/android/src/org/jetbrains/android/completion/AndroidXmlCompletionContributor.java
tools/adt/idea/android/src/org/jetbrains/android/converter/AndroidConversionUtil.java
tools/adt/idea/android/src/org/jetbrains/android/diagnostics/error/ErrorBean.java
tools/adt/idea/android/src/org/jetbrains/android/diagnostics/error/IdeaITNProxy.java
tools/adt/idea/android/src/org/jetbrains/android/facet/AndroidClassesForXmlUtil.kt
tools/adt/idea/android/src/org/jetbrains/android/facet/AndroidFacetEditorTab.java
tools/adt/idea/android/src/org/jetbrains/android/facet/AndroidFacetScopedService.java
tools/adt/idea/android/src/org/jetbrains/android/facet/AndroidRootUtil.java
tools/adt/idea/android/src/org/jetbrains/android/facet/IdeaSourceProviderUtil.kt
tools/adt/idea/android/src/org/jetbrains/android/facet/ResourceFolderManager.kt
tools/adt/idea/android/src/org/jetbrains/android/facet/SourceProviderUtil.kt
tools/adt/idea/android/src/org/jetbrains/android/formatter/AndroidAttributeOrder.java
tools/adt/idea/android/src/org/jetbrains/android/formatter/AndroidCodeStyleNotificationProvider.java
tools/adt/idea/android/src/org/jetbrains/android/formatter/AndroidJavaPredefinedCodeStyle.kt
tools/adt/idea/android/src/org/jetbrains/android/formatter/AndroidKotlinPredefinedCodeStyle.kt
tools/adt/idea/android/src/org/jetbrains/android/formatter/AndroidStudioCodeStyleSettingsProvider.kt
tools/adt/idea/android/src/org/jetbrains/android/formatter/AndroidXmlCodeStylePanel.java
tools/adt/idea/android/src/org/jetbrains/android/formatter/AndroidXmlCodeStyleSettings.java
tools/adt/idea/android/src/org/jetbrains/android/formatter/AndroidXmlCodeStyleSettingsProvider.java
tools/adt/idea/android/src/org/jetbrains/android/formatter/AndroidXmlFormattingModelBuilder.java
tools/adt/idea/android/src/org/jetbrains/android/formatter/AndroidXmlPolicy.java
tools/adt/idea/android/src/org/jetbrains/android/formatter/AndroidXmlPredefinedCodeStyle.java
tools/adt/idea/android/src/org/jetbrains/android/formatter/AndroidXmlRearranger.java
tools/adt/idea/android/src/org/jetbrains/android/formatter/AttributeComparator.java
tools/adt/idea/android/src/org/jetbrains/android/formatter/ContextSpecificSettingsProviders.java
tools/adt/idea/android/src/org/jetbrains/android/importDependencies/AddModuleDependencyTask.java
tools/adt/idea/android/src/org/jetbrains/android/importDependencies/ImportDependenciesDialog.java
tools/adt/idea/android/src/org/jetbrains/android/importDependencies/ImportDependenciesTask.java
tools/adt/idea/android/src/org/jetbrains/android/importDependencies/ImportSourceRootsDialog.java
tools/adt/idea/android/src/org/jetbrains/android/importDependencies/ModuleProvider.java
tools/adt/idea/android/src/org/jetbrains/android/importDependencies/ModuleProvidingTask.java
tools/adt/idea/android/src/org/jetbrains/android/inspections/AndroidComponentEntryPoint.java
tools/adt/idea/android/src/org/jetbrains/android/inspections/AndroidDeprecationFilter.java
tools/adt/idea/android/src/org/jetbrains/android/inspections/AndroidDeprecationInspection.java
tools/adt/idea/android/src/org/jetbrains/android/inspections/AndroidLanguageFeatureProvider.java
tools/adt/idea/android/src/org/jetbrains/android/inspections/AndroidMissingOnClickHandlerInspection.java
tools/adt/idea/android/src/org/jetbrains/android/inspections/AndroidNonConstantResIdsInSwitchInspection.kt
tools/adt/idea/android/src/org/jetbrains/android/inspections/AndroidResourceQuickFixProvider.java
tools/adt/idea/android/src/org/jetbrains/android/inspections/CreateFileResourceQuickFix.java
tools/adt/idea/android/src/org/jetbrains/android/inspections/CreateValueResourceQuickFix.java
tools/adt/idea/android/src/org/jetbrains/android/inspections/MoveFileQuickFix.java
tools/adt/idea/android/src/org/jetbrains/android/inspections/ResourceTypeCompletionContributor.java
tools/adt/idea/android/src/org/jetbrains/android/inspections/VersionChecks.java
tools/adt/idea/android/src/org/jetbrains/android/inspections/XmlWrongFileTypeInspection.java
tools/adt/idea/android/src/org/jetbrains/android/intentions/AbstractRegisterComponentAction.java
tools/adt/idea/android/src/org/jetbrains/android/intentions/AddActivityToManifest.java
tools/adt/idea/android/src/org/jetbrains/android/intentions/AddBroadcastReceiverToManifest.java
tools/adt/idea/android/src/org/jetbrains/android/intentions/AddServiceToManifest.java
tools/adt/idea/android/src/org/jetbrains/android/intentions/AndroidAddStringResourceAction.java
tools/adt/idea/android/src/org/jetbrains/android/intentions/AndroidCreateOnClickHandlerAction.java
tools/adt/idea/android/src/org/jetbrains/android/intentions/AndroidExtractColorAction.java
tools/adt/idea/android/src/org/jetbrains/android/intentions/AndroidExtractDimensionAction.java
tools/adt/idea/android/src/org/jetbrains/android/intentions/AndroidLightOrGeneratedClassIntentionActionFilter.kt
tools/adt/idea/android/src/org/jetbrains/android/intentions/AndroidOrderEntryFixIntentionActionFilter.kt
tools/adt/idea/android/src/org/jetbrains/android/intentions/AndroidUpgradeSdkActionFilter.kt
tools/adt/idea/android/src/org/jetbrains/android/intentions/OverrideResourceAction.java
tools/adt/idea/android/src/org/jetbrains/android/intentions/generateUtils.kt
tools/adt/idea/android/src/org/jetbrains/android/newProject/AndroidProjectStructureDetector.java
tools/adt/idea/android/src/org/jetbrains/android/refactoring/AndroidAttributeInfo.java
tools/adt/idea/android/src/org/jetbrains/android/refactoring/AndroidBaseLayoutRefactoringAction.java
tools/adt/idea/android/src/org/jetbrains/android/refactoring/AndroidBaseXmlRefactoringAction.java
tools/adt/idea/android/src/org/jetbrains/android/refactoring/AndroidExtractAsIncludeAction.kt
tools/adt/idea/android/src/org/jetbrains/android/refactoring/AndroidExtractStyleAction.java
tools/adt/idea/android/src/org/jetbrains/android/refactoring/AndroidFallbackFindUsagesProvider.kt
tools/adt/idea/android/src/org/jetbrains/android/refactoring/AndroidFindStyleApplicationsAction.java
tools/adt/idea/android/src/org/jetbrains/android/refactoring/AndroidFindStyleApplicationsDialog.java
tools/adt/idea/android/src/org/jetbrains/android/refactoring/AndroidFindStyleApplicationsProcessor.java
tools/adt/idea/android/src/org/jetbrains/android/refactoring/AndroidInlineAllStyleUsagesProcessor.java
tools/adt/idea/android/src/org/jetbrains/android/refactoring/AndroidInlineIncludeAction.java
tools/adt/idea/android/src/org/jetbrains/android/refactoring/AndroidInlineLayoutDialog.java
tools/adt/idea/android/src/org/jetbrains/android/refactoring/AndroidInlineLayoutHandler.java
tools/adt/idea/android/src/org/jetbrains/android/refactoring/AndroidInlineLayoutProcessor.java
tools/adt/idea/android/src/org/jetbrains/android/refactoring/AndroidInlineStyleDialog.java
tools/adt/idea/android/src/org/jetbrains/android/refactoring/AndroidInlineStyleHandler.java
tools/adt/idea/android/src/org/jetbrains/android/refactoring/AndroidInlineStyleReferenceAction.java
tools/adt/idea/android/src/org/jetbrains/android/refactoring/AndroidInlineTestConfig.java
tools/adt/idea/android/src/org/jetbrains/android/refactoring/AndroidInlineUtil.java
tools/adt/idea/android/src/org/jetbrains/android/refactoring/AndroidRefactoringErrorException.java
tools/adt/idea/android/src/org/jetbrains/android/refactoring/AndroidRefactoringUtil.kt
tools/adt/idea/android/src/org/jetbrains/android/refactoring/ExtractStyleDialog.java
tools/adt/idea/android/src/org/jetbrains/android/refactoring/LayoutUsageData.java
tools/adt/idea/android/src/org/jetbrains/android/refactoring/MigrateToAndroidxUtil.kt
tools/adt/idea/android/src/org/jetbrains/android/refactoring/ParentStyleUsageData.java
tools/adt/idea/android/src/org/jetbrains/android/refactoring/StyleRefData.java
tools/adt/idea/android/src/org/jetbrains/android/refactoring/StyleUsageData.java
tools/adt/idea/android/src/org/jetbrains/android/refactoring/UnusedResourcesAction.kt
tools/adt/idea/android/src/org/jetbrains/android/refactoring/UnusedResourcesDialog.kt
tools/adt/idea/android/src/org/jetbrains/android/refactoring/UnusedResourcesHandler.kt
tools/adt/idea/android/src/org/jetbrains/android/refactoring/UnusedResourcesProcessor.kt
tools/adt/idea/android/src/org/jetbrains/android/refactoring/UnusedResourcesUsageViewDescriptor.java
tools/adt/idea/android/src/org/jetbrains/android/refactoring/UsageTypeProviders.kt
tools/adt/idea/android/src/org/jetbrains/android/refactoring/ViewStyleUsageData.java
tools/adt/idea/android/src/org/jetbrains/android/refactoring/errorreporter/ErrorReporter.java
tools/adt/idea/android/src/org/jetbrains/android/refactoring/errorreporter/HintBasedErrorReporter.java
tools/adt/idea/android/src/org/jetbrains/android/refactoring/errorreporter/ProjectBasedErrorReporter.java
tools/adt/idea/android/src/org/jetbrains/android/refactoring/renaming/RenameResourceReference.kt
tools/adt/idea/android/src/org/jetbrains/android/resourceManagers/FrameworkResourceManager.java
tools/adt/idea/android/src/org/jetbrains/android/resourceManagers/LocalResourceManager.java
tools/adt/idea/android/src/org/jetbrains/android/resourceManagers/ModuleResourceManagers.java
tools/adt/idea/android/src/org/jetbrains/android/resourceManagers/ResourceManager.java
tools/adt/idea/android/src/org/jetbrains/android/sdk/AndroidNewSdkDialog.java
tools/adt/idea/android/src/org/jetbrains/android/sdk/AndroidPlatforms.kt
tools/adt/idea/android/src/org/jetbrains/android/sdk/AndroidSdkAdditionalData.java
tools/adt/idea/android/src/org/jetbrains/android/sdk/AndroidSdkConfigurable.java
tools/adt/idea/android/src/org/jetbrains/android/sdk/AndroidSdkConfigurableForm.java
tools/adt/idea/android/src/org/jetbrains/android/sdk/AndroidSdkNotConfiguredNotificationProvider.java
tools/adt/idea/android/src/org/jetbrains/android/sdk/AndroidSdkType.java
tools/adt/idea/android/src/org/jetbrains/android/sdk/AndroidSdkUtils.java
tools/adt/idea/android/src/org/jetbrains/android/sdk/AvdManagerUtils.java
tools/adt/idea/android/src/org/jetbrains/android/sdk/StudioAndroidSdkData.kt
tools/adt/idea/android/src/org/jetbrains/android/sdk/StudioEmbeddedRenderTarget.kt
tools/adt/idea/android/src/org/jetbrains/android/spellchecker/AndroidBundledDictionaryProvider.java
tools/adt/idea/android/src/org/jetbrains/android/spellchecker/AndroidShellSpellcheckingStrategy.kt
tools/adt/idea/android/src/org/jetbrains/android/spellchecker/AndroidTextSpellcheckingStrategy.java
tools/adt/idea/android/src/org/jetbrains/android/spellchecker/AndroidXmlSpellcheckingStrategy.java
tools/adt/idea/android/src/org/jetbrains/android/spellchecker/GoogleServicesJsonSpellcheckingStrategy.kt
tools/adt/idea/android/testData/Manifest.java
tools/adt/idea/android/testData/addStringRes/Class1.java
tools/adt/idea/android/testData/addStringRes/Class10.java
tools/adt/idea/android/testData/addStringRes/Class10_after.java
tools/adt/idea/android/testData/addStringRes/Class11.java
tools/adt/idea/android/testData/addStringRes/Class11_after.java
tools/adt/idea/android/testData/addStringRes/Class12.java
tools/adt/idea/android/testData/addStringRes/Class12_after.java
tools/adt/idea/android/testData/addStringRes/Class13.java
tools/adt/idea/android/testData/addStringRes/Class13_after.java
tools/adt/idea/android/testData/addStringRes/Class14.java
tools/adt/idea/android/testData/addStringRes/Class15.java
tools/adt/idea/android/testData/addStringRes/Class15_after.java
tools/adt/idea/android/testData/addStringRes/Class1_after.java
tools/adt/idea/android/testData/addStringRes/Class2.java
tools/adt/idea/android/testData/addStringRes/Class2_after.java
tools/adt/idea/android/testData/addStringRes/Class3.java
tools/adt/idea/android/testData/addStringRes/Class3_after.java
tools/adt/idea/android/testData/addStringRes/Class4.java
tools/adt/idea/android/testData/addStringRes/Class4_after.java
tools/adt/idea/android/testData/addStringRes/Class5.java
tools/adt/idea/android/testData/addStringRes/Class5_after.java
tools/adt/idea/android/testData/addStringRes/Class6.java
tools/adt/idea/android/testData/addStringRes/Class6_after.java
tools/adt/idea/android/testData/addStringRes/Class7.java
tools/adt/idea/android/testData/addStringRes/Class7_after.java
tools/adt/idea/android/testData/addStringRes/Class8.java
tools/adt/idea/android/testData/addStringRes/Class8_after.java
tools/adt/idea/android/testData/addStringRes/Class9.java
tools/adt/idea/android/testData/addStringRes/Class9_after.java
tools/adt/idea/android/testData/addStringRes/ClassDontUseResourceIdForArgWithoutStringResAnnotation.java
tools/adt/idea/android/testData/addStringRes/ClassDontUseResourceIdForArgWithoutStringResAnnotation_after.java
tools/adt/idea/android/testData/addStringRes/ClassEscape.java
tools/adt/idea/android/testData/addStringRes/ClassEscape_after.java
tools/adt/idea/android/testData/addStringRes/ClassFragment.java
tools/adt/idea/android/testData/addStringRes/ClassFragment_after.java
tools/adt/idea/android/testData/addStringRes/ClassUseResourceId.java
tools/adt/idea/android/testData/addStringRes/ClassUseResourceId_after.java
tools/adt/idea/android/testData/annotator/ColorTest.java
tools/adt/idea/android/testData/annotator/EmptyActivity.java
tools/adt/idea/android/testData/desugaringErrors/default_interface/HasDefaultInterfaceMethod.java
tools/adt/idea/android/testData/desugaringErrors/library_lambda/UsesLambda.java
tools/adt/idea/android/testData/desugaringErrors/static_interface/HasStaticIterfaceMethod.java
tools/adt/idea/android/testData/dom/drawable/IdsClass.java
tools/adt/idea/android/testData/dom/drawable/TestDrawable.java
tools/adt/idea/android/testData/dom/layout/DrawerLayout.java
tools/adt/idea/android/testData/dom/layout/ExtendedNestedScrollView.java
tools/adt/idea/android/testData/dom/layout/GridLayout.java
tools/adt/idea/android/testData/dom/layout/IncorrectView.java
tools/adt/idea/android/testData/dom/layout/JavaCompletion1.java
tools/adt/idea/android/testData/dom/layout/JavaCompletion1_after.java
tools/adt/idea/android/testData/dom/layout/JavaCompletion2.java
tools/adt/idea/android/testData/dom/layout/JavaCompletion2_after.java
tools/adt/idea/android/testData/dom/layout/JavaCompletion3.java
tools/adt/idea/android/testData/dom/layout/JavaCompletion3_after.java
tools/adt/idea/android/testData/dom/layout/JavaCreateResourceFromUsage.java
tools/adt/idea/android/testData/dom/layout/JavaHighlighting1.java
tools/adt/idea/android/testData/dom/layout/JavaHighlighting2.java
tools/adt/idea/android/testData/dom/layout/JavaHighlighting3.java
tools/adt/idea/android/testData/dom/layout/JavaHighlighting4.java
tools/adt/idea/android/testData/dom/layout/JavaHighlighting5.java
tools/adt/idea/android/testData/dom/layout/JavaIdCompletion.java
tools/adt/idea/android/testData/dom/layout/JavaIdCompletion_after.java
tools/adt/idea/android/testData/dom/layout/LabelView.java
tools/adt/idea/android/testData/dom/layout/LabelView1.java
tools/adt/idea/android/testData/dom/layout/MyFragmentActivity.java
tools/adt/idea/android/testData/dom/layout/NestedScrollView.java
tools/adt/idea/android/testData/dom/layout/OnClickActivity.java
tools/adt/idea/android/testData/dom/layout/OnClickActivity.kt
tools/adt/idea/android/testData/dom/layout/OnClickActivity1.java
tools/adt/idea/android/testData/dom/layout/OnClickActivity1_after.java
tools/adt/idea/android/testData/dom/layout/OnClickActivity2_after.java
tools/adt/idea/android/testData/dom/layout/OnClickActivity3.java
tools/adt/idea/android/testData/dom/layout/OnClickActivity4.java
tools/adt/idea/android/testData/dom/layout/OnClickActivity5.java
tools/adt/idea/android/testData/dom/layout/OnClickActivity6.java
tools/adt/idea/android/testData/dom/layout/OnClickActivity7.java
tools/adt/idea/android/testData/dom/layout/OnClickActivity8.java
tools/adt/idea/android/testData/dom/layout/OnClickActivity9.java
tools/adt/idea/android/testData/dom/layout/OnClickActivityIncorrectName.java
tools/adt/idea/android/testData/dom/layout/OnClickActivityIncorrectName.kt
tools/adt/idea/android/testData/dom/layout/OnClickActivityWithLayout.kt
tools/adt/idea/android/testData/dom/layout/OnClickActivityWithLayout_after.kt
tools/adt/idea/android/testData/dom/layout/OnClickActivity_after.java
tools/adt/idea/android/testData/dom/layout/OnClickActivity_after.kt
tools/adt/idea/android/testData/dom/layout/OnClick_Class1.java
tools/adt/idea/android/testData/dom/layout/OnClick_Class2.java
tools/adt/idea/android/testData/dom/layout/OnClick_Class3.java
tools/adt/idea/android/testData/dom/layout/OnClick_Class4.java
tools/adt/idea/android/testData/dom/layout/PercentFrameLayout.java
tools/adt/idea/android/testData/dom/layout/PercentRelativeLayout.java
tools/adt/idea/android/testData/dom/layout/onClickHighlightingJava.java
tools/adt/idea/android/testData/dom/manifest/A.java
tools/adt/idea/android/testData/dom/manifest/JavaHighlighting.java
tools/adt/idea/android/testData/dom/manifest/Manifest.java
tools/adt/idea/android/testData/dom/manifest/MyActivity.java
tools/adt/idea/android/testData/dom/manifest/MyActivity1.java
tools/adt/idea/android/testData/dom/manifest/MyActivity2.java
tools/adt/idea/android/testData/dom/manifest/MyApplication.java
tools/adt/idea/android/testData/dom/manifest/MyBackupAgent.java
tools/adt/idea/android/testData/dom/manifest/MyDocumentsProvider.java
tools/adt/idea/android/testData/dom/menu/MenuItem.java
tools/adt/idea/android/testData/dom/menu/MyPackagePrivateView.java
tools/adt/idea/android/testData/dom/menu/MyProvider.java
tools/adt/idea/android/testData/dom/menu/MyView.java
tools/adt/idea/android/testData/dom/menu/OnClickActivity.java
tools/adt/idea/android/testData/dom/menu/OnClickActivity1.java
tools/adt/idea/android/testData/dom/menu/OnClickActivity1Abs.java
tools/adt/idea/android/testData/dom/menu/OnClickActivity1Abs_after.java
tools/adt/idea/android/testData/dom/menu/OnClickActivity1_after.java
tools/adt/idea/android/testData/dom/menu/OnClickActivity2Abs.java
tools/adt/idea/android/testData/dom/menu/OnClickActivity2_after.java
tools/adt/idea/android/testData/dom/menu/OnClickActivity3.java
tools/adt/idea/android/testData/dom/menu/OnClickActivity3Abs.java
tools/adt/idea/android/testData/dom/menu/OnClickActivity4.java
tools/adt/idea/android/testData/dom/menu/OnClickActivity5.java
tools/adt/idea/android/testData/dom/menu/OnClickActivity6.java
tools/adt/idea/android/testData/dom/menu/OnClickActivityAbs.java
tools/adt/idea/android/testData/dom/menu/OnClickActivityAbs_after.java
tools/adt/idea/android/testData/dom/menu/OnClickActivity_after.java
tools/adt/idea/android/testData/dom/menu/OnClick_Class1.java
tools/adt/idea/android/testData/dom/menu/OnClick_Class2.java
tools/adt/idea/android/testData/dom/menu/OnClick_Class3.java
tools/adt/idea/android/testData/dom/menu/OnClick_Class4.java
tools/adt/idea/android/testData/dom/menu/Watson.java
tools/adt/idea/android/testData/dom/menu/onClickHighlightingJava.java
tools/adt/idea/android/testData/dom/navigation/Data.kt
tools/adt/idea/android/testData/dom/resources/InlineResourceField.java
tools/adt/idea/android/testData/dom/resources/JavaCompletion1.java
tools/adt/idea/android/testData/dom/resources/JavaCompletion1_after.java
tools/adt/idea/android/testData/dom/resources/JavaCompletion2.java
tools/adt/idea/android/testData/dom/resources/JavaCompletion2_after.java
tools/adt/idea/android/testData/dom/resources/JavaCompletion3.java
tools/adt/idea/android/testData/dom/resources/JavaCompletion3_after.java
tools/adt/idea/android/testData/dom/resources/JavaCompletion4.java
tools/adt/idea/android/testData/dom/resources/JavaCompletion4_after.java
tools/adt/idea/android/testData/dom/resources/JavaCreateFromUsage.java
tools/adt/idea/android/testData/dom/resources/JavaCreateFromUsage1.java
tools/adt/idea/android/testData/dom/resources/JavaCreateFromUsageResourcesInDeps.java
tools/adt/idea/android/testData/dom/resources/JavaHighlighting.java
tools/adt/idea/android/testData/dom/resources/LabelView.java
tools/adt/idea/android/testData/dom/xml/JavaCompletion1.java
tools/adt/idea/android/testData/dom/xml/JavaCompletion1_after.java
tools/adt/idea/android/testData/dom/xml/MyFragmentActivity.java
tools/adt/idea/android/testData/dom/xml/MyPreference.java
tools/adt/idea/android/testData/dom/xml/MyPreferenceAndroidX.java
tools/adt/idea/android/testData/dom/xml/MyWidgetConfigurable.java
tools/adt/idea/android/testData/extractColor/fromJava.java
tools/adt/idea/android/testData/extractDimen/fromJava.java
tools/adt/idea/android/testData/findUsages/Class.java
tools/adt/idea/android/testData/findUsages/Fu3.java
tools/adt/idea/android/testData/findUsages/Fu4.java
tools/adt/idea/android/testData/findUsages/Fu6.java
tools/adt/idea/android/testData/findUsages/Fu8.java
tools/adt/idea/android/testData/findUsages/MyView.java
tools/adt/idea/android/testData/findUsages/MyView1.java
tools/adt/idea/android/testData/findUsages/MyView2.java
tools/adt/idea/android/testData/findUsages/MyView3.java
tools/adt/idea/android/testData/findUsages/R_MyView.java
tools/adt/idea/android/testData/findUsagesJavaKotlin/Car.java
tools/adt/idea/android/testData/findUsagesJavaKotlin/Inventory.kt
tools/adt/idea/android/testData/findUsagesJavaKotlin/MainActivity.java
tools/adt/idea/android/testData/folding/javaDimens.java
tools/adt/idea/android/testData/folding/javaStrings.java
tools/adt/idea/android/testData/folding/javaStrings2.java
tools/adt/idea/android/testData/folding/plurals.java
tools/adt/idea/android/testData/folding/staticImports.java
tools/adt/idea/android/testData/gotoDeclaration/GotoId.java
tools/adt/idea/android/testData/gotoDeclaration/GotoString.java
tools/adt/idea/android/testData/gotoDeclaration/ImportedGotoString.java
tools/adt/idea/android/testData/gotoDeclaration/MyActivity.java
tools/adt/idea/android/testData/gotoDeclaration/MyView2.java
tools/adt/idea/android/testData/gotoDeclaration/R_MyView.java
tools/adt/idea/android/testData/gotoRelated/Activity1.java
tools/adt/idea/android/testData/gotoRelated/Activity1.kt
tools/adt/idea/android/testData/gotoRelated/Activity2.java
tools/adt/idea/android/testData/gotoRelated/Activity3.java
tools/adt/idea/android/testData/gotoRelated/Activity4.java
tools/adt/idea/android/testData/gotoRelated/Class1.java
tools/adt/idea/android/testData/gotoRelated/Fragment1.java
tools/adt/idea/android/testData/gotoRelated/Fragment2.java
tools/adt/idea/android/testData/infer/A.java
tools/adt/idea/android/testData/infer/B.java
tools/adt/idea/android/testData/infer/C.java
tools/adt/idea/android/testData/infer/D.java
tools/adt/idea/android/testData/infer/afterConditionalPermission.java
tools/adt/idea/android/testData/infer/afterIndirectPermission.java
tools/adt/idea/android/testData/infer/afterInferFromInheritance.java
tools/adt/idea/android/testData/infer/afterInferMethodAnnotationFromReturnValue.java
tools/adt/idea/android/testData/infer/afterInferParameterFromUsage.java
tools/adt/idea/android/testData/infer/afterInferResourceFromArgument.java
tools/adt/idea/android/testData/infer/afterThreadFlow.java
tools/adt/idea/android/testData/infer/beforeConditionalPermission.java
tools/adt/idea/android/testData/infer/beforeIndirectPermission.java
tools/adt/idea/android/testData/infer/beforeInferFromInheritance.java
tools/adt/idea/android/testData/infer/beforeInferMethodAnnotationFromReturnValue.java
tools/adt/idea/android/testData/infer/beforeInferParameterFromUsage.java
tools/adt/idea/android/testData/infer/beforeInferResourceFromArgument.java
tools/adt/idea/android/testData/infer/beforePutValue.java
tools/adt/idea/android/testData/infer/beforeThreadFlow.java
tools/adt/idea/android/testData/inspections/global/activityInstantiated/MyActivity.java
tools/adt/idea/android/testData/inspections/global/serviceInstantiated/MyService.java
tools/adt/idea/android/testData/intentions/CannotResolveClass.java
tools/adt/idea/android/testData/intentions/CannotResolveClass_after.java
tools/adt/idea/android/testData/intentions/CannotResolveMethod.java
tools/adt/idea/android/testData/intentions/CannotResolveMethod_after.java
tools/adt/idea/android/testData/intentions/CannotResolveSymbol.java
tools/adt/idea/android/testData/intentions/CannotResolveSymbol_after.java
tools/adt/idea/android/testData/intentions/CodeGeneration.java
tools/adt/idea/android/testData/intentions/CodeGeneration_afterSurroundWithDoWhile.java
tools/adt/idea/android/testData/intentions/CodeGeneration_afterSurroundWithIf.java
tools/adt/idea/android/testData/intentions/CodeGeneration_afterUnwrap.java
tools/adt/idea/android/testData/intentions/DummyActivity.java
tools/adt/idea/android/testData/intentions/DummyActivity2.java
tools/adt/idea/android/testData/intentions/DummyReceiver.java
tools/adt/idea/android/testData/intentions/DummyService.java
tools/adt/idea/android/testData/intentions/SwitchOnResourceId.java
tools/adt/idea/android/testData/intentions/SwitchOnResourceId1.java
tools/adt/idea/android/testData/intentions/SwitchOnResourceId2.java
tools/adt/idea/android/testData/intentions/SwitchOnResourceId3.java
tools/adt/idea/android/testData/intentions/SwitchOnResourceId3_after.java
tools/adt/idea/android/testData/intentions/SwitchOnResourceId_after.java
tools/adt/idea/android/testData/javaHighlighting/Parcelable.java
tools/adt/idea/android/testData/javaHighlighting/UnusedConstructors.java
tools/adt/idea/android/testData/libModule/FileResourceFindUsagesFromJava.java
tools/adt/idea/android/testData/libModule/FileResourceFindUsagesFromJava1.java
tools/adt/idea/android/testData/libModule/FileResourceFindUsagesFromJava2.java
tools/adt/idea/android/testData/libModule/FindUsagesClass.java
tools/adt/idea/android/testData/libModule/FindUsagesClass1.java
tools/adt/idea/android/testData/libModule/JavaFileMarkers.java
tools/adt/idea/android/testData/libModule/JavaHighlighting.java
tools/adt/idea/android/testData/libModule/JavaNavigation.java
tools/adt/idea/android/testData/libModule/LibView.java
tools/adt/idea/android/testData/libs/lang/typedef/jar/src/androidx/annotation/IntDef.kt
tools/adt/idea/android/testData/libs/lang/typedef/jar/src/androidx/annotation/LongDef.kt
tools/adt/idea/android/testData/libs/lang/typedef/jar/src/androidx/annotation/StringDef.kt
tools/adt/idea/android/testData/libs/lang/typedef/jar/src/library/function/definition/AmplifierUsage.java
tools/adt/idea/android/testData/libs/lang/typedef/jar/src/library/function/definition/ElectricUnicycleUsage.java
tools/adt/idea/android/testData/libs/lang/typedef/jar/src/library/function/definition/FruitUsage.kt
tools/adt/idea/android/testData/libs/lang/typedef/jar/src/library/function/definition/GuitarUsage.kt
tools/adt/idea/android/testData/libs/lang/typedef/jar/src/library/function/definition/MicrophoneUsage.kt
tools/adt/idea/android/testData/libs/lang/typedef/jar/src/library/function/definition/MushroomUsage.kt
tools/adt/idea/android/testData/libs/lang/typedef/jar/src/library/function/definition/TransportationModeUsage.kt
tools/adt/idea/android/testData/libs/lang/typedef/jar/src/library/function/definition/UrbanistChannelUsage.kt
tools/adt/idea/android/testData/libs/lang/typedef/jar/src/library/function/definition/VegetableUsage.java
tools/adt/idea/android/testData/libs/lang/typedef/jar/src/library/typedef/usage/Amplifiers.java
tools/adt/idea/android/testData/libs/lang/typedef/jar/src/library/typedef/usage/ElectricUnicycles.java
tools/adt/idea/android/testData/libs/lang/typedef/jar/src/library/typedef/usage/Fruit.kt
tools/adt/idea/android/testData/libs/lang/typedef/jar/src/library/typedef/usage/Guitar.kt
tools/adt/idea/android/testData/libs/lang/typedef/jar/src/library/typedef/usage/Microphone.kt
tools/adt/idea/android/testData/libs/lang/typedef/jar/src/library/typedef/usage/Mushroom.kt
tools/adt/idea/android/testData/libs/lang/typedef/jar/src/library/typedef/usage/TransportationMode.kt
tools/adt/idea/android/testData/libs/lang/typedef/jar/src/library/typedef/usage/UrbanistChannel.kt
tools/adt/idea/android/testData/libs/lang/typedef/jar/src/library/typedef/usage/Vegetables.java
tools/adt/idea/android/testData/liveEdit/keyMeta/MainActivity.kt
tools/adt/idea/android/testData/liveEdit/keyMeta/Theme.kt
tools/adt/idea/android/testData/maven/changeGenRootManually/target/generated-sources/aidl/p1/p2/MyClass.java
tools/adt/idea/android/testData/navschematest/ActivityNavigatorSub.java
tools/adt/idea/android/testData/navschematest/ActivityNavigatorSub2.java
tools/adt/idea/android/testData/navschematest/FragmentNavigatorSub.java
tools/adt/idea/android/testData/navschematest/FragmentNavigatorSubSub.java
tools/adt/idea/android/testData/navschematest/FragmentNavigatorWithDuplicateTag.java
tools/adt/idea/android/testData/navschematest/NavGraphNavigatorSub.java
tools/adt/idea/android/testData/navschematest/OtherNavigator1.java
tools/adt/idea/android/testData/navschematest/OtherNavigator1Duplicate.java
tools/adt/idea/android/testData/navschematest/OtherNavigator2.java
tools/adt/idea/android/testData/navschematest/OtherNavigatorWithDestination.java
tools/adt/idea/android/testData/refactoring/inlineLayout/MyActivity.java
tools/adt/idea/android/testData/refactoring/inlineStyle/MyActivity.java
tools/adt/idea/android/testData/refactoring/migrateToAndroidx/MainActivity.java
tools/adt/idea/android/testData/refactoring/migrateToAndroidx/MainActivity_after.java
tools/adt/idea/android/testData/refactoring/moveWithResources/library/src/google/mylibrary/Library.java
tools/adt/idea/android/testData/refactoring/moveWithResources/src/google/MainActivity.java
tools/adt/idea/android/testData/refactoring/moveWithResources/src/google/Other.java
tools/adt/idea/android/testData/refactoring/moveWithResources/src/google/Util.java
tools/adt/idea/android/testData/refactoring/moveWithResourcesKt/library/src/google/mylibrary/Library.kt
tools/adt/idea/android/testData/refactoring/moveWithResourcesKt/src/google/Helper.kt
tools/adt/idea/android/testData/refactoring/moveWithResourcesKt/src/google/MainActivity.kt
tools/adt/idea/android/testData/refactoring/moveWithResourcesKt/src/google/Other.kt
tools/adt/idea/android/testData/refactoring/moveWithResourcesKt/src/google/Util.kt
tools/adt/idea/android/testData/refactoring/unusedResources/TestCode.java
tools/adt/idea/android/testData/rename/Dummy.java
tools/adt/idea/android/testData/rename/LibraryClass.java
tools/adt/idea/android/testData/rename/MyActivity.java
tools/adt/idea/android/testData/rename/MyActivity1.java
tools/adt/idea/android/testData/rename/MyActivity2.java
tools/adt/idea/android/testData/rename/MyActivity3.java
tools/adt/idea/android/testData/rename/MyApplication.java
tools/adt/idea/android/testData/rename/MyClass.java
tools/adt/idea/android/testData/rename/MyClass2.java
tools/adt/idea/android/testData/rename/MyView1.java
tools/adt/idea/android/testData/rename/MyView1_after.java
tools/adt/idea/android/testData/rename/MyView2.java
tools/adt/idea/android/testData/rename/MyView2_after.java
tools/adt/idea/android/testData/rename/MyView3.java
tools/adt/idea/android/testData/rename/MyView3_after.java
tools/adt/idea/android/testData/rename/MyView4.java
tools/adt/idea/android/testData/rename/MyView4_after.java
tools/adt/idea/android/testData/rename/MyView5.java
tools/adt/idea/android/testData/rename/MyView5_after.java
tools/adt/idea/android/testData/rename/R_MyView.java
tools/adt/idea/android/testData/rename/RefR1.java
tools/adt/idea/android/testData/rename/RefR10.java
tools/adt/idea/android/testData/rename/RefR10_after.java
tools/adt/idea/android/testData/rename/RefR11.java
tools/adt/idea/android/testData/rename/RefR11_after.java
tools/adt/idea/android/testData/rename/RefR12.java
tools/adt/idea/android/testData/rename/RefR12_after.java
tools/adt/idea/android/testData/rename/RefR1_after.java
tools/adt/idea/android/testData/rename/RefR2.java
tools/adt/idea/android/testData/rename/RefR2_after.java
tools/adt/idea/android/testData/rename/RefR3.java
tools/adt/idea/android/testData/rename/RefR3_after.java
tools/adt/idea/android/testData/rename/RefR4.java
tools/adt/idea/android/testData/rename/RefR4_after.java
tools/adt/idea/android/testData/rename/RefR7.java
tools/adt/idea/android/testData/rename/RefR7_after.java
tools/adt/idea/android/testData/rename/RefR8.java
tools/adt/idea/android/testData/rename/RefR8_after.java
tools/adt/idea/android/testData/rename/RefR9.java
tools/adt/idea/android/testData/rename/RefR9_after.java
tools/adt/idea/android/testData/rename/empty/Dummy.java
tools/adt/idea/android/testData/rendering/loadingOrder/com/loading/A.java
tools/adt/idea/android/testData/rendering/loadingOrder/com/loading/B.java
tools/adt/idea/android/testData/rendering/renderClassLoader/com/mythreadlocalsjar/CustomThreadLocal.java
tools/adt/idea/android/testData/rendering/renderClassLoader/com/mythreadlocalsjar/ThreadLocalContainer.java
tools/adt/idea/android/testData/rendering/threadControllingTransform/com/mythreadcontrollingjar/CustomThread.java
tools/adt/idea/android/testData/rendering/threadControllingTransform/com/mythreadcontrollingjar/ThreadCreator.java
tools/adt/idea/android/testData/requiresPermission/RequiresPermission.java
tools/adt/idea/android/testData/res/Dummy.java
tools/adt/idea/android/testData/resNavigation/src/p1/p2/Java.java
tools/adt/idea/android/testData/resNavigation/src/p1/p2/JavaFileNavigation1.java
tools/adt/idea/android/testData/resNavigation/src/p1/p2/JavaFileNavigation10.java
tools/adt/idea/android/testData/resNavigation/src/p1/p2/JavaFileNavigation11.java
tools/adt/idea/android/testData/resNavigation/src/p1/p2/JavaFileNavigation12.java
tools/adt/idea/android/testData/resNavigation/src/p1/p2/JavaFileNavigation13.java
tools/adt/idea/android/testData/resNavigation/src/p1/p2/JavaFileNavigation14.java
tools/adt/idea/android/testData/resNavigation/src/p1/p2/JavaFileNavigation15.java
tools/adt/idea/android/testData/resNavigation/src/p1/p2/JavaFileNavigation2.java
tools/adt/idea/android/testData/resNavigation/src/p1/p2/JavaFileNavigation3.java
tools/adt/idea/android/testData/resNavigation/src/p1/p2/JavaFileNavigation4.java
tools/adt/idea/android/testData/resNavigation/src/p1/p2/JavaFileNavigation5.java
tools/adt/idea/android/testData/resNavigation/src/p1/p2/JavaFileNavigation6.java
tools/adt/idea/android/testData/resNavigation/src/p1/p2/JavaFileNavigation7.java
tools/adt/idea/android/testData/resNavigation/src/p1/p2/JavaFileNavigation8.java
tools/adt/idea/android/testData/resNavigation/src/p1/p2/JavaFileNavigation9.java
tools/adt/idea/android/testData/resNavigation/src/p1/p2/JavaFileNavigationManifest1.java
tools/adt/idea/android/testData/resNavigation/src/p1/p2/JavaFileNavigationManifest2.java
tools/adt/idea/android/testData/resNavigation/src/p1/p2/JavaFileNavigationManifest3.java
tools/adt/idea/android/testData/resNavigation/src/p1/p2/JavaFileNavigationManifest4.java
tools/adt/idea/android/testData/resNavigation/src/p1/p2/JavaFileNavigationToSystemResource1.java
tools/adt/idea/android/testData/resNavigation/src/p1/p2/JavaFileNavigationToSystemResource2.java
tools/adt/idea/android/testData/sdk1.5/add-ons/Dummy.java
tools/adt/idea/android/testData/sdkSourcesBrowsing/dummy_project/app/AppThread.java
tools/adt/idea/android/testData/sdkSourcesBrowsing/dummy_project/app/SomeActivity.java
tools/adt/idea/android/testData/sdkSourcesBrowsing/dummy_project/util/UtilClass.java
tools/adt/idea/android/testData/sdkSourcesBrowsing/to_copy/MyActivity_FullyQualified.java
tools/adt/idea/android/testData/sdkSourcesBrowsing/to_copy/MyActivity_WithCaret.java
tools/adt/idea/android/testData/sdkSourcesBrowsing/to_copy/MyActivity_WithImports.java
tools/adt/idea/android/testData/snapshots/projects/androidKotlinMultiplatform/androidLib/src/main/java/com/example/androidlib/AndroidLib.java
tools/adt/idea/android/testData/snapshots/projects/androidKotlinMultiplatform/app/src/main/java/com/example/app/AndroidApp.java
tools/adt/idea/android/testData/snapshots/projects/androidKotlinMultiplatform/app/src/test/java/com/example/app/test/AppTest.java
tools/adt/idea/android/testData/snapshots/projects/androidKotlinMultiplatform/kmpFirstLib/src/androidInstrumentedTest/kotlin/com/example/kmpfirstlib/test/KmpAndroidFirstLibActivityTest.kt
tools/adt/idea/android/testData/snapshots/projects/androidKotlinMultiplatform/kmpFirstLib/src/androidMain/java/com/example/kmpfirstlib/KmpAndroidFirstLibJavaClass.java
tools/adt/idea/android/testData/snapshots/projects/androidKotlinMultiplatform/kmpFirstLib/src/androidMain/kotlin/com/example/kmpfirstlib/KmpAndroidActivity.kt
tools/adt/idea/android/testData/snapshots/projects/androidKotlinMultiplatform/kmpFirstLib/src/androidMain/kotlin/com/example/kmpfirstlib/KmpAndroidFirstLibClass.kt
tools/adt/idea/android/testData/snapshots/projects/androidKotlinMultiplatform/kmpFirstLib/src/androidUnitTest/kotlin/com/example/kmpfirstlib/KmpAndroidFirstLibClassTest.kt
tools/adt/idea/android/testData/snapshots/projects/androidKotlinMultiplatform/kmpFirstLib/src/commonMain/kotlin/com/example/kmpfirstlib/KmpCommonFirstLibClass.kt
tools/adt/idea/android/testData/snapshots/projects/androidKotlinMultiplatform/kmpFirstLib/src/commonTest/kotlin/com/example/kmpfirstlib/KmpCommonFirstLibClassTest.kt
tools/adt/idea/android/testData/snapshots/projects/androidKotlinMultiplatform/kmpJvmOnly/src/commonMain/kotlin/com/example/kmpjvmonly/KmpCommonJvmOnlyLibClass.kt
tools/adt/idea/android/testData/snapshots/projects/androidKotlinMultiplatform/kmpJvmOnly/src/jvmMain/kotlin/com/example/kmpjvmonly/KmpJvmOnlyLibClass.kt
tools/adt/idea/android/testData/snapshots/projects/androidKotlinMultiplatform/kmpSecondLib/src/androidMain/kotlin/com/example/kmpsecondlib/KmpAndroidSecondLibClass.kt
tools/adt/idea/android/testData/snapshots/projects/androidKotlinMultiplatform/kmpSecondLib/src/commonMain/kotlin/com/example/kmpsecondlib/KmpCommonSecondLibClass.kt
tools/adt/idea/android/testData/snapshots/projects/androidKotlinMultiplatform/kmpSecondLib/src/jvmMain/kotlin/com/example/kmpsecondlib/KmpJvmSecondLibClass.kt
tools/adt/idea/android/testData/snapshots/projects/appWithBuildFeaturesEnabled/app/src/androidTest/java/google/simpleapplication/ApplicationTest.java
tools/adt/idea/android/testData/snapshots/projects/appWithBuildFeaturesEnabled/app/src/main/java/google/simpleapplication/MyActivity.java
tools/adt/idea/android/testData/snapshots/projects/appWithBuildFeaturesEnabled/app/src/test/java/google/simpleapplication/UnitTest.java
tools/adt/idea/android/testData/snapshots/projects/appWithBuildSrc/app/src/androidTest/java/google/simpleapplication/ApplicationTest.java
tools/adt/idea/android/testData/snapshots/projects/appWithBuildSrc/app/src/main/java/google/simpleapplication/MyActivity.java
tools/adt/idea/android/testData/snapshots/projects/appWithBuildSrc/app/src/test/java/google/simpleapplication/UnitTest.java
tools/adt/idea/android/testData/snapshots/projects/appWithBuildSrc/buildSrc/lib1/src/main/java/org/example/buildsrc/lib1/Lib1Class.java
tools/adt/idea/android/testData/snapshots/projects/appWithBuildSrc/buildSrc/lib2/src/main/java/org/example/buildsrc/lib2/Lib2Class.java
tools/adt/idea/android/testData/snapshots/projects/appWithBuildSrc/buildSrc/src/main/java/org/example/buildsrc/BuildScriptClass.java
tools/adt/idea/android/testData/snapshots/projects/appWithMlModels/app/src/androidTest/java/google/simpleapplication/ApplicationTest.java
tools/adt/idea/android/testData/snapshots/projects/appWithMlModels/app/src/main/java/google/appwithmlmodels/MyActivity.java
tools/adt/idea/android/testData/snapshots/projects/appWithMlModels/app/src/test/java/google/simpleapplication/UnitTest.java
tools/adt/idea/android/testData/snapshots/projects/basic/src/androidTest/java/com/android/tests/basic/MainTest.java
tools/adt/idea/android/testData/snapshots/projects/basic/src/main/java/com/android/tests/basic/Main.java
tools/adt/idea/android/testData/snapshots/projects/basicCmakeApp/app/src/main/java/com/example/basiccmakeapp/MainActivity.java
tools/adt/idea/android/testData/snapshots/projects/buildSrcWithComposite/android-included/app/src/androidTest/java/com/test/composite1/ExampleInstrumentedTest.kt
tools/adt/idea/android/testData/snapshots/projects/buildSrcWithComposite/android-included/app/src/main/java/com/test/composite1/MainActivity.java
tools/adt/idea/android/testData/snapshots/projects/buildSrcWithComposite/android-included/app/src/test/java/com/test/composite1/ExampleUnitTest.kt
tools/adt/idea/android/testData/snapshots/projects/buildSrcWithComposite/android-included/lib/src/androidTest/java/com/test/composite1/ExampleInstrumentedTest.java
tools/adt/idea/android/testData/snapshots/projects/buildSrcWithComposite/android-included/lib/src/main/java/com/test/composite1/Test.java
tools/adt/idea/android/testData/snapshots/projects/buildSrcWithComposite/android-included/lib/src/test/java/com/test/composite1/ExampleUnitTest.java
tools/adt/idea/android/testData/snapshots/projects/buildSrcWithComposite/app/src/androidTest/java/com/example/buildsrcwithcomposite/ExampleInstrumentedTest.kt
tools/adt/idea/android/testData/snapshots/projects/buildSrcWithComposite/app/src/main/java/com/example/buildsrcwithcomposite/FirstFragment.kt
tools/adt/idea/android/testData/snapshots/projects/buildSrcWithComposite/app/src/main/java/com/example/buildsrcwithcomposite/MainActivity.kt
tools/adt/idea/android/testData/snapshots/projects/buildSrcWithComposite/app/src/main/java/com/example/buildsrcwithcomposite/SecondFragment.kt
tools/adt/idea/android/testData/snapshots/projects/buildSrcWithComposite/app/src/test/java/com/example/buildsrcwithcomposite/ExampleUnitTest.kt
tools/adt/idea/android/testData/snapshots/projects/buildSrcWithComposite/buildSrc/lib1/src/main/java/org/example/buildsrc/lib1/Lib1Class.java
tools/adt/idea/android/testData/snapshots/projects/buildSrcWithComposite/buildSrc/lib2/src/main/java/org/example/buildsrc/lib2/Lib2Class.java
tools/adt/idea/android/testData/snapshots/projects/buildSrcWithComposite/buildSrc/src/main/java/org/example/buildsrc/BuildScriptClass.java
tools/adt/idea/android/testData/snapshots/projects/buildSrcWithComposite/java-included/src/main/java/com/test/composite2/Test.java
tools/adt/idea/android/testData/snapshots/projects/compatibility_tests/AS36/app/src/androidTest/java/com/example/as36testproject/ExampleInstrumentedTest.java
tools/adt/idea/android/testData/snapshots/projects/compatibility_tests/AS36/app/src/main/java/com/example/as36testproject/MainActivity.java
tools/adt/idea/android/testData/snapshots/projects/compatibility_tests/AS36/app/src/test/java/com/example/as36testproject/ExampleUnitTest.java
tools/adt/idea/android/testData/snapshots/projects/compatibility_tests/AS36/libs/android_library/src/androidTest/java/com/example/android_library/ExampleInstrumentedTest.java
tools/adt/idea/android/testData/snapshots/projects/compatibility_tests/AS36/libs/android_library/src/main/java/com/example/android_library/SomeActivity.java
tools/adt/idea/android/testData/snapshots/projects/compatibility_tests/AS36/libs/android_library/src/test/java/com/example/android_library/ExampleUnitTest.java
tools/adt/idea/android/testData/snapshots/projects/compatibility_tests/AS36/libs/java_lib/src/main/java/com/example/java_lib/MyClass.java
tools/adt/idea/android/testData/snapshots/projects/compatibility_tests/AS36_noiml/app/src/androidTest/java/com/example/as36testproject/ExampleInstrumentedTest.java
tools/adt/idea/android/testData/snapshots/projects/compatibility_tests/AS36_noiml/app/src/main/java/com/example/as36testproject/MainActivity.java
tools/adt/idea/android/testData/snapshots/projects/compatibility_tests/AS36_noiml/app/src/test/java/com/example/as36testproject/ExampleUnitTest.java
tools/adt/idea/android/testData/snapshots/projects/compatibility_tests/AS36_noiml/libs/android_library/src/androidTest/java/com/example/android_library/ExampleInstrumentedTest.java
tools/adt/idea/android/testData/snapshots/projects/compatibility_tests/AS36_noiml/libs/android_library/src/main/java/com/example/android_library/SomeActivity.java
tools/adt/idea/android/testData/snapshots/projects/compatibility_tests/AS36_noiml/libs/android_library/src/test/java/com/example/android_library/ExampleUnitTest.java
tools/adt/idea/android/testData/snapshots/projects/compatibility_tests/AS36_noiml/libs/java_lib/src/main/java/com/example/java_lib/MyClass.java
tools/adt/idea/android/testData/snapshots/projects/compositeBuild/TestCompositeLib1/TestCompositeLibNested_1/src/main/java/com/test/compositeNest/Test.java
tools/adt/idea/android/testData/snapshots/projects/compositeBuild/TestCompositeLib1/app/src/androidTest/java/com/test/composite1/ExampleInstrumentedTest.kt
tools/adt/idea/android/testData/snapshots/projects/compositeBuild/TestCompositeLib1/app/src/main/java/com/test/composite1/MainActivity.java
tools/adt/idea/android/testData/snapshots/projects/compositeBuild/TestCompositeLib1/app/src/test/java/com/test/composite1/ExampleUnitTest.kt
tools/adt/idea/android/testData/snapshots/projects/compositeBuild/TestCompositeLib1/lib/src/androidTest/java/com/test/composite1/ExampleInstrumentedTest.java
tools/adt/idea/android/testData/snapshots/projects/compositeBuild/TestCompositeLib1/lib/src/main/java/com/test/composite1/Test.java
tools/adt/idea/android/testData/snapshots/projects/compositeBuild/TestCompositeLib1/lib/src/test/java/com/test/composite1/ExampleUnitTest.java
tools/adt/idea/android/testData/snapshots/projects/compositeBuild/TestCompositeLib2/src/main/java/com/test/composite2/Test.java
tools/adt/idea/android/testData/snapshots/projects/compositeBuild/TestCompositeLib3/TestCompositeLibNested_3/src/main/java/com/test/compositeNest/Test.java
tools/adt/idea/android/testData/snapshots/projects/compositeBuild/TestCompositeLib3/app/src/androidTest/java/com/test/composite3/ExampleInstrumentedTest.kt
tools/adt/idea/android/testData/snapshots/projects/compositeBuild/TestCompositeLib3/app/src/main/java/com/test/composite3/MainActivity.kt
tools/adt/idea/android/testData/snapshots/projects/compositeBuild/TestCompositeLib3/app/src/test/java/com/test/composite3/ExampleUnitTest.kt
tools/adt/idea/android/testData/snapshots/projects/compositeBuild/TestCompositeLib3/lib/src/androidTest/java/com/test/composite3/ExampleInstrumentedTest.java
tools/adt/idea/android/testData/snapshots/projects/compositeBuild/TestCompositeLib3/lib/src/main/java/com/test/composite3/Test.java
tools/adt/idea/android/testData/snapshots/projects/compositeBuild/TestCompositeLib3/lib/src/test/java/com/test/composite3/ExampleUnitTest.java
tools/adt/idea/android/testData/snapshots/projects/compositeBuild/TestCompositeLib4/src/main/java/com/test/composite4/Test.java
tools/adt/idea/android/testData/snapshots/projects/compositeBuild/app/src/androidTest/java/com/test/compositeapp/ExampleInstrumentedTest.kt
tools/adt/idea/android/testData/snapshots/projects/compositeBuild/app/src/main/java/com/test/compositeapp/MainActivity.java
tools/adt/idea/android/testData/snapshots/projects/compositeBuild/app/src/test/java/com/test/compositeapp/ExampleUnitTest.kt
tools/adt/idea/android/testData/snapshots/projects/compositeBuild/lib/src/androidTest/java/com/test/compositelib/ExampleInstrumentedTest.java
tools/adt/idea/android/testData/snapshots/projects/compositeBuild/lib/src/main/java/com/test/compositelib/Test.java
tools/adt/idea/android/testData/snapshots/projects/compositeBuild/lib/src/test/java/com/test/compositelib/ExampleUnitTest.java
tools/adt/idea/android/testData/snapshots/projects/compositeBuildWithDependencySubs/TestCompositeLib1/lib/src/androidTest/java/com/test/composite1/ExampleInstrumentedTest.java
tools/adt/idea/android/testData/snapshots/projects/compositeBuildWithDependencySubs/TestCompositeLib1/lib/src/main/java/com/test/composite1/Test.java
tools/adt/idea/android/testData/snapshots/projects/compositeBuildWithDependencySubs/TestCompositeLib1/lib/src/test/java/com/test/composite1/ExampleUnitTest.java
tools/adt/idea/android/testData/snapshots/projects/compositeBuildWithDependencySubs/app/src/androidTest/java/com/test/compositeapp/ExampleInstrumentedTest.kt
tools/adt/idea/android/testData/snapshots/projects/compositeBuildWithDependencySubs/app/src/main/java/com/test/compositeapp/MainActivity.java
tools/adt/idea/android/testData/snapshots/projects/compositeBuildWithDependencySubs/app/src/test/java/com/test/compositeapp/ExampleUnitTest.kt
tools/adt/idea/android/testData/snapshots/projects/customNamespace/app/src/androidTest/java/google/simpleapplication/ApplicationTest.java
tools/adt/idea/android/testData/snapshots/projects/customNamespace/app/src/main/java/google/simpleapplication/MyActivity.java
tools/adt/idea/android/testData/snapshots/projects/customNamespace/app/src/test/java/google/simpleapplication/UnitTest.java
tools/adt/idea/android/testData/snapshots/projects/customSourceType/lib/src/main/java/com/example/ExampleClass.java
tools/adt/idea/android/testData/snapshots/projects/declarativeAndroid/app/src/main/java/org/example/app/MainActivity.java
tools/adt/idea/android/testData/snapshots/projects/gradleDeclarative/app/src/main/java/com/example/app/AndroidApp.java
tools/adt/idea/android/testData/snapshots/projects/gradleDeclarative/app/src/test/java/com/example/app/test/AppTest.java
tools/adt/idea/android/testData/snapshots/projects/includeFromLib/app/src/main/java/com/example/navgraph/MainActivity.java
tools/adt/idea/android/testData/snapshots/projects/includeFromLib/app/src/main/java/com/example/navgraph/PageOneFragment.java
tools/adt/idea/android/testData/snapshots/projects/includeFromLib/lib/src/main/java/com/example/lib/PageThreeFragment.java
tools/adt/idea/android/testData/snapshots/projects/includeFromLib/lib/src/main/java/com/example/lib/PageTwoFragment.java
tools/adt/idea/android/testData/snapshots/projects/jpsWithQualifiedNames/java/com/example/myapplication/MainActivity.java
tools/adt/idea/android/testData/snapshots/projects/jpsWithQualifiedNames/justLib/java/com/example/justlib/JustClass.java
tools/adt/idea/android/testData/snapshots/projects/jpsWithQualifiedNames/justLib/sub1/java/com/example/justlib/sub1/JustClass.java
tools/adt/idea/android/testData/snapshots/projects/jpsWithQualifiedNames/justLib/sub2/java/com/example/justlib/sub2/JustClass.java
tools/adt/idea/android/testData/snapshots/projects/kotlinGradleDsl/app/src/main/kotlin/com/example/kotlingradle/MainActivity.kt
tools/adt/idea/android/testData/snapshots/projects/kotlinGradleDsl/lib/src/main/kotlin/com/example/lib/LibMain.kt
tools/adt/idea/android/testData/snapshots/projects/kotlinKapt/app/src/androidTest/java/com/example/mainactivity/ExampleInstrumentedTest.kt
tools/adt/idea/android/testData/snapshots/projects/kotlinKapt/app/src/main/java/com/example/mainactivity/CoolThingDoer.kt
tools/adt/idea/android/testData/snapshots/projects/kotlinKapt/app/src/main/java/com/example/mainactivity/Info.kt
tools/adt/idea/android/testData/snapshots/projects/kotlinKapt/app/src/main/java/com/example/mainactivity/MainActivity.kt
tools/adt/idea/android/testData/snapshots/projects/kotlinKapt/app/src/test/java/com/example/mainactivity/ExampleUnitTest.kt
tools/adt/idea/android/testData/snapshots/projects/kotlinKapt/javaLib/src/main/java/MyClass.java
tools/adt/idea/android/testData/snapshots/projects/kotlinMultiplatform/app/src/androidTest/java/com/example/android/kotlin/EnumsUtil.kt
tools/adt/idea/android/testData/snapshots/projects/kotlinMultiplatform/app/src/androidTest/java/com/example/android/kotlin/ExampleInstrumentedTest.kt
tools/adt/idea/android/testData/snapshots/projects/kotlinMultiplatform/app/src/androidTest/java/com/example/android/kotlin/ExampleTestWithEnums.kt
tools/adt/idea/android/testData/snapshots/projects/kotlinMultiplatform/app/src/main/java/com/example/android/kotlin/MainActivity.kt
tools/adt/idea/android/testData/snapshots/projects/kotlinMultiplatform/app/src/test/java/com/example/android/kotlin/ExampleUnitTest.kt
tools/adt/idea/android/testData/snapshots/projects/kotlinMultiplatform/module2/src/androidAndroidTest/kotlin/ExampleInstrumentedTest.kt
tools/adt/idea/android/testData/snapshots/projects/kotlinMultiplatform/module2/src/androidMain/kotlin/com/android/kmm/Greeting.kt
tools/adt/idea/android/testData/snapshots/projects/kotlinMultiplatform/module2/src/androidTest/kotlin/com/example/library/TestUnitTest.kt
tools/adt/idea/android/testData/snapshots/projects/kotlinMultiplatform/module2/src/commonMain/com/example/Some.kt
tools/adt/idea/android/testData/snapshots/projects/kotlinMultiplatformModuleOnly/shared/src/androidAndroidTest/kotlin/ExampleInstrumentedTest.kt
tools/adt/idea/android/testData/snapshots/projects/kotlinMultiplatformModuleOnly/shared/src/androidMain/kotlin/com/android/kmm/Greeting.kt
tools/adt/idea/android/testData/snapshots/projects/kotlinMultiplatformModuleOnly/shared/src/androidTest/kotlin/com/example/library/TestUnitTest.kt
tools/adt/idea/android/testData/snapshots/projects/kotlinMultiplatformModuleOnly/shared/src/commonMain/com/example/Some.kt
tools/adt/idea/android/testData/snapshots/projects/lightSyncReference/androidlibrary/src/androidTest/java/com/example/androidlibrary/ExampleInstrumentedTest.java
tools/adt/idea/android/testData/snapshots/projects/lightSyncReference/androidlibrary/src/test/java/com/example/androidlibrary/ExampleUnitTest.java
tools/adt/idea/android/testData/snapshots/projects/lightSyncReference/app/src/androidTest/java/com/example/skeleton/ExampleInstrumentedTest.java
tools/adt/idea/android/testData/snapshots/projects/lightSyncReference/app/src/main/java/com/example/skeleton/MainActivity.java
tools/adt/idea/android/testData/snapshots/projects/lightSyncReference/app/src/test/java/com/example/skeleton/ExampleUnitTest.java
tools/adt/idea/android/testData/snapshots/projects/lightSyncReference/javalib/src/main/java/com/example/javalib/MyClass.java
tools/adt/idea/android/testData/snapshots/projects/linked/firstapp/app/src/androidTest/java/com/example/firstapp/ExampleInstrumentedTest.kt
tools/adt/idea/android/testData/snapshots/projects/linked/firstapp/app/src/main/java/com/example/firstapp/MainActivity.kt
tools/adt/idea/android/testData/snapshots/projects/linked/firstapp/app/src/test/java/com/example/firstapp/ExampleUnitTest.kt
tools/adt/idea/android/testData/snapshots/projects/linked/shared/mysharedlibrary/src/androidTest/java/com/example/mysharedlibrary/ExampleInstrumentedTest.kt
tools/adt/idea/android/testData/snapshots/projects/linked/shared/mysharedlibrary/src/test/java/com/example/mysharedlibrary/ExampleUnitTest.kt
tools/adt/idea/android/testData/snapshots/projects/lintCustomChecks/app/src/main/java/com/example/app/MainActivity.java
tools/adt/idea/android/testData/snapshots/projects/lintCustomChecks/app/src/main/java/com/example/app/MyList.java
tools/adt/idea/android/testData/snapshots/projects/lintCustomChecks/app/src/main/java/com/example/app/MySet.java
tools/adt/idea/android/testData/snapshots/projects/lintCustomChecks/lint/src/main/java/com/example/google/lint/ManifestConstants.java
tools/adt/idea/android/testData/snapshots/projects/lintCustomChecks/lint/src/main/java/com/example/google/lint/MyDetector.java
tools/adt/idea/android/testData/snapshots/projects/lintCustomChecks/lint/src/main/java/com/example/google/lint/MyIssueRegistry.java
tools/adt/idea/android/testData/snapshots/projects/lintCustomChecks/lintpublish-remote/src/main/java/com/example/remote/lint/ManifestConstants.java
tools/adt/idea/android/testData/snapshots/projects/lintCustomChecks/lintpublish-remote/src/main/java/com/example/remote/lint/MyDetector.java
tools/adt/idea/android/testData/snapshots/projects/lintCustomChecks/lintpublish-remote/src/main/java/com/example/remote/lint/MyIssueRegistry.java
tools/adt/idea/android/testData/snapshots/projects/lintCustomChecks/lintpublish/src/main/java/com/example/google/lintpublish/MainActivityDetector.java
tools/adt/idea/android/testData/snapshots/projects/lintCustomChecks/lintpublish/src/main/java/com/example/google/lintpublish/ManifestConstants.java
tools/adt/idea/android/testData/snapshots/projects/lintCustomChecks/lintpublish/src/main/java/com/example/google/lintpublish/MyIssueRegistry.java
tools/adt/idea/android/testData/snapshots/projects/localAarsAsModules/app/src/androidTest/java/com/android/test/localaarsasmodules/ApplicationTest.java
tools/adt/idea/android/testData/snapshots/projects/localAarsAsModules/app/src/main/java/com/android/test/localaarsasmodules/MainActivity.java
tools/adt/idea/android/testData/snapshots/projects/localAarsAsModules/library/src/androidTest/java/com/android/test/library/ApplicationTest.java
tools/adt/idea/android/testData/snapshots/projects/localAarsAsModules/library/src/main/java/com/android/test/library/MainActivity.java
tools/adt/idea/android/testData/snapshots/projects/mainInRoot/app/src/com.example/MyActivity.java
tools/adt/idea/android/testData/snapshots/projects/migrateToNonTransitiveRClasses/app/src/main/java/com/example/app/AppJavaClass.java
tools/adt/idea/android/testData/snapshots/projects/migrateToNonTransitiveRClasses/app/src/main/java/com/example/app/AppKotlinClass.kt
tools/adt/idea/android/testData/snapshots/projects/migrateToNonTransitiveRClasses/app/src/main/java/com/other/folder/AppOtherPackageJavaClass.java
tools/adt/idea/android/testData/snapshots/projects/migrateToNonTransitiveRClasses/app/src/main/java/com/other/folder/AppOtherPackageKotlinClass.kt
tools/adt/idea/android/testData/snapshots/projects/migrateToNonTransitiveRClasses/lib/src/main/java/com/example/lib/LibJavaClass.java
tools/adt/idea/android/testData/snapshots/projects/migrateToNonTransitiveRClasses/lib/src/main/java/com/example/lib/LibKotlinClass.kt
tools/adt/idea/android/testData/snapshots/projects/multiFlavor/app/src/androidTest/java/com/example/multiflavor/ExampleInstrumentedTest.java
tools/adt/idea/android/testData/snapshots/projects/multiFlavor/app/src/firstAbcSecondAbc/java/com/example/multiflavor/Example.java
tools/adt/idea/android/testData/snapshots/projects/multiFlavor/app/src/firstAbcSecondAbc/java2/com/example/multiflavor/Sample.java
tools/adt/idea/android/testData/snapshots/projects/multiFlavor/app/src/main/java/com/example/multiflavor/MainActivity.java
tools/adt/idea/android/testData/snapshots/projects/multiFlavor/app/src/secondAbc/java/com/example/multiflavor/FlavorExample.java
tools/adt/idea/android/testData/snapshots/projects/multiFlavor/app/src/test/java/com/example/multiflavor/ExampleUnitTest.java
tools/adt/idea/android/testData/snapshots/projects/multiFlavor/app/src/testFirstAbcSecondAbc/java/com/example/multiflavor/MediumTestExample.java
tools/adt/idea/android/testData/snapshots/projects/multiFlavor/app/src/testFirstAbcSecondAbcDebug/java/com/example/multiflavor/DeepTestExample.java
tools/adt/idea/android/testData/snapshots/projects/multiFlavor/app/src/testSecondAbc/java/com/example/multiflavor/TestExample.java
tools/adt/idea/android/testData/snapshots/projects/namespaces/app/src/main/java/com/example/app/MyActivity.java
tools/adt/idea/android/testData/snapshots/projects/navigator/packageview/commonroots/src/com/foo/Foo.java
tools/adt/idea/android/testData/snapshots/projects/navigator/packageview/simple/app/src/androidTest/java/com/example/canon/app/MainActivityTest.java
tools/adt/idea/android/testData/snapshots/projects/navigator/packageview/simple/app/src/debug/java/Debug.java
tools/adt/idea/android/testData/snapshots/projects/navigator/packageview/simple/app/src/main/java/com/example/canon/app/MainActivity.java
tools/adt/idea/android/testData/snapshots/projects/navigator/packageview/simple/javamodule/src/java/com/foo/Foo.java
tools/adt/idea/android/testData/snapshots/projects/navigator/packageview/simple/javamodule/src/test/java/com/foo/FooTest.java
tools/adt/idea/android/testData/snapshots/projects/nestedModule/app/src/androidTest/java/google/nestedmodule/ExampleInstrumentedTest.java
tools/adt/idea/android/testData/snapshots/projects/nestedModule/app/src/main/java/google/nestedmodule/MainActivity.java
tools/adt/idea/android/testData/snapshots/projects/nestedModule/app/src/test/java/google/nestedmodule/ExampleUnitTest.java
tools/adt/idea/android/testData/snapshots/projects/nestedModule/src/google/nestedmodule/MyClass.java
tools/adt/idea/android/testData/snapshots/projects/newSyncKotlinTest/app/src/androidTest/java/com/example/smithbradley/newkotlinsyntestproject/ExampleInstrumentedTest.kt
tools/adt/idea/android/testData/snapshots/projects/newSyncKotlinTest/app/src/main/java/com/example/smithbradley/newkotlinsyntestproject/FullscreenActivity.kt
tools/adt/idea/android/testData/snapshots/projects/newSyncKotlinTest/app/src/main/kotlin/AwesomeClass.kt
tools/adt/idea/android/testData/snapshots/projects/newSyncKotlinTest/app/src/main/myKotlin/Data.kt
tools/adt/idea/android/testData/snapshots/projects/newSyncKotlinTest/app/src/test/java/com/example/smithbradley/newkotlinsyntestproject/ExampleUnitTest.kt
tools/adt/idea/android/testData/snapshots/projects/newSyncKotlinTest/awesomeandroidlibrary/src/androidTest/java/com/example/smithbradley/awesomeandroidlibrary/ExampleInstrumentedTest.java
tools/adt/idea/android/testData/snapshots/projects/newSyncKotlinTest/awesomeandroidlibrary/src/main/kotlin/CoolKotlinClass.kt
tools/adt/idea/android/testData/snapshots/projects/newSyncKotlinTest/awesomeandroidlibrary/src/test/java/com/example/smithbradley/awesomeandroidlibrary/ExampleUnitTest.java
tools/adt/idea/android/testData/snapshots/projects/newSyncKotlinTest/contentLib/src/main/java/com/example/smithbradley/contentlib/AwesomeContentProvider.kt
tools/adt/idea/android/testData/snapshots/projects/newSyncKotlinTest/contentLib/src/main/java/com/example/smithbradley/contentlib/MyAwesomeAnnotation.kt
tools/adt/idea/android/testData/snapshots/projects/newSyncKotlinTest/contentLib/src/main/kotlin/asdasd/kt.java
tools/adt/idea/android/testData/snapshots/projects/newSyncKotlinTest/contentLib/src/test/java/com/example/smithbradley/contentlib/AwesomeContentProviderTest.kt
tools/adt/idea/android/testData/snapshots/projects/nonStandardSourceSetDependencies/app/src/main/java/me/example/studioclasspathissue/Test.kt
tools/adt/idea/android/testData/snapshots/projects/nonStandardSourceSetDependencies/common/src/commonMain/kotlin/me/example/test/CommonClass.kt
tools/adt/idea/android/testData/snapshots/projects/nonStandardSourceSetDependencies/common/src/jvmMain/kotlin/me/example/test/TestInterceptor.kt
tools/adt/idea/android/testData/snapshots/projects/nonStandardSourceSetDependencies/desktop/src/main/java/com/example/desktop/Desktop.kt
tools/adt/idea/android/testData/snapshots/projects/nonStandardSourceSetDependencies/feature-a/src/main/java/me/example/feature/a/TestActivity.kt
tools/adt/idea/android/testData/snapshots/projects/nonStandardSourceSetDependencies/feature-b/src/androidMain/java/me/example/feature/b/Test.kt
tools/adt/idea/android/testData/snapshots/projects/nonStandardSourceSetDependencies/jarWrapperLib/SomeRandomClass.java
tools/adt/idea/android/testData/snapshots/projects/nonStandardSourceSetDependencies/javaLibrary/src/main/java/com/example/javalibrary/MyLibraryClass.kt
tools/adt/idea/android/testData/snapshots/projects/nonStandardSourceSetDependencies/javaLibrary/src/testEnv/java/com/example/javalibrary/TestEnv.java
tools/adt/idea/android/testData/snapshots/projects/nonStandardSourceSetDependencies/kmp-java/sample-test/src/main/kotlin/test/Main.kt
tools/adt/idea/android/testData/snapshots/projects/nonStandardSourceSetDependencies/kmp-java/sample/src/commonMain/kotlin/test/CommonMain.kt
tools/adt/idea/android/testData/snapshots/projects/nonStandardSourceSetDependencies/kmp-java/sample/src/jvmMain/kotlin/test/JVMMain.kt
tools/adt/idea/android/testData/snapshots/projects/nonStandardSourceSetDependencies/lib/src/main/java/com/example/lib/Test.kt
tools/adt/idea/android/testData/snapshots/projects/nonStandardSourceSets/application/app/src/androidTest/java/google/simpleapplication/ApplicationTest.java
tools/adt/idea/android/testData/snapshots/projects/nonStandardSourceSets/application/app/src/test/java/google/simpleapplication/UnitTest.java
tools/adt/idea/android/testData/snapshots/projects/nonStandardSourceSets/externalRoot/main/java/google/simpleapplication/MyActivity.java
tools/adt/idea/android/testData/snapshots/projects/nonTransitiveRClassSymbol/app/src/androidTest/java/com/example/app/ExampleInstrumentedTest.kt
tools/adt/idea/android/testData/snapshots/projects/privacySandboxSdk/libraryAndConsumer/ads-sdk-implementation/src/main/java/com/myrbsdk/ICancellationSignal.java
tools/adt/idea/android/testData/snapshots/projects/privacySandboxSdk/libraryAndConsumer/ads-sdk-implementation/src/main/java/com/myrbsdk/IIntTransactionCallback.java
tools/adt/idea/android/testData/snapshots/projects/privacySandboxSdk/libraryAndConsumer/ads-sdk-implementation/src/main/java/com/myrbsdk/IMySdk.java
tools/adt/idea/android/testData/snapshots/projects/privacySandboxSdk/libraryAndConsumer/ads-sdk-implementation/src/main/java/com/myrbsdk/MyAdsSdkEntryPoint.kt
tools/adt/idea/android/testData/snapshots/projects/privacySandboxSdk/libraryAndConsumer/ads-sdk-implementation/src/main/java/com/myrbsdk/MySdk.kt
tools/adt/idea/android/testData/snapshots/projects/privacySandboxSdk/libraryAndConsumer/ads-sdk-implementation/src/main/java/com/myrbsdk/MySdkImpl.kt
tools/adt/idea/android/testData/snapshots/projects/privacySandboxSdk/libraryAndConsumer/ads-sdk-implementation/src/main/java/com/myrbsdk/MySdkStubDelegate.kt
tools/adt/idea/android/testData/snapshots/projects/privacySandboxSdk/libraryAndConsumer/ads-sdk-implementation/src/main/java/com/myrbsdk/TransportCancellationCallback.kt
tools/adt/idea/android/testData/snapshots/projects/privacySandboxSdk/libraryAndConsumer/app-with-dynamic-feature/src/androidTest/java/com/example/rubidumconsumer/MainActivityTest.kt
tools/adt/idea/android/testData/snapshots/projects/privacySandboxSdk/libraryAndConsumer/app-with-dynamic-feature/src/main/java/com/example/rubidumconsumer/MainActivity.kt
tools/adt/idea/android/testData/snapshots/projects/privacySandboxSdk/libraryAndConsumer/app/src/androidTest/java/com/example/rubidumconsumer/MainActivityTest.kt
tools/adt/idea/android/testData/snapshots/projects/privacySandboxSdk/libraryAndConsumer/app/src/main/java/com/example/rubidumconsumer/MainActivity.kt
tools/adt/idea/android/testData/snapshots/projects/privacySandboxSdk/libraryAndConsumer/feature/src/main/java/com/example/feature/FeatureSource.kt
tools/adt/idea/android/testData/snapshots/projects/psdSample/Groovy/app/src/main/java/com/example/projectwithappandlib/app/MainActivity.java
tools/adt/idea/android/testData/snapshots/projects/psdSample/Groovy/app/src/main/java/com/example/projectwithappandlib/app/NavigationDrawerFragment.java
tools/adt/idea/android/testData/snapshots/projects/psdSample/Groovy/app/src/main/java/com/example/projectwithappandlib/app/dummy.kt
tools/adt/idea/android/testData/snapshots/projects/psdSample/Groovy/app/src/paid/java/com/example/projectwithappandlib/app/paid/BlankFragment.java
tools/adt/idea/android/testData/snapshots/projects/psdSample/Groovy/lib/src/main/java/com/example/projectwithappandlib/lib/LoginActivity.java
tools/adt/idea/android/testData/snapshots/projects/psdSample/Groovy/lib/src/main/java/com/example/projectwithappandlib/lib/PlusBaseActivity.java
tools/adt/idea/android/testData/snapshots/projects/psdSample/Kotlin/app/src/main/java/com/example/projectwithappandlib/app/MainActivity.java
tools/adt/idea/android/testData/snapshots/projects/psdSample/Kotlin/app/src/main/java/com/example/projectwithappandlib/app/NavigationDrawerFragment.java
tools/adt/idea/android/testData/snapshots/projects/psdSample/Kotlin/app/src/main/java/com/example/projectwithappandlib/app/dummy.kt
tools/adt/idea/android/testData/snapshots/projects/psdSample/Kotlin/app/src/paid/java/com/example/projectwithappandlib/app/paid/BlankFragment.java
tools/adt/idea/android/testData/snapshots/projects/psdSample/Kotlin/lib/src/main/java/com/example/projectwithappandlib/lib/LoginActivity.java
tools/adt/idea/android/testData/snapshots/projects/psdSample/Kotlin/lib/src/main/java/com/example/projectwithappandlib/lib/PlusBaseActivity.java
tools/adt/idea/android/testData/snapshots/projects/pureJavaProject/src/main/java/org/gradle/Person.java
tools/adt/idea/android/testData/snapshots/projects/pureJavaProject/src/test/java/org/gradle/PersonTest.java
tools/adt/idea/android/testData/snapshots/projects/simpleApplication/app/src/androidTest/java/google/simpleapplication/ApplicationTest.java
tools/adt/idea/android/testData/snapshots/projects/simpleApplication/app/src/main/java/google/simpleapplication/MyActivity.java
tools/adt/idea/android/testData/snapshots/projects/simpleApplication/app/src/test/java/google/simpleapplication/UnitTest.java
tools/adt/idea/android/testData/snapshots/projects/simpleApplicationVersionCatalog/app/src/androidTest/java/google/simpleapplication/ApplicationTest.java
tools/adt/idea/android/testData/snapshots/projects/simpleApplicationVersionCatalog/app/src/main/java/google/simpleapplication/MyActivity.java
tools/adt/idea/android/testData/snapshots/projects/simpleApplicationVersionCatalog/app/src/test/java/google/simpleapplication/UnitTest.java
tools/adt/idea/android/testData/snapshots/projects/simpleApplicationWithTransitiveDependencies/app/src/androidTest/java/google/simpleapplication/ApplicationTest.java
tools/adt/idea/android/testData/snapshots/projects/simpleApplicationWithTransitiveDependencies/app/src/main/java/google/simpleapplication/MyActivity.java
tools/adt/idea/android/testData/snapshots/projects/simpleApplicationWithTransitiveDependencies/app/src/test/java/google/simpleapplication/UnitTest.java
tools/adt/idea/android/testData/snapshots/projects/simpleApplicationWithTransitiveDependencies/simpleapplication-b/src/main/java/google/simpleapplicationb/MyBClass.java
tools/adt/idea/android/testData/snapshots/projects/simpleApplicationWithTransitiveDependencies/simpleapplication-c/src/main/java/google/simpleapplicationb/MyCClass.java
tools/adt/idea/android/testData/snapshots/projects/simpleApplication_corrupted_missing_iml_40/app/src/androidTest/java/google/simpleapplication/ApplicationTest.java
tools/adt/idea/android/testData/snapshots/projects/simpleApplication_corrupted_missing_iml_40/app/src/main/java/google/simpleapplication/MyActivity.java
tools/adt/idea/android/testData/snapshots/projects/simpleApplication_corrupted_missing_iml_40/app/src/test/java/google/simpleapplication/UnitTest.java
tools/adt/idea/android/testData/snapshots/projects/staticDirTest/app/src/android/java/google/customapplication/FooTest.java
tools/adt/idea/android/testData/snapshots/projects/staticDirTest/app/src/androidTest/java/google/simpleapplication/ApplicationTest.java
tools/adt/idea/android/testData/snapshots/projects/staticDirTest/app/src/fixtures/java/google/customapplication/FooTest.java
tools/adt/idea/android/testData/snapshots/projects/staticDirTest/app/src/main/java/google/simpleapplication/MyActivity.java
tools/adt/idea/android/testData/snapshots/projects/staticDirTest/app/src/screenshot/java/google/customapplication/FooTest.java
tools/adt/idea/android/testData/snapshots/projects/staticDirTest/app/src/unit/java/google/customapplication/FooTest.java
tools/adt/idea/android/testData/snapshots/projects/testFixtures/app/src/androidTest/java/google/simpleapplication/ApplicationTest.java
tools/adt/idea/android/testData/snapshots/projects/testFixtures/app/src/main/java/google/simpleapplication/MyActivity.java
tools/adt/idea/android/testData/snapshots/projects/testFixtures/app/src/test/java/google/simpleapplication/UnitTest.java
tools/adt/idea/android/testData/snapshots/projects/testFixtures/lib/src/main/java/com/example/lib/LibInterface.java
tools/adt/idea/android/testData/snapshots/projects/testFixtures/lib/src/test/java/com/example/test/UnitTest.java
tools/adt/idea/android/testData/snapshots/projects/testFixtures/lib/src/testFixtures/java/com/example/lib/testFixtures/LibInterfaceTester.java
tools/adt/idea/android/testData/snapshots/projects/testFixtures/lib/src/testFixtures/java/com/example/lib/testFixtures/LibResourcesTester.java
tools/adt/idea/android/testData/snapshots/projects/testOnlyModule/benchmark/src/main/java/com/example/android/benchmark/ExampleTest.java
tools/adt/idea/android/testData/snapshots/projects/testOnlyModule/test/src/main/java/com/example/android/app/ExampleTest.java
tools/adt/idea/android/testData/snapshots/projects/testOnlyModule/test2/src/main/java/com/example/android/test2/ExampleTest.java
tools/adt/idea/android/testData/snapshots/projects/transitiveDependencies/app/src/androidTest/java/com/example/alruiz/transitive_dependencies/ExampleInstrumentationTest.java
tools/adt/idea/android/testData/snapshots/projects/transitiveDependencies/app/src/main/java/com/example/alruiz/transitive_dependencies/MainActivity.java
tools/adt/idea/android/testData/snapshots/projects/transitiveDependencies/app/src/test/java/com/example/alruiz/transitive_dependencies/ExampleUnitTest.java
tools/adt/idea/android/testData/snapshots/projects/transitiveDependencies/javalib1/src/main/java/com/example/MyClass.java
tools/adt/idea/android/testData/snapshots/projects/transitiveDependencies/javalib2/src/main/java/com/example/MyClass.java
tools/adt/idea/android/testData/snapshots/projects/transitiveDependencies/library1/src/androidTest/java/com/example/library1/ExampleInstrumentationTest.java
tools/adt/idea/android/testData/snapshots/projects/transitiveDependencies/library1/src/test/java/com/example/library1/ExampleUnitTest.java
tools/adt/idea/android/testData/snapshots/projects/transitiveDependencies/library2/src/androidTest/java/com/example/library2/ExampleInstrumentationTest.java
tools/adt/idea/android/testData/snapshots/projects/transitiveDependencies/library2/src/test/java/com/example/library2/ExampleUnitTest.java
tools/adt/idea/android/testData/snapshots/projects/two_jars/lib/src/main/java/com/example/lib/MyClass.java
tools/adt/idea/android/testData/snapshots/projects/two_jars/src/androidTest/java/com/android/tests/basic/MainTest.java
tools/adt/idea/android/testData/snapshots/projects/two_jars/src/main/java/com/android/tests/basic/Main.java
tools/adt/idea/android/testData/stringsEditor/safeDeleteResource/MainActivity.java
tools/adt/idea/android/testResources/pseudoclasslocator/com/foo/bar/A.java
tools/adt/idea/android/testResources/pseudoclasslocator/com/foo/bar/B.java
tools/adt/idea/android/testResources/pseudoclasslocator/com/foo/bar/C.java
tools/adt/idea/android/testSrc/com/android/emulator/SnapshotProtoParserTest.kt
tools/adt/idea/android/testSrc/com/android/tools/idea/AndroidStudioResourceUrlsTest.kt
tools/adt/idea/android/testSrc/com/android/tools/idea/AndroidStudioUpdateStrategyCustomizationTest.java
tools/adt/idea/android/testSrc/com/android/tools/idea/AndroidStudioUpdateStrategyTest.java
tools/adt/idea/android/testSrc/com/android/tools/idea/AndroidTestCaseHelper.java
tools/adt/idea/android/testSrc/com/android/tools/idea/IdeaTestSuite.java
tools/adt/idea/android/testSrc/com/android/tools/idea/analytics/AnalyticsSettingsUiTest.kt
tools/adt/idea/android/testSrc/com/android/tools/idea/apk/ContentEntryUtilTest.java
tools/adt/idea/android/testSrc/com/android/tools/idea/concurrency/CoroutineUtilsTest.kt
tools/adt/idea/android/testSrc/com/android/tools/idea/concurrency/FlowsTest.kt
tools/adt/idea/android/testSrc/com/android/tools/idea/concurrency/ThrottlingAsyncSupplierTest.kt
tools/adt/idea/android/testSrc/com/android/tools/idea/concurrency/UniqueTaskCoroutineLauncherTest.kt
tools/adt/idea/android/testSrc/com/android/tools/idea/configurations/AndroidStudioJCefTest.kt
tools/adt/idea/android/testSrc/com/android/tools/idea/configurations/ReferenceDeviceTest.kt
tools/adt/idea/android/testSrc/com/android/tools/idea/configurations/ThemeUtilsIndexQueryTest.kt
tools/adt/idea/android/testSrc/com/android/tools/idea/databinding/analytics/DataBindingDefaultTrackerTest.kt
tools/adt/idea/android/testSrc/com/android/tools/idea/databinding/index/BindingXmlIndexTest.kt
tools/adt/idea/android/testSrc/com/android/tools/idea/ddms/DeviceNamePropertiesFetcherTest.kt
tools/adt/idea/android/testSrc/com/android/tools/idea/ddms/DeviceNamePropertiesTest.kt
tools/adt/idea/android/testSrc/com/android/tools/idea/ddms/DevicePropertyUtilTest.java
tools/adt/idea/android/testSrc/com/android/tools/idea/ddms/DeviceRendererTest.java
tools/adt/idea/android/testSrc/com/android/tools/idea/diagnostics/VirtualizationDetectorTest.kt
tools/adt/idea/android/testSrc/com/android/tools/idea/editors/liveedit/LiveEditApplicationConfigurationTest.kt
tools/adt/idea/android/testSrc/com/android/tools/idea/editors/liveedit/LiveEditIssueNotificationActionTest.kt
tools/adt/idea/android/testSrc/com/android/tools/idea/editors/liveedit/LiveEditNotificationActionTest.kt
tools/adt/idea/android/testSrc/com/android/tools/idea/fileTypes/AndroidIconProviderTest.java
tools/adt/idea/android/testSrc/com/android/tools/idea/folding/ResourceFoldingBuilderTest.java
tools/adt/idea/android/testSrc/com/android/tools/idea/gradle/ui/GradleJdkPathEditComboBoxBuilderTest.kt
tools/adt/idea/android/testSrc/com/android/tools/idea/gradle/ui/GradleJdkPathEditComboBoxTest.kt
tools/adt/idea/android/testSrc/com/android/tools/idea/gservices/StudioDeprecationCheckerTest.kt
tools/adt/idea/android/testSrc/com/android/tools/idea/help/AndroidStudioHelpTest.kt
tools/adt/idea/android/testSrc/com/android/tools/idea/imports/Utils.kt
tools/adt/idea/android/testSrc/com/android/tools/idea/log/LogAnonymizerUtilTest.java
tools/adt/idea/android/testSrc/com/android/tools/idea/memorysettings/AndroidLowMemoryNotifierTest.kt
tools/adt/idea/android/testSrc/com/android/tools/idea/memorysettings/MemorySettingsRecommendationTest.java
tools/adt/idea/android/testSrc/com/android/tools/idea/model/TestMergedManifestSnapshotBuilder.java
tools/adt/idea/android/testSrc/com/android/tools/idea/module/ModuleKeyManagerTest.kt
tools/adt/idea/android/testSrc/com/android/tools/idea/ndk/PageAlignNotifierTest.kt
tools/adt/idea/android/testSrc/com/android/tools/idea/observable/constraints/AvdScreenDataTest.java
tools/adt/idea/android/testSrc/com/android/tools/idea/observable/constraints/ConstraintsTest.java
tools/adt/idea/android/testSrc/com/android/tools/idea/progress/StudioProgressManagerAdapterTest.kt
tools/adt/idea/android/testSrc/com/android/tools/idea/rendering/BuildListenerTest.kt
tools/adt/idea/android/testSrc/com/android/tools/idea/rendering/StudioLayoutlibContextTest.kt
tools/adt/idea/android/testSrc/com/android/tools/idea/res/AndroidManifestClassPsiElementFinderTest.kt
tools/adt/idea/android/testSrc/com/android/tools/idea/res/AppLanguageServiceImplTest.kt
tools/adt/idea/android/testSrc/com/android/tools/idea/run/LaunchTaskRunnerTest.kt
tools/adt/idea/android/testSrc/com/android/tools/idea/run/configuration/execution/ApplicationDeployerImplTest.kt
tools/adt/idea/android/testSrc/com/android/tools/idea/run/deployment/liveedit/ComposeRuntimeTestUtil.kt
tools/adt/idea/android/testSrc/com/android/tools/idea/sdk/wizard/AehdWizardControllerTest.kt
tools/adt/idea/android/testSrc/com/android/tools/idea/sdk/wizard/SetupSdkApplicationServiceTest.kt
tools/adt/idea/android/testSrc/com/android/tools/idea/startup/AndroidCodeStyleSettingsTest.kt
tools/adt/idea/android/testSrc/com/android/tools/idea/startup/AndroidStudioJetBrainsSurveysTest.kt
tools/adt/idea/android/testSrc/com/android/tools/idea/startup/AndroidStudioTipOfTheDayTest.kt
tools/adt/idea/android/testSrc/com/android/tools/idea/startup/ClearResourceCacheAfterFirstBuildTest.kt
tools/adt/idea/android/testSrc/com/android/tools/idea/stats/AndroidStudioEventLoggerTest.kt
tools/adt/idea/android/testSrc/com/android/tools/idea/stats/AndroidStudioUsageTrackerTest.kt
tools/adt/idea/android/testSrc/com/android/tools/idea/stats/DistributionServiceTest.java
tools/adt/idea/android/testSrc/com/android/tools/idea/stats/EditorStatsUtilTest.kt
tools/adt/idea/android/testSrc/com/android/tools/idea/stats/EventsLimiterTest.kt
tools/adt/idea/android/testSrc/com/android/tools/idea/stats/ManifestMergerStatsTrackerTest.kt
tools/adt/idea/android/testSrc/com/android/tools/idea/stats/MultipleChoiceDialogTest.kt
tools/adt/idea/android/testSrc/com/android/tools/idea/stats/SingleChoiceDialogTest.kt
tools/adt/idea/android/testSrc/com/android/tools/idea/stats/ToolWindowTrackerServiceTest.kt
tools/adt/idea/android/testSrc/com/android/tools/idea/testing/IdeComponentsTest.java
tools/adt/idea/android/testSrc/com/android/tools/idea/testing/TestLoggerTest.kt
tools/adt/idea/android/testSrc/com/android/tools/idea/ui/resourcemanager/ResourceExplorerTestUtil.kt
tools/adt/idea/android/testSrc/com/android/tools/idea/ui/resourcemanager/ResourceExplorerToolFactoryTest.kt
tools/adt/idea/android/testSrc/com/android/tools/idea/util/DependencyManagementTest.kt
tools/adt/idea/android/testSrc/com/android/tools/idea/util/DurationUtilTest.kt
tools/adt/idea/android/testSrc/com/android/tools/idea/util/FileExtensionsTest.kt
tools/adt/idea/android/testSrc/com/android/tools/idea/util/FuzzUtils.kt
tools/adt/idea/android/testSrc/com/android/tools/idea/util/NonBlockingReadActionUtilTest.kt
tools/adt/idea/android/testSrc/com/android/tools/idea/util/SyncUtilTest.kt
tools/adt/idea/android/testSrc/com/android/tools/idea/util/ZipUtilTest.kt
tools/adt/idea/android/testSrc/com/android/tools/idea/welcome/SdkLocationUtilsTest.java
tools/adt/idea/android/testSrc/com/android/tools/idea/welcome/install/AndroidSdkTest.kt
tools/adt/idea/android/testSrc/com/android/tools/idea/welcome/install/AndroidVirtualDeviceSdkComponentTreeNodeTest.java
tools/adt/idea/android/testSrc/com/android/tools/idea/welcome/wizard/AbstractProgressStepTest.kt
tools/adt/idea/android/testSrc/com/android/tools/idea/welcome/wizard/AehdWizardTest.kt
tools/adt/idea/android/testSrc/com/android/tools/idea/welcome/wizard/AndroidStudioWelcomeScreenProviderTest.kt
tools/adt/idea/android/testSrc/com/android/tools/idea/welcome/wizard/AndroidStudioWelcomeScreenServiceTest.kt
tools/adt/idea/android/testSrc/com/android/tools/idea/welcome/wizard/ConfirmFirstRunWizardCloseDialogTest.kt
tools/adt/idea/android/testSrc/com/android/tools/idea/welcome/wizard/ConsoleHighlighterTest.java
tools/adt/idea/android/testSrc/com/android/tools/idea/welcome/wizard/FirstRunWizardTest.java
tools/adt/idea/android/testSrc/com/android/tools/idea/welcome/wizard/SdkComponentsStepTest.kt
tools/adt/idea/android/testSrc/com/android/tools/idea/welcome/wizard/WelcomeScreenWizardTest.kt
tools/adt/idea/android/testSrc/com/android/tools/idea/welcome/wizard/WelcomeUIUtilsTest.kt
tools/adt/idea/android/testSrc/com/android/tools/idea/widget/AdbConnectionWidgetTest.java
tools/adt/idea/android/ui/testSrc/com/android/tools/idea/ui/ChooseApiLevelDialogTest.kt
tools/adt/idea/android/ui/testSrc/com/android/tools/idea/ui/CreateDiagnosticReportDialogTest.kt
tools/adt/idea/android/ui/testSrc/com/android/tools/idea/ui/resourcechooser/CompactResourcePickerTest.kt
tools/adt/idea/android/ui/testSrc/com/android/tools/idea/ui/resourcechooser/DrawableGridTest.kt
tools/adt/idea/android/ui/testSrc/com/android/tools/idea/ui/resourcechooser/HorizontalTabbedPanelBuilderTest.kt
tools/adt/idea/android/ui/testSrc/com/android/tools/idea/ui/validation/validators/PathValidatorTest.kt
tools/adt/idea/android/ui/testSrc/com/android/tools/idea/ui/validation/validators/StringPathValidatorTest.kt
tools/adt/idea/app-inspection/api/src/com/android/tools/idea/appinspection/api/AppInspectionApiServices.kt
tools/adt/idea/app-inspection/api/src/com/android/tools/idea/appinspection/api/AppInspectionJarCopier.kt
tools/adt/idea/app-inspection/api/src/com/android/tools/idea/appinspection/api/process/ProcessDiscovery.kt
tools/adt/idea/app-inspection/api/src/com/android/tools/idea/appinspection/api/process/ProcessListener.kt
tools/adt/idea/app-inspection/api/src/com/android/tools/idea/appinspection/api/process/ProcessesModel.kt
tools/adt/idea/app-inspection/api/src/com/android/tools/idea/appinspection/internal/AppInspectionAnalyticsTracker.kt
tools/adt/idea/app-inspection/api/src/com/android/tools/idea/appinspection/internal/AppInspectionProcessDiscovery.kt
tools/adt/idea/app-inspection/api/src/com/android/tools/idea/appinspection/internal/AppInspectionTarget.kt
tools/adt/idea/app-inspection/api/src/com/android/tools/idea/appinspection/internal/AppInspectionTargetManager.kt
tools/adt/idea/app-inspection/api/src/com/android/tools/idea/appinspection/internal/AppInspectionTransport.kt
tools/adt/idea/app-inspection/api/src/com/android/tools/idea/appinspection/internal/AppInspectorConnection.kt
tools/adt/idea/app-inspection/api/src/com/android/tools/idea/appinspection/internal/DefaultAppInspectionApiServices.kt
tools/adt/idea/app-inspection/api/src/com/android/tools/idea/appinspection/internal/DefaultAppInspectionTarget.kt
tools/adt/idea/app-inspection/api/src/com/android/tools/idea/appinspection/internal/process/TransportDeviceDescriptor.kt
tools/adt/idea/app-inspection/api/src/com/android/tools/idea/appinspection/internal/process/TransportProcessDescriptor.kt
tools/adt/idea/app-inspection/api/testSrc/com/android/tools/idea/appinspection/AppInspectionTestSuite.kt
tools/adt/idea/app-inspection/api/testSrc/com/android/tools/idea/appinspection/api/AppInspectionProcessDiscoveryTest.kt
tools/adt/idea/app-inspection/api/testSrc/com/android/tools/idea/appinspection/api/AppInspectionTargetManagerTest.kt
tools/adt/idea/app-inspection/api/testSrc/com/android/tools/idea/appinspection/api/AppInspectionTargetTest.kt
tools/adt/idea/app-inspection/api/testSrc/com/android/tools/idea/appinspection/api/process/ProcessesModelTest.kt
tools/adt/idea/app-inspection/api/testSrc/com/android/tools/idea/appinspection/internal/AppInspectorConnectionTest.kt
tools/adt/idea/app-inspection/api/testSrc/com/android/tools/idea/appinspection/test/AppInspectionServiceRule.kt
tools/adt/idea/app-inspection/api/testSrc/com/android/tools/idea/appinspection/test/AppInspectionTestUtils.kt
tools/adt/idea/app-inspection/api/testSrc/com/android/tools/idea/appinspection/test/TestAppInspectorCommandHandler.kt
tools/adt/idea/app-inspection/api/testSrc/com/android/tools/idea/appinspection/test/TestProcessDiscovery.kt
tools/adt/idea/app-inspection/ide/gradle/src/com/android/tools/idea/appinspection/ide/resolver/ArtifactResolverFactoryGradleToken.kt
tools/adt/idea/app-inspection/ide/gradle/src/com/android/tools/idea/appinspection/ide/resolver/GradleModuleSystemArtifactFinder.kt
tools/adt/idea/app-inspection/ide/gradle/src/com/android/tools/idea/appinspection/ide/resolver/GradleModuleSystemArtifactResolver.kt
tools/adt/idea/app-inspection/ide/src/com/android/tools/idea/appinspection/ide/AppInspectionDiscoveryService.kt
tools/adt/idea/app-inspection/ide/src/com/android/tools/idea/appinspection/ide/AppInspectorTabLaunchSupport.kt
tools/adt/idea/app-inspection/ide/src/com/android/tools/idea/appinspection/ide/InspectorArtifactService.kt
tools/adt/idea/app-inspection/ide/src/com/android/tools/idea/appinspection/ide/analytics/AnalyticsProtoExtensions.kt
tools/adt/idea/app-inspection/ide/src/com/android/tools/idea/appinspection/ide/analytics/AppInspectionAnalyticsTrackerService.kt
tools/adt/idea/app-inspection/ide/src/com/android/tools/idea/appinspection/ide/model/AppInspectionBundle.kt
tools/adt/idea/app-inspection/ide/src/com/android/tools/idea/appinspection/ide/resolver/AppInspectorArtifactPaths.kt
tools/adt/idea/app-inspection/ide/src/com/android/tools/idea/appinspection/ide/resolver/ArtifactResolverFactory.kt
tools/adt/idea/app-inspection/ide/src/com/android/tools/idea/appinspection/ide/resolver/ArtifactResolverUtils.kt
tools/adt/idea/app-inspection/ide/src/com/android/tools/idea/appinspection/ide/resolver/http/HttpArtifactResolver.kt
tools/adt/idea/app-inspection/ide/src/com/android/tools/idea/appinspection/ide/ui/AppInspectionExecutionListener.kt
tools/adt/idea/app-inspection/ide/src/com/android/tools/idea/appinspection/ide/ui/AppInspectionToolWindow.kt
tools/adt/idea/app-inspection/ide/src/com/android/tools/idea/appinspection/ide/ui/AppInspectionToolWindowFactory.kt
tools/adt/idea/app-inspection/ide/src/com/android/tools/idea/appinspection/ide/ui/AppInspectionToolWindowManagerListener.kt
tools/adt/idea/app-inspection/ide/src/com/android/tools/idea/appinspection/ide/ui/AppInspectionView.kt
tools/adt/idea/app-inspection/ide/src/com/android/tools/idea/appinspection/ide/ui/AppInspectorTabShell.kt
tools/adt/idea/app-inspection/ide/src/com/android/tools/idea/appinspection/ide/ui/RecentProcess.kt
tools/adt/idea/app-inspection/ide/src/com/android/tools/idea/appinspection/ide/ui/SelectProcessAction.kt
tools/adt/idea/app-inspection/ide/testSrc/com/android/tools/idea/appinspection/AppInspectionIdeTestSuite.kt
tools/adt/idea/app-inspection/ide/testSrc/com/android/tools/idea/appinspection/ide/AppInspectionViewTest.kt
tools/adt/idea/app-inspection/ide/testSrc/com/android/tools/idea/appinspection/ide/AppInspectorTabLaunchSupportTest.kt
tools/adt/idea/app-inspection/ide/testSrc/com/android/tools/idea/appinspection/ide/InspectorArtifactServiceTest.kt
tools/adt/idea/app-inspection/ide/testSrc/com/android/tools/idea/appinspection/ide/SelectProcessActionTest.kt
tools/adt/idea/app-inspection/ide/testSrc/com/android/tools/idea/appinspection/ide/TestAppInspectorTabProvider.kt
tools/adt/idea/app-inspection/ide/testSrc/com/android/tools/idea/appinspection/ide/TestInspectorArtifactService.kt
tools/adt/idea/app-inspection/ide/testSrc/com/android/tools/idea/appinspection/ide/resolver/AppInspectorArtifactPathsTest.kt
tools/adt/idea/app-inspection/ide/testSrc/com/android/tools/idea/appinspection/ide/resolver/ArtifactResolverFactoryTest.kt
tools/adt/idea/app-inspection/ide/testSrc/com/android/tools/idea/appinspection/ide/resolver/http/HttpArtifactResolverTest.kt
tools/adt/idea/app-inspection/ide/testSrc/com/android/tools/idea/appinspection/ide/ui/AppInspectionExecutionListenerTest.kt
tools/adt/idea/app-inspection/ide/testSrc/com/android/tools/idea/appinspection/ide/ui/AppInspectionToolWindowFactoryTest.kt
tools/adt/idea/app-inspection/ide/testSrc/com/android/tools/idea/appinspection/ide/ui/AppInspectionToolWindowManagerListenerTest.kt
tools/adt/idea/app-inspection/ide/testSrc/com/android/tools/idea/appinspection/ide/ui/RecentProcessTest.kt
tools/adt/idea/app-inspection/inspector/api/src/com/android/tools/idea/appinspection/inspector/api/AppInspectionException.kt
tools/adt/idea/app-inspection/inspector/api/src/com/android/tools/idea/appinspection/inspector/api/AppInspectionIdeServices.kt
tools/adt/idea/app-inspection/inspector/api/src/com/android/tools/idea/appinspection/inspector/api/AppInspectorJar.kt
tools/adt/idea/app-inspection/inspector/api/src/com/android/tools/idea/appinspection/inspector/api/AppInspectorMessenger.kt
tools/adt/idea/app-inspection/inspector/api/src/com/android/tools/idea/appinspection/inspector/api/launch/ArtifactCoordinate.kt
tools/adt/idea/app-inspection/inspector/api/src/com/android/tools/idea/appinspection/inspector/api/launch/LaunchParameters.kt
tools/adt/idea/app-inspection/inspector/api/src/com/android/tools/idea/appinspection/inspector/api/launch/LibraryCompatibility.kt
tools/adt/idea/app-inspection/inspector/api/src/com/android/tools/idea/appinspection/inspector/api/launch/LibraryCompatibilityInfo.kt
tools/adt/idea/app-inspection/inspector/api/src/com/android/tools/idea/appinspection/inspector/api/launch/MinimumArtifactCoordinate.kt
tools/adt/idea/app-inspection/inspector/api/src/com/android/tools/idea/appinspection/inspector/api/launch/RunningArtifactCoordinate.kt
tools/adt/idea/app-inspection/inspector/api/src/com/android/tools/idea/appinspection/inspector/api/process/DeviceDescriptor.kt
tools/adt/idea/app-inspection/inspector/api/src/com/android/tools/idea/appinspection/inspector/api/process/ProcessDescriptor.kt
tools/adt/idea/app-inspection/inspector/api/src/com/android/tools/idea/appinspection/inspector/api/test/StubTestAppInspectorMessenger.kt
tools/adt/idea/app-inspection/inspector/api/testSrc/com/android/tools/idea/appinspection/inspector/api/launch/ArtifactCoordinateTest.kt
tools/adt/idea/app-inspection/inspector/api/testSrc/com/android/tools/idea/appinspection/inspector/api/service/FileServiceTest.kt
tools/adt/idea/app-inspection/inspector/api/testSrc/com/android/tools/idea/appinspection/inspector/api/service/TestFileService.kt
tools/adt/idea/app-inspection/inspector/ide/src/com/android/tools/idea/appinspection/inspector/ide/AppInspectorLaunchParams.kt
tools/adt/idea/app-inspection/inspector/ide/src/com/android/tools/idea/appinspection/inspector/ide/AppInspectorTab.kt
tools/adt/idea/app-inspection/inspector/ide/src/com/android/tools/idea/appinspection/inspector/ide/AppInspectorTabProvider.kt
tools/adt/idea/app-inspection/inspector/ide/src/com/android/tools/idea/appinspection/inspector/ide/SingleAppInspectorTabProvider.kt
tools/adt/idea/app-inspection/inspector/ide/src/com/android/tools/idea/appinspection/inspector/ide/bundle/AppInspectorBundle.kt
tools/adt/idea/app-inspection/inspector/ide/src/com/android/tools/idea/appinspection/inspector/ide/resolver/ArtifactResolver.kt
tools/adt/idea/app-inspection/inspector/ide/src/com/android/tools/idea/appinspection/inspector/ide/resolver/ArtifactResolverFactory.kt
tools/adt/idea/app-inspection/inspector/ide/src/com/android/tools/idea/appinspection/inspector/ide/ui/EmptyStatePanel.kt
tools/adt/idea/app-inspection/integration/testData/minapp/src/main/java/com/example/minapp/MainActivity.kt
tools/adt/idea/app-inspection/integration/testSrc/com/android/tools/idea/appinspection/LaunchInspectorsTest.kt
tools/adt/idea/artwork-compose/src/icons/StudioIconsCompose.kt
tools/adt/idea/artwork-compose/src/icons/StudioIllustrationsCompose.kt
tools/adt/idea/as-driver/integration/testSrc/com/android/tools/asdriver/tests/integration/ThreadingCheckerTest.java
tools/adt/idea/as-driver/plugin/src/com/android/tools/asdriver/AndroidStudioDriverInitializer.kt
tools/adt/idea/as-driver/plugin/src/com/android/tools/asdriver/AndroidStudioService.java
tools/adt/idea/as-driver/plugin/src/com/android/tools/asdriver/ComposeJComponentsWrapper.kt
tools/adt/idea/as-driver/plugin/src/com/android/tools/asdriver/ScreenshotCapturer.java
tools/adt/idea/as-driver/plugin/src/com/android/tools/asdriver/StudioInteractionService.java
tools/adt/idea/as-driver/utils/testSrc/com/android/tools/asdriver/tests/AnalysisResult.java
tools/adt/idea/as-driver/utils/testSrc/com/android/tools/asdriver/tests/AndroidProject.java
tools/adt/idea/as-driver/utils/testSrc/com/android/tools/asdriver/tests/AndroidProjectWithoutGradle.kt
tools/adt/idea/as-driver/utils/testSrc/com/android/tools/asdriver/tests/AndroidStudio.java
tools/adt/idea/as-driver/utils/testSrc/com/android/tools/asdriver/tests/AndroidStudioInstallation.java
tools/adt/idea/as-driver/utils/testSrc/com/android/tools/asdriver/tests/AndroidStudioTest.java
tools/adt/idea/as-driver/utils/testSrc/com/android/tools/asdriver/tests/AndroidSystem.java
tools/adt/idea/as-driver/utils/testSrc/com/android/tools/asdriver/tests/ComponentMatchersBuilder.java
tools/adt/idea/as-driver/utils/testSrc/com/android/tools/asdriver/tests/EmulatorRule.kt
tools/adt/idea/as-driver/utils/testSrc/com/android/tools/asdriver/tests/FileServer.java
tools/adt/idea/as-driver/utils/testSrc/com/android/tools/asdriver/tests/MavenRepo.java
tools/adt/idea/as-driver/utils/testSrc/com/android/tools/asdriver/tests/MemoryDashboardNameProviderWatcher.kt
tools/adt/idea/as-driver/utils/testSrc/com/android/tools/asdriver/tests/MemoryUsageReportProcessor.kt
tools/adt/idea/as-driver/utils/testSrc/com/android/tools/asdriver/tests/VideoStitcher.java
tools/adt/idea/as-driver/utils/testSrc/com/android/tools/asdriver/tests/Workspace.kt
tools/adt/idea/as-driver/utils/testSrc/com/android/tools/asdriver/tests/base/Ide.java
tools/adt/idea/as-driver/utils/testSrc/com/android/tools/asdriver/tests/base/IdeInstallation.java
tools/adt/idea/as-driver/utils/testSrc/com/android/tools/asdriver/tests/base/IntelliJ.java
tools/adt/idea/as-driver/utils/testSrc/com/android/tools/asdriver/tests/base/IntelliJInstallation.java
tools/adt/idea/as-driver/utils/testSrc/com/android/tools/asdriver/tests/metric/FilteredTelemetryParser.kt
tools/adt/idea/as-driver/utils/testSrc/com/android/tools/asdriver/tests/metric/IndexingMetrics.kt
tools/adt/idea/as-driver/utils/testSrc/com/android/tools/asdriver/tests/metric/SpanElement.kt
tools/adt/idea/as-driver/utils/testSrc/com/android/tools/asdriver/tests/metric/SpanFilter.kt
tools/adt/idea/as-driver/utils/testSrc/com/android/tools/asdriver/tests/metric/StudioEvents.java
tools/adt/idea/as-driver/utils/testSrc/com/android/tools/asdriver/tests/metric/Telemetry.java
tools/adt/idea/as-driver/utils/testSrc/com/android/tools/asdriver/tests/metric/TelemetryParser.kt
tools/adt/idea/assistant/src/com/android/tools/idea/assistant/AssistActionHandler.java
tools/adt/idea/assistant/src/com/android/tools/idea/assistant/AssistActionState.java
tools/adt/idea/assistant/src/com/android/tools/idea/assistant/AssistActionStateManager.java
tools/adt/idea/assistant/src/com/android/tools/idea/assistant/AssistNavListener.java
tools/adt/idea/assistant/src/com/android/tools/idea/assistant/AssistSidePanel.kt
tools/adt/idea/assistant/src/com/android/tools/idea/assistant/AssistantBundleCreator.java
tools/adt/idea/assistant/src/com/android/tools/idea/assistant/AssistantGetBundleFromConfigTask.kt
tools/adt/idea/assistant/src/com/android/tools/idea/assistant/AssistantGetBundleTask.kt
tools/adt/idea/assistant/src/com/android/tools/idea/assistant/AssistantToolWindowService.kt
tools/adt/idea/assistant/src/com/android/tools/idea/assistant/DefaultTutorialBundle.java
tools/adt/idea/assistant/src/com/android/tools/idea/assistant/OpenAssistSidePanelAction.java
tools/adt/idea/assistant/src/com/android/tools/idea/assistant/PanelFactory.java
tools/adt/idea/assistant/src/com/android/tools/idea/assistant/RecipeMetadata.kt
tools/adt/idea/assistant/src/com/android/tools/idea/assistant/RecipeUtils.kt
tools/adt/idea/assistant/src/com/android/tools/idea/assistant/ScrollHandler.java
tools/adt/idea/assistant/src/com/android/tools/idea/assistant/StatefulButtonNotifier.java
tools/adt/idea/assistant/src/com/android/tools/idea/assistant/TutorialCardRefreshNotifier.java
tools/adt/idea/assistant/src/com/android/tools/idea/assistant/datamodel/ActionData.java
tools/adt/idea/assistant/src/com/android/tools/idea/assistant/datamodel/AnalyticsProvider.java
tools/adt/idea/assistant/src/com/android/tools/idea/assistant/datamodel/DefaultActionState.java
tools/adt/idea/assistant/src/com/android/tools/idea/assistant/datamodel/FeatureData.java
tools/adt/idea/assistant/src/com/android/tools/idea/assistant/datamodel/StepData.java
tools/adt/idea/assistant/src/com/android/tools/idea/assistant/datamodel/StepElementData.java
tools/adt/idea/assistant/src/com/android/tools/idea/assistant/datamodel/StepElementType.java
tools/adt/idea/assistant/src/com/android/tools/idea/assistant/datamodel/TutorialBundleData.java
tools/adt/idea/assistant/src/com/android/tools/idea/assistant/datamodel/TutorialData.java
tools/adt/idea/assistant/src/com/android/tools/idea/assistant/view/CardViewPanel.java
tools/adt/idea/assistant/src/com/android/tools/idea/assistant/view/FeatureEntryPoint.java
tools/adt/idea/assistant/src/com/android/tools/idea/assistant/view/FeaturesPanel.kt
tools/adt/idea/assistant/src/com/android/tools/idea/assistant/view/NavigationButton.java
tools/adt/idea/assistant/src/com/android/tools/idea/assistant/view/StatefulButton.kt
tools/adt/idea/assistant/src/com/android/tools/idea/assistant/view/StatefulButtonMessage.kt
tools/adt/idea/assistant/src/com/android/tools/idea/assistant/view/TutorialButton.java
tools/adt/idea/assistant/src/com/android/tools/idea/assistant/view/TutorialCard.java
tools/adt/idea/assistant/src/com/android/tools/idea/assistant/view/TutorialChooser.java
tools/adt/idea/assistant/src/com/android/tools/idea/assistant/view/TutorialStep.java
tools/adt/idea/assistant/src/com/android/tools/idea/assistant/view/UIUtils.java
tools/adt/idea/assistant/testSrc/com.android.tools.idea.assistant.view/AssistantTestSuite.java
tools/adt/idea/assistant/testSrc/com.android.tools.idea.assistant.view/LocalHTMLTest.kt
tools/adt/idea/assistant/testSrc/com.android.tools.idea.assistant.view/StatefulButtonMessageTest.java
tools/adt/idea/assistant/testSrc/com.android.tools.idea.assistant.view/StatefulButtonTest.java
tools/adt/idea/assistant/testSrc/com.android.tools.idea.assistant.view/TutorialCardTest.kt
tools/adt/idea/assistant/testSrc/com/android/tools/idea/assistant/DefaultTutorialBundleTest.java
tools/adt/idea/assistant/testSrc/com/android/tools/idea/assistant/RecipeUtilsTest.kt
tools/adt/idea/avd/src/com/android/tools/idea/avd/AccelerationErrorBanner.kt
tools/adt/idea/avd/src/com/android/tools/idea/avd/AddDeviceWizard.kt
tools/adt/idea/avd/src/com/android/tools/idea/avd/AdditionalSettingsPanel.kt
tools/adt/idea/avd/src/com/android/tools/idea/avd/ApiFilter.kt
tools/adt/idea/avd/src/com/android/tools/idea/avd/Banner.kt
tools/adt/idea/avd/src/com/android/tools/idea/avd/Boot.kt
tools/adt/idea/avd/src/com/android/tools/idea/avd/ConfigurationPage.kt
tools/adt/idea/avd/src/com/android/tools/idea/avd/ConfigureDevicePanel.kt
tools/adt/idea/avd/src/com/android/tools/idea/avd/ConfigureDevicePanelState.kt
tools/adt/idea/avd/src/com/android/tools/idea/avd/DeviceNameValidator.kt
tools/adt/idea/avd/src/com/android/tools/idea/avd/DevicePanel.kt
tools/adt/idea/avd/src/com/android/tools/idea/avd/DeviceSkinResolver.kt
tools/adt/idea/avd/src/com/android/tools/idea/avd/Dropdown.kt
tools/adt/idea/avd/src/com/android/tools/idea/avd/EditVirtualDeviceDialog.kt
tools/adt/idea/avd/src/com/android/tools/idea/avd/GraphicsMode.kt
tools/adt/idea/avd/src/com/android/tools/idea/avd/ISystemImages.kt
tools/adt/idea/avd/src/com/android/tools/idea/avd/Icons.kt
tools/adt/idea/avd/src/com/android/tools/idea/avd/LocalEmulatorProvisionerFactory.kt
tools/adt/idea/avd/src/com/android/tools/idea/avd/LocalVirtualDeviceSource.kt
tools/adt/idea/avd/src/com/android/tools/idea/avd/Padding.kt
tools/adt/idea/avd/src/com/android/tools/idea/avd/Services.kt
tools/adt/idea/avd/src/com/android/tools/idea/avd/StorageCapacity.kt
tools/adt/idea/avd/src/com/android/tools/idea/avd/StorageCapacityField.kt
tools/adt/idea/avd/src/com/android/tools/idea/avd/StorageGroup.kt
tools/adt/idea/avd/src/com/android/tools/idea/avd/SystemImageComparator.kt
tools/adt/idea/avd/src/com/android/tools/idea/avd/SystemImageFilterState.kt
tools/adt/idea/avd/src/com/android/tools/idea/avd/ValidationTooltip.kt
tools/adt/idea/avd/src/com/android/tools/idea/avd/VirtualDevice.kt
tools/adt/idea/avd/src/com/android/tools/idea/avd/VirtualDeviceProfile.kt
tools/adt/idea/avd/src/com/android/tools/idea/avd/VirtualDevices.kt
tools/adt/idea/avd/testSrc/com/android/tools/idea/avd/AddDeviceWizardTest.kt
tools/adt/idea/avd/testSrc/com/android/tools/idea/avd/AdditionalSettingsPanelTest.kt
tools/adt/idea/avd/testSrc/com/android/tools/idea/avd/AvdTestSuite.kt
tools/adt/idea/avd/testSrc/com/android/tools/idea/avd/ConfigureDevicePanelStateTest.kt
tools/adt/idea/avd/testSrc/com/android/tools/idea/avd/DeviceNameValidatorTest.kt
tools/adt/idea/avd/testSrc/com/android/tools/idea/avd/DeviceSkinResolverTest.kt
tools/adt/idea/avd/testSrc/com/android/tools/idea/avd/EditVirtualDeviceDialogTest.kt
tools/adt/idea/avd/testSrc/com/android/tools/idea/avd/ISystemImagesTest.kt
tools/adt/idea/avd/testSrc/com/android/tools/idea/avd/LocalEmulatorProvisionerFactoryTest.kt
tools/adt/idea/avd/testSrc/com/android/tools/idea/avd/LocalVirtualDeviceSourceTest.kt
tools/adt/idea/avd/testSrc/com/android/tools/idea/avd/NodeFilters.kt
tools/adt/idea/avd/testSrc/com/android/tools/idea/avd/SdkFixture.kt
tools/adt/idea/avd/testSrc/com/android/tools/idea/avd/StorageCapacityFieldTest.kt
tools/adt/idea/avd/testSrc/com/android/tools/idea/avd/StorageCapacityTest.kt
tools/adt/idea/avd/testSrc/com/android/tools/idea/avd/StorageGroupTest.kt
tools/adt/idea/avd/testSrc/com/android/tools/idea/avd/SystemImageComparatorTest.kt
tools/adt/idea/avd/testSrc/com/android/tools/idea/avd/SystemImageFilterStateTest.kt
tools/adt/idea/avd/testSrc/com/android/tools/idea/avd/TestDevices.kt
tools/adt/idea/avd/testSrc/com/android/tools/idea/avd/VirtualDeviceProfileTest.kt
tools/adt/idea/avd/testSrc/com/android/tools/idea/avd/VirtualDeviceTest.kt
tools/adt/idea/avd/testSrc/com/android/tools/idea/avd/provideCompositionLocals.kt
tools/adt/idea/bleak-config/src/com/android/tools/idea/bleak/IgnoredClass.java
tools/adt/idea/bleak-config/src/com/android/tools/idea/bleak/IgnoredDisposerRef.java
tools/adt/idea/bleak-config/src/com/android/tools/idea/bleak/IgnoredRef.java
tools/adt/idea/bleak-config/src/com/android/tools/idea/bleak/MainCheckIgnoreListEntry.java
tools/adt/idea/bleak-config/src/com/android/tools/idea/bleak/StudioBleakOptions.java
tools/adt/idea/bleak-config/src/com/android/tools/idea/bleak/expander/SmartFMapExpander.kt
tools/adt/idea/bleak-config/src/com/android/tools/idea/bleak/expander/SmartListExpander.kt
tools/adt/idea/bleak/src/com/android/tools/idea/bleak/Bleak.kt
tools/adt/idea/bleak/src/com/android/tools/idea/bleak/BleakCheck.kt
tools/adt/idea/bleak/src/com/android/tools/idea/bleak/BleakHelper.kt
tools/adt/idea/bleak/src/com/android/tools/idea/bleak/BleakOptions.kt
tools/adt/idea/bleak/src/com/android/tools/idea/bleak/BleakResult.kt
tools/adt/idea/bleak/src/com/android/tools/idea/bleak/DisposerCheck.kt
tools/adt/idea/bleak/src/com/android/tools/idea/bleak/HeapGraph.kt
tools/adt/idea/bleak/src/com/android/tools/idea/bleak/IgnoreList.kt
tools/adt/idea/bleak/src/com/android/tools/idea/bleak/IgnoreListEntry.java
tools/adt/idea/bleak/src/com/android/tools/idea/bleak/JniBleakHelper.kt
tools/adt/idea/bleak/src/com/android/tools/idea/bleak/LeakInfo.kt
tools/adt/idea/bleak/src/com/android/tools/idea/bleak/Leaktrace.kt
tools/adt/idea/bleak/src/com/android/tools/idea/bleak/MemoryLeakDetectedError.kt
tools/adt/idea/bleak/src/com/android/tools/idea/bleak/ReflectionUtil.java
tools/adt/idea/bleak/src/com/android/tools/idea/bleak/expander/ArrayObjectIdentityExpander.kt
tools/adt/idea/bleak/src/com/android/tools/idea/bleak/expander/ClassLoaderExpander.kt
tools/adt/idea/bleak/src/com/android/tools/idea/bleak/expander/ClassStaticsExpander.kt
tools/adt/idea/bleak/src/com/android/tools/idea/bleak/expander/DefaultObjectExpander.kt
tools/adt/idea/bleak/src/com/android/tools/idea/bleak/expander/ElidingExpander.kt
tools/adt/idea/bleak/src/com/android/tools/idea/bleak/expander/Expander.kt
tools/adt/idea/bleak/src/com/android/tools/idea/bleak/expander/RootExpander.kt
tools/adt/idea/build-common/src/org/jetbrains/android/AndroidCommonBundle.java
tools/adt/idea/build-common/src/org/jetbrains/android/sdk/MessageBuildingSdkLog.java
tools/adt/idea/build-common/src/org/jetbrains/android/util/AndroidBuildCommonUtils.java
tools/adt/idea/build-common/src/org/jetbrains/android/util/AndroidBuildTestingManager.java
tools/adt/idea/build-common/src/org/jetbrains/android/util/ResourceEntry.java
tools/adt/idea/codenavigation/src/com/android/tools/idea/codenavigation/ApkMappingNavigable.kt
tools/adt/idea/codenavigation/src/com/android/tools/idea/codenavigation/CodeLocation.java
tools/adt/idea/codenavigation/src/com/android/tools/idea/codenavigation/CodeNavigator.kt
tools/adt/idea/codenavigation/src/com/android/tools/idea/codenavigation/ComposeTraceNavSource.kt
tools/adt/idea/codenavigation/src/com/android/tools/idea/codenavigation/FakeNavSource.kt
tools/adt/idea/codenavigation/src/com/android/tools/idea/codenavigation/FileLineNavigable.kt
tools/adt/idea/codenavigation/src/com/android/tools/idea/codenavigation/IntelliJNavSource.kt
tools/adt/idea/codenavigation/src/com/android/tools/idea/codenavigation/NativeNavSource.kt
tools/adt/idea/codenavigation/src/com/android/tools/idea/codenavigation/NavSource.kt
tools/adt/idea/codenavigation/src/com/android/tools/idea/codenavigation/PsiInnerClass.kt
tools/adt/idea/codenavigation/src/com/android/tools/idea/codenavigation/PsiMethod.kt
tools/adt/idea/codenavigation/src/com/android/tools/idea/codenavigation/PsiOuterClassAndLine.kt
tools/adt/idea/codenavigation/src/com/android/tools/idea/codenavigation/TraceSignatureConverter.kt
tools/adt/idea/codenavigation/testSrc/CodeLocationTest.kt
tools/adt/idea/codenavigation/testSrc/TraceSignatureConverterTest.kt
tools/adt/idea/codenavigation/testSrc/com/android/tools/idea/codenavigation/ComposeTracingNavSourceTest.kt
tools/adt/idea/connection-assistant/src/com/android/tools/idea/connection/assistant/ConnectionAssistantBundleCreator.java
tools/adt/idea/connection-assistant/src/com/android/tools/idea/connection/assistant/OpenConnectionAssistantSidePanelAction.java
tools/adt/idea/connection-assistant/src/com/android/tools/idea/connection/assistant/actions/ButtonMessage.kt
tools/adt/idea/connection-assistant/src/com/android/tools/idea/connection/assistant/actions/ConnectionAssistantDevicePickerHelpAction.kt
tools/adt/idea/connection-assistant/src/com/android/tools/idea/connection/assistant/actions/CustomSuccessState.kt
tools/adt/idea/connection-assistant/src/com/android/tools/idea/connection/assistant/actions/DeviceCrossReference.kt
tools/adt/idea/connection-assistant/src/com/android/tools/idea/connection/assistant/actions/DeviceSummary.kt
tools/adt/idea/connection-assistant/src/com/android/tools/idea/connection/assistant/actions/ListUsbDevicesAction.kt
tools/adt/idea/connection-assistant/src/com/android/tools/idea/connection/assistant/actions/ListUsbDevicesActionStateManager.kt
tools/adt/idea/connection-assistant/src/com/android/tools/idea/connection/assistant/actions/RestartAdbAction.kt
tools/adt/idea/connection-assistant/src/com/android/tools/idea/connection/assistant/actions/RestartAdbActionStateManager.kt
tools/adt/idea/connection-assistant/testSrc/com.android.tools.idea.connection.assistant.actions/DeviceCrossReferenceTest.kt
tools/adt/idea/connection-assistant/testSrc/com.android.tools.idea.connection.assistant.actions/ListUsbDevicesActionStateManagerTest.kt
tools/adt/idea/connection-assistant/testSrc/com.android.tools.idea.connection.assistant/ConnectionAssistantTest.java
tools/adt/idea/connection-assistant/testSrc/com.android.tools.idea.connection.assistant/ConnectionAssistantTestSuite.java
tools/adt/idea/deploy/src/com/android/tools/idea/run/DeploymentApplicationService.kt
tools/adt/idea/deploy/src/com/android/tools/idea/run/DeploymentApplicationServiceImpl.java
tools/adt/idea/deploy/src/com/android/tools/idea/run/DeploymentService.java
tools/adt/idea/deploy/src/com/android/tools/idea/run/IdeService.java
tools/adt/idea/deploy/src/com/android/tools/idea/run/deployable/ApplicationIdResolver.java
tools/adt/idea/deploy/src/com/android/tools/idea/run/deployable/Device.java
tools/adt/idea/deploy/src/com/android/tools/idea/run/deployable/Process.java
tools/adt/idea/deploy/src/com/android/tools/idea/run/tasks/AbstractDeployTask.java
tools/adt/idea/deploy/src/com/android/tools/idea/run/tasks/ApplyChangesTask.java
tools/adt/idea/deploy/src/com/android/tools/idea/run/tasks/ApplyCodeChangesTask.java
tools/adt/idea/deploy/src/com/android/tools/idea/run/tasks/DeployTask.java
tools/adt/idea/deploy/src/com/android/tools/idea/run/ui/DeployAction.java
tools/adt/idea/deploy/src/com/android/tools/idea/run/util/DebuggerRedefiner.java
tools/adt/idea/deploy/src/com/android/tools/idea/run/util/SwapInfo.java
tools/adt/idea/deploy/testSrc/com/android/tools/idea/run/deployable/DeviceBinder.java
tools/adt/idea/deploy/testSrc/com/android/tools/idea/run/deployable/DeviceTest.java
tools/adt/idea/deploy/testSrc/com/android/tools/idea/run/tasks/DeployTaskTest.kt
tools/adt/idea/device-explorer-common/src/com/android/tools/idea/device/explorer/common/DeviceExplorerControllerListener.kt
tools/adt/idea/device-explorer-common/src/com/android/tools/idea/device/explorer/common/DeviceExplorerSettings.kt
tools/adt/idea/device-explorer-common/src/com/android/tools/idea/device/explorer/common/DeviceExplorerTab.kt
tools/adt/idea/device-explorer-common/src/com/android/tools/idea/device/explorer/common/DeviceExplorerTabController.kt
tools/adt/idea/device-explorer-files/src/com/android/tools/idea/device/explorer/files/CoroutineContextUtil.kt
tools/adt/idea/device-explorer-files/src/com/android/tools/idea/device/explorer/files/DeviceExplorerBundle.kt
tools/adt/idea/device-explorer-files/src/com/android/tools/idea/device/explorer/files/DeviceExplorerFileManager.kt
tools/adt/idea/device-explorer-files/src/com/android/tools/idea/device/explorer/files/DeviceExplorerFileManagerImpl.kt
tools/adt/idea/device-explorer-files/src/com/android/tools/idea/device/explorer/files/DeviceExplorerFilesUtils.kt
tools/adt/idea/device-explorer-files/src/com/android/tools/idea/device/explorer/files/DeviceExplorerModelListener.java
tools/adt/idea/device-explorer-files/src/com/android/tools/idea/device/explorer/files/DeviceExplorerViewListener.java
tools/adt/idea/device-explorer-files/src/com/android/tools/idea/device/explorer/files/DeviceExplorerViewProgressListener.java
tools/adt/idea/device-explorer-files/src/com/android/tools/idea/device/explorer/files/DeviceFileEntryNode.java
tools/adt/idea/device-explorer-files/src/com/android/tools/idea/device/explorer/files/DeviceFileExplorerController.kt
tools/adt/idea/device-explorer-files/src/com/android/tools/idea/device/explorer/files/DeviceFileExplorerControllerImpl.kt
tools/adt/idea/device-explorer-files/src/com/android/tools/idea/device/explorer/files/DeviceFileExplorerModel.kt
tools/adt/idea/device-explorer-files/src/com/android/tools/idea/device/explorer/files/DeviceFileExplorerView.java
tools/adt/idea/device-explorer-files/src/com/android/tools/idea/device/explorer/files/ErrorNode.java
tools/adt/idea/device-explorer-files/src/com/android/tools/idea/device/explorer/files/FileTransferOperationTracker.java
tools/adt/idea/device-explorer-files/src/com/android/tools/idea/device/explorer/files/FileTransferSummary.java
tools/adt/idea/device-explorer-files/src/com/android/tools/idea/device/explorer/files/FileTransferWorkEstimate.java
tools/adt/idea/device-explorer-files/src/com/android/tools/idea/device/explorer/files/FileTransferWorkEstimator.kt
tools/adt/idea/device-explorer-files/src/com/android/tools/idea/device/explorer/files/FileTransferWorkEstimatorProgress.java
tools/adt/idea/device-explorer-files/src/com/android/tools/idea/device/explorer/files/LongRunningOperationTracker.java
tools/adt/idea/device-explorer-files/src/com/android/tools/idea/device/explorer/files/MyLoadingNode.java
tools/adt/idea/device-explorer-files/src/com/android/tools/idea/device/explorer/files/adbimpl/AdbDeviceCapabilities.kt
tools/adt/idea/device-explorer-files/src/com/android/tools/idea/device/explorer/files/adbimpl/AdbDeviceDataDirectoryEntry.kt
tools/adt/idea/device-explorer-files/src/com/android/tools/idea/device/explorer/files/adbimpl/AdbDeviceDefaultFileEntry.kt
tools/adt/idea/device-explorer-files/src/com/android/tools/idea/device/explorer/files/adbimpl/AdbDeviceDirectFileEntry.kt
tools/adt/idea/device-explorer-files/src/com/android/tools/idea/device/explorer/files/adbimpl/AdbDeviceFileEntry.kt
tools/adt/idea/device-explorer-files/src/com/android/tools/idea/device/explorer/files/adbimpl/AdbDeviceFileSystem.kt
tools/adt/idea/device-explorer-files/src/com/android/tools/idea/device/explorer/files/adbimpl/AdbDeviceForwardingFileEntry.kt
tools/adt/idea/device-explorer-files/src/com/android/tools/idea/device/explorer/files/adbimpl/AdbFileListing.kt
tools/adt/idea/device-explorer-files/src/com/android/tools/idea/device/explorer/files/adbimpl/AdbFileListingEntry.java
tools/adt/idea/device-explorer-files/src/com/android/tools/idea/device/explorer/files/adbimpl/AdbFileListingEntryBuilder.java
tools/adt/idea/device-explorer-files/src/com/android/tools/idea/device/explorer/files/adbimpl/AdbFileOperations.kt
tools/adt/idea/device-explorer-files/src/com/android/tools/idea/device/explorer/files/adbimpl/AdbFileTransfer.kt
tools/adt/idea/device-explorer-files/src/com/android/tools/idea/device/explorer/files/adbimpl/AdbPathUtil.java
tools/adt/idea/device-explorer-files/src/com/android/tools/idea/device/explorer/files/adbimpl/AdbShellCommandBuilder.java
tools/adt/idea/device-explorer-files/src/com/android/tools/idea/device/explorer/files/adbimpl/DeviceUtil.kt
tools/adt/idea/device-explorer-files/src/com/android/tools/idea/device/explorer/files/adbimpl/UniqueFileNameGenerator.java
tools/adt/idea/device-explorer-files/src/com/android/tools/idea/device/explorer/files/external/services/DeviceFileDownloaderService.kt
tools/adt/idea/device-explorer-files/src/com/android/tools/idea/device/explorer/files/external/services/DeviceFileDownloaderServiceImpl.kt
tools/adt/idea/device-explorer-files/src/com/android/tools/idea/device/explorer/files/external/services/DeviceFileSystemManager.kt
tools/adt/idea/device-explorer-files/src/com/android/tools/idea/device/explorer/files/external/services/DeviceFileSystemManagerImpl.kt
tools/adt/idea/device-explorer-files/src/com/android/tools/idea/device/explorer/files/fs/DeviceFileEntry.kt
tools/adt/idea/device-explorer-files/src/com/android/tools/idea/device/explorer/files/fs/DeviceFileSystem.kt
tools/adt/idea/device-explorer-files/src/com/android/tools/idea/device/explorer/files/fs/DownloadProgress.kt
tools/adt/idea/device-explorer-files/src/com/android/tools/idea/device/explorer/files/fs/FileTransferProgress.java
tools/adt/idea/device-explorer-files/src/com/android/tools/idea/device/explorer/files/fs/ThrottledProgress.kt
tools/adt/idea/device-explorer-files/src/com/android/tools/idea/device/explorer/files/options/DeviceFileExplorerConfigurable.java
tools/adt/idea/device-explorer-files/src/com/android/tools/idea/device/explorer/files/options/DeviceFileExplorerConfigurableProvider.kt
tools/adt/idea/device-explorer-files/src/com/android/tools/idea/device/explorer/files/ui/ComponentPopupMenu.java
tools/adt/idea/device-explorer-files/src/com/android/tools/idea/device/explorer/files/ui/DeviceExplorerPanel.java
tools/adt/idea/device-explorer-files/src/com/android/tools/idea/device/explorer/files/ui/DeviceFileExplorerActionListener.kt
tools/adt/idea/device-explorer-files/src/com/android/tools/idea/device/explorer/files/ui/DeviceFileExplorerViewImpl.kt
tools/adt/idea/device-explorer-files/src/com/android/tools/idea/device/explorer/files/ui/ProgressPanel.java
tools/adt/idea/device-explorer-files/src/com/android/tools/idea/device/explorer/files/ui/TreeUtil.java
tools/adt/idea/device-explorer-files/src/com/android/tools/idea/device/explorer/files/ui/menu/item/CopyPathMenuItem.kt
tools/adt/idea/device-explorer-files/src/com/android/tools/idea/device/explorer/files/ui/menu/item/DeleteNodesMenuItem.kt
tools/adt/idea/device-explorer-files/src/com/android/tools/idea/device/explorer/files/ui/menu/item/NewDirectoryMenuItem.kt
tools/adt/idea/device-explorer-files/src/com/android/tools/idea/device/explorer/files/ui/menu/item/NewFileMenuItem.kt
tools/adt/idea/device-explorer-files/src/com/android/tools/idea/device/explorer/files/ui/menu/item/NonToggleMenuItem.kt
tools/adt/idea/device-explorer-files/src/com/android/tools/idea/device/explorer/files/ui/menu/item/OpenMenuItem.kt
tools/adt/idea/device-explorer-files/src/com/android/tools/idea/device/explorer/files/ui/menu/item/PackageFilterMenuItem.kt
tools/adt/idea/device-explorer-files/src/com/android/tools/idea/device/explorer/files/ui/menu/item/PopupMenuItem.kt
tools/adt/idea/device-explorer-files/src/com/android/tools/idea/device/explorer/files/ui/menu/item/SaveAsMenuItem.kt
tools/adt/idea/device-explorer-files/src/com/android/tools/idea/device/explorer/files/ui/menu/item/SingleSelectionTreeMenuItem.kt
tools/adt/idea/device-explorer-files/src/com/android/tools/idea/device/explorer/files/ui/menu/item/SynchronizeNodesMenuItem.kt
tools/adt/idea/device-explorer-files/src/com/android/tools/idea/device/explorer/files/ui/menu/item/TreeMenuItem.kt
tools/adt/idea/device-explorer-files/src/com/android/tools/idea/device/explorer/files/ui/menu/item/UploadFilesMenuItem.kt
tools/adt/idea/device-explorer-files/testSrc/com/android/tools/idea/device/explorer/files/DeviceExplorerFileManagerImplTest.kt
tools/adt/idea/device-explorer-files/testSrc/com/android/tools/idea/device/explorer/files/DeviceExplorerTestSuite.java
tools/adt/idea/device-explorer-files/testSrc/com/android/tools/idea/device/explorer/files/DeviceFileDownloaderServiceImplTest.kt
tools/adt/idea/device-explorer-files/testSrc/com/android/tools/idea/device/explorer/files/DeviceFileExplorerControllerTest.kt
tools/adt/idea/device-explorer-files/testSrc/com/android/tools/idea/device/explorer/files/Utils.java
tools/adt/idea/device-explorer-files/testSrc/com/android/tools/idea/device/explorer/files/adbimpl/AdbDeviceFileSystemTest.kt
tools/adt/idea/device-explorer-files/testSrc/com/android/tools/idea/device/explorer/files/adbimpl/AdbFileListingEntryTest.java
tools/adt/idea/device-explorer-files/testSrc/com/android/tools/idea/device/explorer/files/adbimpl/AdbFileListingTest.kt
tools/adt/idea/device-explorer-files/testSrc/com/android/tools/idea/device/explorer/files/adbimpl/AdbFileOperationsTest.kt
tools/adt/idea/device-explorer-files/testSrc/com/android/tools/idea/device/explorer/files/adbimpl/AdbPathUtilTest.java
tools/adt/idea/device-explorer-files/testSrc/com/android/tools/idea/device/explorer/files/adbimpl/AdbShellCommandBuilderTest.java
tools/adt/idea/device-explorer-files/testSrc/com/android/tools/idea/device/explorer/files/adbimpl/DeviceInterfaceLibrary.kt
tools/adt/idea/device-explorer-files/testSrc/com/android/tools/idea/device/explorer/files/adbimpl/TestDevices.java
tools/adt/idea/device-explorer-files/testSrc/com/android/tools/idea/device/explorer/files/adbimpl/TestShellCommandHandler.kt
tools/adt/idea/device-explorer-files/testSrc/com/android/tools/idea/device/explorer/files/adbimpl/TestShellCommandResult.java
tools/adt/idea/device-explorer-files/testSrc/com/android/tools/idea/device/explorer/files/adbimpl/TestShellCommands.java
tools/adt/idea/device-explorer-files/testSrc/com/android/tools/idea/device/explorer/files/mocks/MockDeviceExplorerFileManager.kt
tools/adt/idea/device-explorer-files/testSrc/com/android/tools/idea/device/explorer/files/mocks/MockDeviceExplorerView.java
tools/adt/idea/device-explorer-files/testSrc/com/android/tools/idea/device/explorer/files/mocks/MockDeviceFileEntry.kt
tools/adt/idea/device-explorer-files/testSrc/com/android/tools/idea/device/explorer/files/mocks/MockDeviceFileSystem.kt
tools/adt/idea/device-explorer-files/testSrc/com/android/tools/idea/device/explorer/files/mocks/MockDeviceFileSystemManager.kt
tools/adt/idea/device-explorer-files/testSrc/com/android/tools/idea/device/explorer/files/mocks/MockProjectApplicationIdsProvider.kt
tools/adt/idea/device-explorer-files/testSrc/com/android/tools/idea/device/explorer/files/ui/TreeUtilTest.java
tools/adt/idea/device-explorer/integration/testSrc/com/android/tools/idea/device/explorer/DeviceExplorerIntegrationTest.kt
tools/adt/idea/device-explorer/src/com/android/tools/idea/device/explorer/DeviceExplorerController.kt
tools/adt/idea/device-explorer/src/com/android/tools/idea/device/explorer/DeviceExplorerModel.kt
tools/adt/idea/device-explorer/src/com/android/tools/idea/device/explorer/DeviceExplorerService.java
tools/adt/idea/device-explorer/src/com/android/tools/idea/device/explorer/DeviceExplorerToolWindowFactory.kt
tools/adt/idea/device-explorer/src/com/android/tools/idea/device/explorer/ui/DeviceExplorerPanel.java
tools/adt/idea/device-explorer/src/com/android/tools/idea/device/explorer/ui/DeviceExplorerView.kt
tools/adt/idea/device-explorer/src/com/android/tools/idea/device/explorer/ui/DeviceExplorerViewImpl.kt
tools/adt/idea/device-explorer/src/com/android/tools/idea/device/explorer/ui/DeviceExplorerViewListener.kt
tools/adt/idea/device-explorer/testSrc/com/android/tools/idea/device/explorer/DeviceExplorerControllerTest.kt
tools/adt/idea/device-explorer/testSrc/com/android/tools/idea/device/explorer/DeviceExplorerTestSuite.kt
tools/adt/idea/device-explorer/testSrc/com/android/tools/idea/device/explorer/DeviceExplorerToolWindowFactoryTest.kt
tools/adt/idea/device-explorer/testSrc/com/android/tools/idea/device/explorer/mocks/MockDeviceExplorerTabController.kt
tools/adt/idea/device-explorer/testSrc/com/android/tools/idea/device/explorer/mocks/MockDeviceExplorerView.kt
tools/adt/idea/gmaven/src/com/android/tools/idea/gradle/repositories/IdeGoogleMavenRepository.kt
tools/adt/idea/gmd-code-completion/src/com/android/gmdcodecompletion/GmdCodeCompleteUtils.kt
tools/adt/idea/gmd-code-completion/src/com/android/gmdcodecompletion/GmdCodeCompletionGradleSyncListener.kt
tools/adt/idea/gmd-code-completion/src/com/android/gmdcodecompletion/GmdDeviceCatalog.kt
tools/adt/idea/gmd-code-completion/src/com/android/gmdcodecompletion/GmdDeviceCatalogService.kt
tools/adt/idea/gmd-code-completion/src/com/android/gmdcodecompletion/GmdDeviceCatalogState.kt
tools/adt/idea/gmd-code-completion/src/com/android/gmdcodecompletion/completions/GmdCodeCompletionContributor.kt
tools/adt/idea/gmd-code-completion/src/com/android/gmdcodecompletion/completions/GmdCodeCompletionLookupElement.kt
tools/adt/idea/gmd-code-completion/src/com/android/gmdcodecompletion/completions/GmdDeviceDefinitionPatternMatcherProvider.kt
tools/adt/idea/gmd-code-completion/src/com/android/gmdcodecompletion/completions/GmdDevicePropertyInsertHandler.kt
tools/adt/idea/gmd-code-completion/src/com/android/gmdcodecompletion/completions/lookupelementprovider/BaseLookupElementProvider.kt
tools/adt/idea/gmd-code-completion/src/com/android/gmdcodecompletion/completions/lookupelementprovider/FtlLookupElementProvider.kt
tools/adt/idea/gmd-code-completion/src/com/android/gmdcodecompletion/completions/lookupelementprovider/FtlTestOptionsLookupElementProvider.kt
tools/adt/idea/gmd-code-completion/src/com/android/gmdcodecompletion/completions/lookupelementprovider/ManagedVirtualLookupElementProvider.kt
tools/adt/idea/gmd-code-completion/src/com/android/gmdcodecompletion/ftl/FtlDeviceCatalog.kt
tools/adt/idea/gmd-code-completion/src/com/android/gmdcodecompletion/ftl/FtlDeviceCatalogService.kt
tools/adt/idea/gmd-code-completion/src/com/android/gmdcodecompletion/ftl/FtlDeviceCatalogState.kt
tools/adt/idea/gmd-code-completion/src/com/android/gmdcodecompletion/managedvirtual/ManagedVirtualDeviceCatalog.kt
tools/adt/idea/gmd-code-completion/src/com/android/gmdcodecompletion/managedvirtual/ManagedVirtualDeviceCatalogService.kt
tools/adt/idea/gmd-code-completion/src/com/android/gmdcodecompletion/managedvirtual/ManagedVirtualDeviceCatalogState.kt
tools/adt/idea/gmd-code-completion/testSrc/com/android/gmdcodecompletion/GmdCodeCompletionTestSuite.kt
tools/adt/idea/gmd-code-completion/testSrc/com/android/gmdcodecompletion/TestUtils.kt
tools/adt/idea/gmd-code-completion/testSrc/com/android/gmdcodecompletion/completions/GmdCodeCompletionTestBase.kt
tools/adt/idea/gmd-code-completion/testSrc/com/android/gmdcodecompletion/completions/GmdDevicePropertyValuePatternMatcherTest.kt
tools/adt/idea/gmd-code-completion/testSrc/com/android/gmdcodecompletion/completions/GroovyDevicePropertyNamePatternMatcherTest.kt
tools/adt/idea/gmd-code-completion/testSrc/com/android/gmdcodecompletion/completions/lookupelementprovider/FtlLookupElementProviderTest.kt
tools/adt/idea/gmd-code-completion/testSrc/com/android/gmdcodecompletion/completions/lookupelementprovider/FtlTestOptionsLookupElementProviderTest.kt
tools/adt/idea/gmd-code-completion/testSrc/com/android/gmdcodecompletion/completions/lookupelementprovider/ManagedVirtualDeviceLookupElementProviderTest.kt
tools/adt/idea/gmd-code-completion/testSrc/com/android/gmdcodecompletion/ftl/FtlDeviceCatalogServiceTest.kt
tools/adt/idea/gmd-code-completion/testSrc/com/android/gmdcodecompletion/ftl/FtlDeviceCatalogStateTest.kt
tools/adt/idea/gmd-code-completion/testSrc/com/android/gmdcodecompletion/ftl/FtlDeviceCatalogTest.kt
tools/adt/idea/gmd-code-completion/testSrc/com/android/gmdcodecompletion/managedvirtual/ManagedVirtualDeviceCatalogServiceTest.kt
tools/adt/idea/gmd-code-completion/testSrc/com/android/gmdcodecompletion/managedvirtual/ManagedVirtualDeviceCatalogStateTest.kt
tools/adt/idea/gmd-code-completion/testSrc/com/android/gmdcodecompletion/managedvirtual/ManagedVirtualDeviceCatalogTest.kt
tools/adt/idea/gradle-declarative-lang-flags/src/com/android/tools/idea/gradle/dcl/lang/flags/DeclarativeIdeSupport.kt
tools/adt/idea/gradle-declarative-lang-sync/src/com/android/tools/idea/gradle/dcl/lang/sync/DeclarativeSchemaConverters.kt
tools/adt/idea/gradle-declarative-lang-sync/src/com/android/tools/idea/gradle/dcl/lang/sync/GradleSchemaProjectResolver.kt
tools/adt/idea/gradle-declarative-lang-sync/src/com/android/tools/idea/gradle/dcl/lang/sync/SchemaModel.kt
tools/adt/idea/gradle-dsl-declarative/src/com/android/tools/idea/gradle/dsl/parser/declarative/DeclarativeDslNameConverter.kt
tools/adt/idea/gradle-dsl-declarative/src/com/android/tools/idea/gradle/dsl/parser/declarative/DeclarativeDslParser.kt
tools/adt/idea/gradle-dsl-declarative/src/com/android/tools/idea/gradle/dsl/parser/declarative/DeclarativeDslTransformerFactory.kt
tools/adt/idea/gradle-dsl-declarative/src/com/android/tools/idea/gradle/dsl/parser/declarative/DeclarativeDslWriter.kt
tools/adt/idea/ide-perf-tests/src/com/android/tools/idea/ideperftests/IdePerfSummaryTool.kt
tools/adt/idea/ide-perf-tests/testSrc/com/android/tools/idea/benchmarks/FullProjectBenchmark.kt
tools/adt/idea/ide-perf-tests/testSrc/com/android/tools/idea/benchmarks/IdeBenchmarkTestSuite.kt
tools/adt/idea/ide-perf-tests/testSrc/com/android/tools/idea/benchmarks/IdeBenchmarkUtil.kt
tools/adt/idea/ide-perf-tests/testSrc/com/android/tools/idea/benchmarks/JetNewsBenchmark.kt
tools/adt/idea/ide-perf-tests/testSrc/com/android/tools/idea/benchmarks/JetNewsK2Benchmark.kt
tools/adt/idea/ide-perf-tests/testSrc/com/android/tools/idea/benchmarks/MlModelBindingBenchmark.kt
tools/adt/idea/ide-perf-tests/testSrc/com/android/tools/idea/benchmarks/SantaTrackerKotlinBenchmark.kt
tools/adt/idea/ide-perf-tests/testSrc/com/android/tools/idea/benchmarks/SantaTrackerKotlinK2Benchmark.kt
tools/adt/idea/ide-perf-tests/testSrc/com/android/tools/idea/benchmarks/SimpleHighlightingBenchmark.kt
tools/adt/idea/ide-perf-tests/testSrc/com/android/tools/idea/benchmarks/tests/JetNewsBenchmarkTest.kt
tools/adt/idea/ide-perf-tests/testSrc/com/android/tools/idea/benchmarks/tests/MlModelBindingBenchmarkTest.kt
tools/adt/idea/ide-perf-tests/testSrc/com/android/tools/idea/benchmarks/tests/SantaTrackerKotlinBenchmarkTest.kt
tools/adt/idea/ide-perf-tests/testSrc/com/android/tools/idea/benchmarks/tests/SimpleHighlightingBenchmarkTest.kt
tools/adt/idea/ij-debugger-tests/ArtAttacher.kt
tools/adt/idea/inspectors-common/api-ide/src/com/android/tools/inspectors/common/api/ide/IntellijContextMenuInstaller.kt
tools/adt/idea/inspectors-common/api-ide/src/com/android/tools/inspectors/common/api/ide/stacktrace/IntelliJCodeElement.kt
tools/adt/idea/inspectors-common/api-ide/src/com/android/tools/inspectors/common/api/ide/stacktrace/IntelliJStackTraceGroup.kt
tools/adt/idea/inspectors-common/api-ide/src/com/android/tools/inspectors/common/api/ide/stacktrace/IntelliJStackTraceView.kt
tools/adt/idea/inspectors-common/api-ide/testSrc/com/android/tools/inspectors/common/api/ide/InspectorsCommonApiIdeTestSuite.kt
tools/adt/idea/inspectors-common/api-ide/testSrc/com/android/tools/inspectors/common/api/ide/stacktrace/IntelliJStackTraceGroupTest.kt
tools/adt/idea/inspectors-common/api-ide/testSrc/com/android/tools/inspectors/common/api/ide/stacktrace/IntelliJStackTraceViewTest.java
tools/adt/idea/inspectors-common/api/src/com/android/tools/inspectors/common/api/actions/NavigateToCodeAction.java
tools/adt/idea/inspectors-common/api/src/com/android/tools/inspectors/common/api/stacktrace/CodeElement.java
tools/adt/idea/inspectors-common/api/src/com/android/tools/inspectors/common/api/stacktrace/StackElement.java
tools/adt/idea/inspectors-common/api/src/com/android/tools/inspectors/common/api/stacktrace/StackFrameParser.kt
tools/adt/idea/inspectors-common/api/src/com/android/tools/inspectors/common/api/stacktrace/StackTraceModel.java
tools/adt/idea/inspectors-common/api/src/com/android/tools/inspectors/common/api/stacktrace/ThreadElement.java
tools/adt/idea/inspectors-common/api/src/com/android/tools/inspectors/common/api/stacktrace/ThreadId.java
tools/adt/idea/inspectors-common/api/testSrc/com/android/tools/inspectors/common/api/InspectorsCommonApiTestSuite.kt
tools/adt/idea/inspectors-common/api/testSrc/com/android/tools/inspectors/common/api/actions/NavigateToCodeActionTest.kt
tools/adt/idea/inspectors-common/api/testSrc/com/android/tools/inspectors/common/api/stacktrace/StackFrameParserTest.kt
tools/adt/idea/inspectors-common/api/testSrc/com/android/tools/inspectors/common/api/stacktrace/ThreadIdTest.java
tools/adt/idea/inspectors-common/ui/src/com/android/tools/inspectors/common/ui/ContextMenuInstaller.java
tools/adt/idea/inspectors-common/ui/src/com/android/tools/inspectors/common/ui/dataviewer/DataViewer.java
tools/adt/idea/inspectors-common/ui/src/com/android/tools/inspectors/common/ui/dataviewer/IntellijDataViewer.kt
tools/adt/idea/inspectors-common/ui/src/com/android/tools/inspectors/common/ui/dataviewer/IntellijImageDataViewer.kt
tools/adt/idea/inspectors-common/ui/src/com/android/tools/inspectors/common/ui/stacktrace/StackTraceGroup.java
tools/adt/idea/inspectors-common/ui/src/com/android/tools/inspectors/common/ui/stacktrace/StackTraceView.java
tools/adt/idea/inspectors-common/ui/testSrc/com/android/tools/inspectors/common/ui/InspectorsCommonUiTestSuite.kt
tools/adt/idea/inspectors-common/ui/testSrc/com/android/tools/inspectors/common/ui/dataviewer/IntellijDataViewerTest.kt
tools/adt/idea/inspectors-common/ui/testSrc/com/android/tools/inspectors/common/ui/dataviewer/IntellijImageDataViewerTest.kt
tools/adt/idea/intellij.android.avdmanager.tests/src/com/android/tools/idea/avdmanager/AvdManagerConnectionTest.kt
tools/adt/idea/intellij.android.avdmanager.tests/src/com/android/tools/idea/avdmanager/AvdManagerTestSuite.java
tools/adt/idea/intellij.android.avdmanager.tests/src/com/android/tools/idea/avdmanager/DeviceManagerConnectionTest.kt
tools/adt/idea/intellij.android.avdmanager.tests/src/com/android/tools/idea/avdmanager/DeviceSkinUpdaterTest.kt
tools/adt/idea/intellij.android.avdmanager.tests/src/com/android/tools/idea/avdmanager/EmulatorProcessHandlerTest.kt
tools/adt/idea/intellij.android.avdmanager.tests/src/com/android/tools/idea/avdmanager/RunningAvdTrackerTest.kt
tools/adt/idea/intellij.android.avdmanager.tests/src/com/android/tools/idea/avdmanager/emulatorcommand/BootWithSnapshotEmulatorCommandBuilderTest.java
tools/adt/idea/intellij.android.avdmanager.tests/src/com/android/tools/idea/avdmanager/emulatorcommand/ColdBootEmulatorCommandBuilderTest.java
tools/adt/idea/intellij.android.avdmanager.tests/src/com/android/tools/idea/avdmanager/emulatorcommand/ColdBootNowEmulatorCommandBuilderTest.java
tools/adt/idea/intellij.android.avdmanager.tests/src/com/android/tools/idea/avdmanager/emulatorcommand/DefaultEmulatorCommandBuilderFactoryTest.java
tools/adt/idea/intellij.android.avdmanager.tests/src/com/android/tools/idea/avdmanager/emulatorcommand/EmulatorCommandBuilderTest.java
tools/adt/idea/intellij.android.avdmanager.tests/src/com/android/tools/idea/avdmanager/skincombobox/EditorTest.java
tools/adt/idea/intellij.android.avdmanager.tests/src/com/android/tools/idea/avdmanager/skincombobox/NoSkinTest.java
tools/adt/idea/intellij.android.avdmanager.tests/src/com/android/tools/idea/avdmanager/skincombobox/SkinComboBoxModelTest.java
tools/adt/idea/intellij.android.avdmanager.tests/src/com/android/tools/idea/avdmanager/ui/AvdDeviceDataTest.kt
tools/adt/idea/intellij.android.avdmanager.tests/src/com/android/tools/idea/avdmanager/ui/CategoryTest.java
tools/adt/idea/intellij.android.avdmanager.tests/src/com/android/tools/idea/avdmanager/ui/CustomSkinValidatorTest.java
tools/adt/idea/intellij.android.avdmanager.tests/src/com/android/tools/idea/avdmanager/ui/Definitions.java
tools/adt/idea/intellij.android.avdmanager.tests/src/com/android/tools/idea/avdmanager/ui/DeviceSupplierTest.java
tools/adt/idea/intellij.android.avdmanager.tests/src/com/android/tools/idea/avdmanager/ui/NameComparatorTest.java
tools/adt/idea/intellij.android.avdmanager.tests/src/com/android/tools/idea/avdmanager/ui/SkinComboBoxPropertyTest.java
tools/adt/idea/intellij.android.avdmanager.tests/src/com/android/tools/idea/avdmanager/ui/SystemImageManagers.java
tools/adt/idea/intellij.android.compose-common/src/com/android/tools/compose/ComposeLibraryNamespace.kt
tools/adt/idea/intellij.android.compose-common/src/com/android/tools/compose/PsiUtils.kt
tools/adt/idea/intellij.android.compose-common/src/com/android/tools/compose/inspection/BasePreviewAnnotationInspection.kt
tools/adt/idea/intellij.android.compose-common/src/com/android/tools/compose/inspection/PreviewDimensionRespectsLimit.kt
tools/adt/idea/intellij.android.compose-common/src/com/android/tools/compose/inspection/PreviewMustBeTopLevelFunction.kt
tools/adt/idea/intellij.android.compose-common/src/com/android/tools/compose/inspection/PreviewNeedsComposableAnnotationInspection.kt
tools/adt/idea/intellij.android.compose-common/src/com/android/tools/compose/inspection/PreviewNotSupportedInUnitTestFiles.kt
tools/adt/idea/intellij.android.compose-common/testSrc/com/android/tools/compose/ComposeCommonTestSuite.kt
tools/adt/idea/intellij.android.compose-common/testSrc/com/android/tools/compose/PsiUtilsTest.kt
tools/adt/idea/jps-build/jps-test-runner/ExpectedFailureRunner.java
tools/adt/idea/jps-build/jps-test-runner/ExpectedFailuresRunNotifier.java
tools/adt/idea/jps-build/jps-test-runner/JUnit3RunnerWithInnersForBazel.java
tools/adt/idea/jps-build/jps-test-runner/ModuleRunnerBuilder.java
tools/adt/idea/jps-build/jps-test-runner/ModuleTestSuite.java
tools/adt/idea/jps-build/jps-test-runner/ModuleTestSuiteRunner.java
tools/adt/idea/jps-build/tests/tools/idea/Class.java
tools/adt/idea/jps-build/tests/tools/idea/InnerRunner.java
tools/adt/idea/jps-build/tests/tools/idea/Test1.java
tools/adt/idea/jps-build/tests/tools/idea/Test2.java
tools/adt/idea/jps-build/tests/tools/idea/Test3.java
tools/adt/idea/jps-model/src/org/jetbrains/android/facet/AndroidFacetProperties.java
tools/adt/idea/jps-model/src/org/jetbrains/android/facet/AndroidImportableProperty.java
tools/adt/idea/memory-usage/src/main/java/com/android/tools/memory/usage/LightweightHeapTraverse.java
tools/adt/idea/memory-usage/src/main/java/com/android/tools/memory/usage/LightweightHeapTraverseConfig.java
tools/adt/idea/memory-usage/src/main/java/com/android/tools/memory/usage/LightweightTraverseResult.java
tools/adt/idea/memory-usage/src/test/java/com/android/tools/memory/usage/LightweightHeapTraverseTest.java
tools/adt/idea/mlkit/src/com/android/tools/idea/mlkit/APIVersion.java
tools/adt/idea/mlkit/src/com/android/tools/idea/mlkit/LightModelClassConfig.java
tools/adt/idea/mlkit/src/com/android/tools/idea/mlkit/LoggingUtils.kt
tools/adt/idea/mlkit/src/com/android/tools/idea/mlkit/MlClassFinder.java
tools/adt/idea/mlkit/src/com/android/tools/idea/mlkit/MlModelFileIndex.java
tools/adt/idea/mlkit/src/com/android/tools/idea/mlkit/MlModelFilesSearchScope.java
tools/adt/idea/mlkit/src/com/android/tools/idea/mlkit/MlModelMetadata.java
tools/adt/idea/mlkit/src/com/android/tools/idea/mlkit/MlModuleService.java
tools/adt/idea/mlkit/src/com/android/tools/idea/mlkit/MlProjectService.java
tools/adt/idea/mlkit/src/com/android/tools/idea/mlkit/MlResolveScopeEnlarger.java
tools/adt/idea/mlkit/src/com/android/tools/idea/mlkit/MlShortNamesCache.java
tools/adt/idea/mlkit/src/com/android/tools/idea/mlkit/MlUtils.java
tools/adt/idea/mlkit/src/com/android/tools/idea/mlkit/ProjectMlModelFileTracker.java
tools/adt/idea/mlkit/src/com/android/tools/idea/mlkit/importmodel/ChooseMlModelStep.java
tools/adt/idea/mlkit/src/com/android/tools/idea/mlkit/importmodel/ImportMlModelAction.java
tools/adt/idea/mlkit/src/com/android/tools/idea/mlkit/importmodel/ImportMlModelActionsProvider.java
tools/adt/idea/mlkit/src/com/android/tools/idea/mlkit/importmodel/MlWizardModel.kt
tools/adt/idea/mlkit/src/com/android/tools/idea/mlkit/lightpsi/ClassNames.java
tools/adt/idea/mlkit/src/com/android/tools/idea/mlkit/lightpsi/CodeUtils.java
tools/adt/idea/mlkit/src/com/android/tools/idea/mlkit/lightpsi/LightModelClass.java
tools/adt/idea/mlkit/src/com/android/tools/idea/mlkit/lightpsi/LightModelGroupClass.java
tools/adt/idea/mlkit/src/com/android/tools/idea/mlkit/lightpsi/LightModelOutputsClass.java
tools/adt/idea/mlkit/src/com/android/tools/idea/mlkit/notifications/BuildFeatureOffNotificationProvider.kt
tools/adt/idea/mlkit/src/com/android/tools/idea/mlkit/notifications/DependenciesTooLowNotificationProvider.java
tools/adt/idea/mlkit/src/com/android/tools/idea/mlkit/notifications/InNonMlFolderNotificationProvider.java
tools/adt/idea/mlkit/src/com/android/tools/idea/mlkit/notifications/LowAgpVersionNotificationProvider.java
tools/adt/idea/mlkit/src/com/android/tools/idea/mlkit/notifications/MissingDependenciesNotificationProvider.java
tools/adt/idea/mlkit/src/com/android/tools/idea/mlkit/viewer/HtmlUtils.java
tools/adt/idea/mlkit/src/com/android/tools/idea/mlkit/viewer/MlModelFileTypeFactory.java
tools/adt/idea/mlkit/src/com/android/tools/idea/mlkit/viewer/TfliteModelFileEditor.java
tools/adt/idea/mlkit/src/com/android/tools/idea/mlkit/viewer/TfliteModelFileEditorProvider.java
tools/adt/idea/mlkit/src/com/android/tools/idea/mlkit/viewer/TfliteModelFileType.java
tools/adt/idea/mlkit/testData/projects/projectWithTwoLibModulesButOnlyOneEnabled/app/src/main/java/com/mlmodelbinding/MyActivity.java
tools/adt/idea/mlkit/testData/projects/projectWithTwoLibModulesButOnlyOneEnabled/lib_off/src/main/java/lib/nobinding/Sample.java
tools/adt/idea/mlkit/testData/projects/projectWithTwoLibModulesButOnlyOneEnabled/lib_on/src/main/java/lib/withbinding/Sample.java
tools/adt/idea/mlkit/testSrc/com/android/tools/idea/mlkit/MlGradleProjectTest.java
tools/adt/idea/mlkit/testSrc/com/android/tools/idea/mlkit/MlLightClassTest.java
tools/adt/idea/mlkit/testSrc/com/android/tools/idea/mlkit/MlModelBindingTestSuite.java
tools/adt/idea/mlkit/testSrc/com/android/tools/idea/mlkit/MlProjectTestUtil.java
tools/adt/idea/mlkit/testSrc/com/android/tools/idea/mlkit/TestDataPaths.java
tools/adt/idea/mlkit/testSrc/com/android/tools/idea/mlkit/importmodel/ChooseMlModelStepTest.java
tools/adt/idea/mlkit/testSrc/com/android/tools/idea/mlkit/importmodel/ImportMlModelActionProviderTest.java
tools/adt/idea/mlkit/testSrc/com/android/tools/idea/mlkit/importmodel/ImportMlModelActionTest.kt
tools/adt/idea/mlkit/testSrc/com/android/tools/idea/mlkit/notifications/LowAgpVersionNotificationProviderTest.java
tools/adt/idea/mlkit/testSrc/com/android/tools/idea/mlkit/viewer/HtmlUtilsTest.java
tools/adt/idea/mlkit/testSrc/com/android/tools/idea/mlkit/viewer/TfliteModelFileEditorTest.java
tools/adt/idea/native-symbolizer/gradle/src/com/android/tools/nativeSymbolizer/NdkSymbolSource.kt
tools/adt/idea/native-symbolizer/src/com/android/tools/nativeSymbolizer/LlvmSymbolizer.kt
tools/adt/idea/native-symbolizer/src/com/android/tools/nativeSymbolizer/NativeSymbolizer.kt
tools/adt/idea/native-symbolizer/src/com/android/tools/nativeSymbolizer/SymbolFilesLocator.kt
tools/adt/idea/native-symbolizer/src/com/android/tools/nativeSymbolizer/SymbolSource.kt
tools/adt/idea/native-symbolizer/testSrc/com/android/tools/nativeSymbolizer/LlvmSymbolizerTest.kt
tools/adt/idea/native-symbolizer/testSrc/com/android/tools/nativeSymbolizer/NativeSymbolizerTestSuite.java
tools/adt/idea/native-symbolizer/testSrc/com/android/tools/nativeSymbolizer/SymbolFilesLocatorTest.kt
tools/adt/idea/native-symbolizer/testSrc/com/android/tools/nativeSymbolizer/SymbolSourceTest.kt
tools/adt/idea/observable-demo/src/com/android/tools/idea/observable/demo/AnyCheckedDemo.java
tools/adt/idea/observable-demo/src/com/android/tools/idea/observable/demo/CorePropertiesDemo.java
tools/adt/idea/observable-demo/src/com/android/tools/idea/observable/demo/SyncFieldsDemo.java
tools/adt/idea/observable-demo/src/com/android/tools/idea/observable/demo/package-info.java
tools/adt/idea/observable-ui/src/com/android/tools/idea/observable/ui/ColorProperty.java
tools/adt/idea/observable-ui/src/com/android/tools/idea/observable/ui/DeprecatedSpinnerValueProperty.java
tools/adt/idea/observable-ui/src/com/android/tools/idea/observable/ui/EditableProperty.java
tools/adt/idea/observable-ui/src/com/android/tools/idea/observable/ui/EnabledProperty.java
tools/adt/idea/observable-ui/src/com/android/tools/idea/observable/ui/HasFocusProperty.java
tools/adt/idea/observable-ui/src/com/android/tools/idea/observable/ui/IconProperty.java
tools/adt/idea/observable-ui/src/com/android/tools/idea/observable/ui/SelectedIndexProperty.java
tools/adt/idea/observable-ui/src/com/android/tools/idea/observable/ui/SelectedItemProperty.java
tools/adt/idea/observable-ui/src/com/android/tools/idea/observable/ui/SelectedListValueProperty.java
tools/adt/idea/observable-ui/src/com/android/tools/idea/observable/ui/SelectedProperty.java
tools/adt/idea/observable-ui/src/com/android/tools/idea/observable/ui/SelectedRadioButtonProperty.kt
tools/adt/idea/observable-ui/src/com/android/tools/idea/observable/ui/SliderValueProperty.java
tools/adt/idea/observable-ui/src/com/android/tools/idea/observable/ui/SpinnerLongValueProperty.kt
tools/adt/idea/observable-ui/src/com/android/tools/idea/observable/ui/SpinnerValueProperty.java
tools/adt/idea/observable-ui/src/com/android/tools/idea/observable/ui/TextProperty.java
tools/adt/idea/observable-ui/src/com/android/tools/idea/observable/ui/VisibleProperty.java
tools/adt/idea/observable-ui/src/com/android/tools/idea/observable/ui/package-info.java
tools/adt/idea/observable-ui/testSrc/com/android/tools/idea/observable/ui/ColorPropertyTest.java
tools/adt/idea/observable-ui/testSrc/com/android/tools/idea/observable/ui/EditablePropertyTest.java
tools/adt/idea/observable-ui/testSrc/com/android/tools/idea/observable/ui/EnabledPropertyTest.java
tools/adt/idea/observable-ui/testSrc/com/android/tools/idea/observable/ui/IconPropertyTest.java
tools/adt/idea/observable-ui/testSrc/com/android/tools/idea/observable/ui/ObservableUiTestSuite.kt
tools/adt/idea/observable-ui/testSrc/com/android/tools/idea/observable/ui/SelectedIndexPropertyTest.java
tools/adt/idea/observable-ui/testSrc/com/android/tools/idea/observable/ui/SelectedItemPropertyTest.java
tools/adt/idea/observable-ui/testSrc/com/android/tools/idea/observable/ui/SelectedPropertyTest.java
tools/adt/idea/observable-ui/testSrc/com/android/tools/idea/observable/ui/SelectedRadioButtonPropertyTest.kt
tools/adt/idea/observable-ui/testSrc/com/android/tools/idea/observable/ui/SliderValuePropertyTest.java
tools/adt/idea/observable-ui/testSrc/com/android/tools/idea/observable/ui/SpinnerLongValuePropertyTest.kt
tools/adt/idea/observable-ui/testSrc/com/android/tools/idea/observable/ui/SpinnerValuePropertyTest.java
tools/adt/idea/observable-ui/testSrc/com/android/tools/idea/observable/ui/TextPropertyTest.java
tools/adt/idea/observable-ui/testSrc/com/android/tools/idea/observable/ui/VisiblePropertyTest.java
tools/adt/idea/observable/src/com/android/tools/idea/observable/AbstractObservableValue.java
tools/adt/idea/observable/src/com/android/tools/idea/observable/AbstractProperty.java
tools/adt/idea/observable/src/com/android/tools/idea/observable/BatchInvoker.java
tools/adt/idea/observable/src/com/android/tools/idea/observable/BindingsManager.java
tools/adt/idea/observable/src/com/android/tools/idea/observable/InvalidationListener.java
tools/adt/idea/observable/src/com/android/tools/idea/observable/ListenerManager.java
tools/adt/idea/observable/src/com/android/tools/idea/observable/ObservableValue.java
tools/adt/idea/observable/src/com/android/tools/idea/observable/Receiver.java
tools/adt/idea/observable/src/com/android/tools/idea/observable/SettableValue.java
tools/adt/idea/observable/src/com/android/tools/idea/observable/adapters/AdapterProperty.java
tools/adt/idea/observable/src/com/android/tools/idea/observable/adapters/StringToDoubleAdapterProperty.java
tools/adt/idea/observable/src/com/android/tools/idea/observable/adapters/StringToIntAdapterProperty.java
tools/adt/idea/observable/src/com/android/tools/idea/observable/collections/ObservableList.java
tools/adt/idea/observable/src/com/android/tools/idea/observable/core/BoolProperty.java
tools/adt/idea/observable/src/com/android/tools/idea/observable/core/BoolValueProperty.java
tools/adt/idea/observable/src/com/android/tools/idea/observable/core/ConstantBool.java
tools/adt/idea/observable/src/com/android/tools/idea/observable/core/DoubleProperty.java
tools/adt/idea/observable/src/com/android/tools/idea/observable/core/DoubleValueProperty.java
tools/adt/idea/observable/src/com/android/tools/idea/observable/core/EnumValueProperty.java
tools/adt/idea/observable/src/com/android/tools/idea/observable/core/IntProperty.java
tools/adt/idea/observable/src/com/android/tools/idea/observable/core/IntValueProperty.java
tools/adt/idea/observable/src/com/android/tools/idea/observable/core/ObjectProperty.java
tools/adt/idea/observable/src/com/android/tools/idea/observable/core/ObjectValueProperty.java
tools/adt/idea/observable/src/com/android/tools/idea/observable/core/ObservableBool.java
tools/adt/idea/observable/src/com/android/tools/idea/observable/core/ObservableDouble.java
tools/adt/idea/observable/src/com/android/tools/idea/observable/core/ObservableInt.java
tools/adt/idea/observable/src/com/android/tools/idea/observable/core/ObservableObject.java
tools/adt/idea/observable/src/com/android/tools/idea/observable/core/ObservableOptional.java
tools/adt/idea/observable/src/com/android/tools/idea/observable/core/ObservableString.java
tools/adt/idea/observable/src/com/android/tools/idea/observable/core/OptionalProperty.java
tools/adt/idea/observable/src/com/android/tools/idea/observable/core/OptionalValueProperty.java
tools/adt/idea/observable/src/com/android/tools/idea/observable/core/StringProperty.java
tools/adt/idea/observable/src/com/android/tools/idea/observable/core/StringValueProperty.java
tools/adt/idea/observable/src/com/android/tools/idea/observable/expressions/Expression.java
tools/adt/idea/observable/src/com/android/tools/idea/observable/expressions/bool/AndExpression.java
tools/adt/idea/observable/src/com/android/tools/idea/observable/expressions/bool/AnyExpression.java
tools/adt/idea/observable/src/com/android/tools/idea/observable/expressions/bool/BooleanExpression.java
tools/adt/idea/observable/src/com/android/tools/idea/observable/expressions/bool/BooleanExpressions.java
tools/adt/idea/observable/src/com/android/tools/idea/observable/expressions/bool/IsEqualToExpression.java
tools/adt/idea/observable/src/com/android/tools/idea/observable/expressions/bool/NotExpression.java
tools/adt/idea/observable/src/com/android/tools/idea/observable/expressions/bool/OrExpression.java
tools/adt/idea/observable/src/com/android/tools/idea/observable/expressions/double_/ComparisonExpression.java
tools/adt/idea/observable/src/com/android/tools/idea/observable/expressions/double_/DoubleExpression.java
tools/adt/idea/observable/src/com/android/tools/idea/observable/expressions/double_/SumExpression.java
tools/adt/idea/observable/src/com/android/tools/idea/observable/expressions/integer/ComparisonExpression.java
tools/adt/idea/observable/src/com/android/tools/idea/observable/expressions/integer/IntExpression.java
tools/adt/idea/observable/src/com/android/tools/idea/observable/expressions/integer/SumExpression.java
tools/adt/idea/observable/src/com/android/tools/idea/observable/expressions/list/ListExpression.java
tools/adt/idea/observable/src/com/android/tools/idea/observable/expressions/list/MapExpression.java
tools/adt/idea/observable/src/com/android/tools/idea/observable/expressions/list/SizeExpression.java
tools/adt/idea/observable/src/com/android/tools/idea/observable/expressions/optional/AsOptionalExpression.java
tools/adt/idea/observable/src/com/android/tools/idea/observable/expressions/string/FormatExpression.java
tools/adt/idea/observable/src/com/android/tools/idea/observable/expressions/string/IsEmptyExpression.java
tools/adt/idea/observable/src/com/android/tools/idea/observable/expressions/string/StringExpression.java
tools/adt/idea/observable/src/com/android/tools/idea/observable/expressions/string/TrimExpression.java
tools/adt/idea/observable/src/com/android/tools/idea/observable/expressions/value/TransformOptionalExpression.java
tools/adt/idea/observable/src/com/android/tools/idea/observable/package-info.java
tools/adt/idea/observable/testSrc/com/android/tools/idea/observable/AbstractPropertyTest.java
tools/adt/idea/observable/testSrc/com/android/tools/idea/observable/BatchInvokerStrategyRule.java
tools/adt/idea/observable/testSrc/com/android/tools/idea/observable/BatchInvokerTest.java
tools/adt/idea/observable/testSrc/com/android/tools/idea/observable/BindingsManagerTest.java
tools/adt/idea/observable/testSrc/com/android/tools/idea/observable/CountListener.java
tools/adt/idea/observable/testSrc/com/android/tools/idea/observable/ListenerManagerTest.java
tools/adt/idea/observable/testSrc/com/android/tools/idea/observable/ObservableValueTest.java
tools/adt/idea/observable/testSrc/com/android/tools/idea/observable/TestInvokeStrategy.java
tools/adt/idea/observable/testSrc/com/android/tools/idea/observable/adapters/AdapterPropertiesTest.java
tools/adt/idea/observable/testSrc/com/android/tools/idea/observable/collections/ObservableListTest.java
tools/adt/idea/observable/testSrc/com/android/tools/idea/observable/core/BoolValuePropertyTest.java
tools/adt/idea/observable/testSrc/com/android/tools/idea/observable/core/IntValuePropertyTest.java
tools/adt/idea/observable/testSrc/com/android/tools/idea/observable/core/ObjectPropertyTest.java
tools/adt/idea/observable/testSrc/com/android/tools/idea/observable/core/ObservableDoubleTest.java
tools/adt/idea/observable/testSrc/com/android/tools/idea/observable/core/OptionalPropertyTest.java
tools/adt/idea/observable/testSrc/com/android/tools/idea/observable/core/StringValuePropertyTest.java
tools/adt/idea/observable/testSrc/com/android/tools/idea/observable/expressions/ExpressionTest.java
tools/adt/idea/observable/testSrc/com/android/tools/idea/observable/expressions/bool/BooleanExpressionsTest.java
tools/adt/idea/observable/testSrc/com/android/tools/idea/observable/expressions/double_/DoubleExpressionsTest.java
tools/adt/idea/observable/testSrc/com/android/tools/idea/observable/expressions/integer/IntExpressionsTest.java
tools/adt/idea/observable/testSrc/com/android/tools/idea/observable/expressions/list/ListExpressionsTest.java
tools/adt/idea/observable/testSrc/com/android/tools/idea/observable/expressions/optional/OptionalExpressionsTest.java
tools/adt/idea/observable/testSrc/com/android/tools/idea/observable/expressions/string/StringExpressionsTest.java
tools/adt/idea/observable/testSrc/com/android/tools/idea/observable/expressions/value/ValueExpressionsTest.java
tools/adt/idea/out/production/real-world-integration-tests/testprojects/CompositeBuild/mainProject/app/src/androidTest/java/com/example/myapplication/ExampleInstrumentedTest.kt
tools/adt/idea/out/production/real-world-integration-tests/testprojects/CompositeBuild/mainProject/app/src/main/java/com/example/myapplication/MainActivity.kt
tools/adt/idea/out/production/real-world-integration-tests/testprojects/CompositeBuild/mainProject/app/src/test/java/com/example/myapplication/ExampleUnitTest.kt
tools/adt/idea/out/production/real-world-integration-tests/testprojects/CompositeBuild/ndklib/lib/src/androidTest/java/com/example/ndklib/ExampleInstrumentedTest.kt
tools/adt/idea/out/production/real-world-integration-tests/testprojects/CompositeBuild/ndklib/lib/src/main/java/com/example/ndklib/MainActivity.kt
tools/adt/idea/out/production/real-world-integration-tests/testprojects/CompositeBuild/ndklib/lib/src/test/java/com/example/ndklib/ExampleUnitTest.kt
tools/adt/idea/out/production/real-world-integration-tests/testprojects/HelloWorld/app/src/androidTest/java/com/example/helloworld/ExampleInstrumentedTest.kt
tools/adt/idea/out/production/real-world-integration-tests/testprojects/HelloWorld/app/src/main/java/com/example/helloworld/MainActivity.kt
tools/adt/idea/out/production/real-world-integration-tests/testprojects/HelloWorld/app/src/test/java/com/example/helloworld/ExampleUnitTest.kt
tools/adt/idea/out/test/aiplugin.android.gradle/projects/CompositeBuild/CompositeLib1/app/src/main/java/google/simpleapplication/MainActivity.kt
tools/adt/idea/out/test/aiplugin.android.gradle/projects/CompositeBuild/app/src/main/java/google/simpleapplication/MainActivity.kt
tools/adt/idea/out/test/aiplugin.android.gradle/projects/SimpleComposeApplication/app/src/main/java/google/simpleapplication/MainActivity.kt
tools/adt/idea/out/test/aiplugin.android/projects/HallucinationTestProject/app/src/main/java/google/simpleapplication/MainActivity.kt
tools/adt/idea/out/test/aiplugin.android/projects/RethinkVariableNamesApplication/ExpectedCase.kt
tools/adt/idea/out/test/aiplugin.android/projects/RethinkVariableNamesApplication/ExpectedJavaCase.java
tools/adt/idea/out/test/aiplugin.android/projects/RethinkVariableNamesApplication/JavaScopingCase.java
tools/adt/idea/out/test/aiplugin.android/projects/RethinkVariableNamesApplication/KotlinScopingCase.kt
tools/adt/idea/out/test/aiplugin.android/projects/RethinkVariableNamesApplication/KotlinSingleClass.kt
tools/adt/idea/out/test/aiplugin.android/projects/RethinkVariableNamesApplication/PropertyMissing.kt
tools/adt/idea/out/test/aiplugin.android/projects/SimpleComposeApplication/app/src/main/java/google/simpleapplication/MainActivity.kt
tools/adt/idea/out/test/android.sdktools.analyzer/Test.java
tools/adt/idea/out/test/android.sdktools.analyzer/Test2.java
tools/adt/idea/out/test/firebase.integration/projects/appinsights/src/main/java/com/example/minapp/MainActivity.kt
tools/adt/idea/out/test/intellij.android.app-quality-insights.play-vitals.integration-tests/projects/appinsights/src/main/java/com/example/minapp/MainActivity.kt
tools/adt/idea/out/test/intellij.android.compose-designer.tests/classloader/androidx/compose/ui/tooling/PreviewAnimationClock.java
tools/adt/idea/out/test/intellij.android.compose-designer.tests/classloader/multiPreviewTestLibrary/MultiPreviewAnnotations.kt
tools/adt/idea/out/test/intellij.android.compose-designer.tests/projects/SimpleComposeApplication/app/src/androidTest/java/google/simpleapplication/AndroidPreviews.kt
tools/adt/idea/out/test/intellij.android.compose-designer.tests/projects/SimpleComposeApplication/app/src/main/java/google/simpleapplication/InlineDeclaration.kt
tools/adt/idea/out/test/intellij.android.compose-designer.tests/projects/SimpleComposeApplication/app/src/main/java/google/simpleapplication/LeakCheck.kt
tools/adt/idea/out/test/intellij.android.compose-designer.tests/projects/SimpleComposeApplication/app/src/main/java/google/simpleapplication/MainActivity.kt
tools/adt/idea/out/test/intellij.android.compose-designer.tests/projects/SimpleComposeApplication/app/src/main/java/google/simpleapplication/OtherPreviews.kt
tools/adt/idea/out/test/intellij.android.compose-designer.tests/projects/SimpleComposeApplication/app/src/main/java/google/simpleapplication/ParametrizedPreviews.kt
tools/adt/idea/out/test/intellij.android.compose-designer.tests/projects/SimpleComposeApplication/app/src/main/java/google/simpleapplication/RenderError.kt
tools/adt/idea/out/test/intellij.android.compose-designer.tests/projects/SimpleComposeApplication/app/src/main/java/google/simpleapplication/Text.kt
tools/adt/idea/out/test/intellij.android.compose-designer.tests/projects/SimpleComposeApplication/app/src/main/java/google/simpleapplication/VisualLintPreview.kt
tools/adt/idea/out/test/intellij.android.compose-designer.tests/projects/SimpleComposeApplication/app/src/test/java/google/simpleapplication/UnitPreviews.kt
tools/adt/idea/out/test/intellij.android.compose-designer.tests/projects/SimpleComposeApplication/lib/src/androidTest/java/google/simpleapplicationlib/AndroidPreviews.kt
tools/adt/idea/out/test/intellij.android.compose-designer.tests/projects/SimpleComposeApplication/lib/src/main/java/google/simpleapplicationlib/Previews.kt
tools/adt/idea/out/test/intellij.android.compose-designer.tests/projects/SimpleComposeApplication/lib/src/test/java/google/simpleapplicationlib/UnitPreviews.kt
tools/adt/idea/out/test/intellij.android.compose-designer.tests/projects/composepreview/app/src/main/java/com/example/composepreviewtest/MainActivity.kt
tools/adt/idea/out/test/intellij.android.compose-designer.tests/projects/composepreview/app/src/main/java/com/example/composepreviewtest/OrderStateProvider.kt
tools/adt/idea/out/test/intellij.android.compose-designer.tests/projects/composepreview/app/src/main/java/com/example/composepreviewtest/SingleUiCheckPreview.kt
tools/adt/idea/out/test/intellij.android.compose-designer.tests/projects/composepreview/app/src/main/java/com/example/composepreviewtest/model/OrderState.kt
tools/adt/idea/out/test/intellij.android.compose-designer.tests/projects/composepreview/app/src/main/java/com/example/composepreviewtest/ui/theme/Color.kt
tools/adt/idea/out/test/intellij.android.compose-designer.tests/projects/composepreview/app/src/main/java/com/example/composepreviewtest/ui/theme/Shape.kt
tools/adt/idea/out/test/intellij.android.compose-designer.tests/projects/composepreview/app/src/main/java/com/example/composepreviewtest/ui/theme/Theme.kt
tools/adt/idea/out/test/intellij.android.compose-designer.tests/projects/composepreview/app/src/main/java/com/example/composepreviewtest/ui/theme/Type.kt
tools/adt/idea/out/test/intellij.android.core.tests/pseudoclasslocator/com/foo/bar/A.java
tools/adt/idea/out/test/intellij.android.core.tests/pseudoclasslocator/com/foo/bar/B.java
tools/adt/idea/out/test/intellij.android.core.tests/pseudoclasslocator/com/foo/bar/C.java
tools/adt/idea/out/test/intellij.android.databinding/databinding/src/p1/p2/ClassWithBindableProperty.java
tools/adt/idea/out/test/intellij.android.databinding/databinding/src/p1/p2/ClassWithBindableProperty_androidx.java
tools/adt/idea/out/test/intellij.android.databinding/databinding/src/p1/p2/ModelWithIds.java
tools/adt/idea/out/test/intellij.android.databinding/databinding/src/p1/p2/SampleClass.java
tools/adt/idea/out/test/intellij.android.databinding/dom/layout/DataBindingUser.java
tools/adt/idea/out/test/intellij.android.databinding/dom/layout/DataBindingWithEnumMap.java
tools/adt/idea/out/test/intellij.android.databinding/projects/projectForTracking/app/src/main/java/com/android/example/appwithdatabinding/InheritedObservable.java
tools/adt/idea/out/test/intellij.android.databinding/projects/projectForTracking/app/src/main/java/com/android/example/appwithdatabinding/KotlinAdapters.kt
tools/adt/idea/out/test/intellij.android.databinding/projects/projectForTracking/app/src/main/java/com/android/example/appwithdatabinding/KtObservable.kt
tools/adt/idea/out/test/intellij.android.databinding/projects/projectForTracking/app/src/main/java/com/android/example/appwithdatabinding/LiveDataKotlin.kt
tools/adt/idea/out/test/intellij.android.databinding/projects/projectForTracking/app/src/main/java/com/android/example/appwithdatabinding/MainActivity.java
tools/adt/idea/out/test/intellij.android.databinding/projects/projectForTracking/app/src/main/java/com/android/example/appwithdatabinding/MyAdapter.java
tools/adt/idea/out/test/intellij.android.databinding/projects/projectForTracking/app/src/main/java/com/android/example/appwithdatabinding/SampleVo.java
tools/adt/idea/out/test/intellij.android.databinding/projects/projectForTracking/app/src/main/java/com/android/example/appwithdatabinding/SimpleObservable.java
tools/adt/idea/out/test/intellij.android.databinding/projects/projectForViewBinding/app/src/main/java/com/android/example/viewbinding/MainActivity.kt
tools/adt/idea/out/test/intellij.android.databinding/projects/projectUsingJdk11/app/src/main/java/com/android/example/viewbinding/MainActivity.java
tools/adt/idea/out/test/intellij.android.databinding/projects/projectWithCircularDependencies/app/src/main/java/com/example/circulardependencies/MainActivity.java
tools/adt/idea/out/test/intellij.android.databinding/projects/projectWithCircularDependencies/module1/src/main/java/com/example/module1/MainActivity.java
tools/adt/idea/out/test/intellij.android.databinding/projects/projectWithCircularDependencies/module2/src/main/java/com/example/module2/MainActivity.java
tools/adt/idea/out/test/intellij.android.databinding/projects/projectWithCompileErrors/app/src/main/java/test/db/witherrors/MainActivity.java
tools/adt/idea/out/test/intellij.android.databinding/projects/projectWithCompileErrors/app/src/main/java/test/db/witherrors/User.java
tools/adt/idea/out/test/intellij.android.databinding/projects/projectWithDataBindingAndSimpleLib/app/src/main/java/com/android/example/appwithdatabinding/MainActivity.java
tools/adt/idea/out/test/intellij.android.databinding/projects/projectWithDataBindingAndSimpleLib/app/src/main/java/com/android/example/appwithdatabinding/SampleVo.java
tools/adt/idea/out/test/intellij.android.databinding/projects/projectWithDataBindingAndSimpleLib/lib/src/main/java/lib/ContextPlaceholder.java
tools/adt/idea/out/test/intellij.android.databinding/projects/projectWithDataBindingAndSimpleLib/lib2/src/main/java/lib2/ContextPlaceholder.java
tools/adt/idea/out/test/intellij.android.databinding/projects/projectWithDataBindingAndroidX/app/src/main/java/com/android/example/appwithdatabinding/MainActivity.java
tools/adt/idea/out/test/intellij.android.databinding/projects/projectWithDataBindingAndroidX/app/src/main/java/com/android/example/appwithdatabinding/MyAdapter.java
tools/adt/idea/out/test/intellij.android.databinding/projects/projectWithDataBindingAndroidX/app/src/main/java/com/android/example/appwithdatabinding/ResAltActivity.java
tools/adt/idea/out/test/intellij.android.databinding/projects/projectWithDataBindingAndroidX/app/src/main/java/com/android/example/appwithdatabinding/SampleVo.java
tools/adt/idea/out/test/intellij.android.databinding/projects/projectWithDataBindingAndroidX/app/src/main/java/com/android/example/appwithdatabinding/User.java
tools/adt/idea/out/test/intellij.android.databinding/projects/projectWithDataBindingSupport/app/src/main/java/com/android/example/appwithdatabinding/MainActivity.java
tools/adt/idea/out/test/intellij.android.databinding/projects/projectWithDataBindingSupport/app/src/main/java/com/android/example/appwithdatabinding/MyAdapter.java
tools/adt/idea/out/test/intellij.android.databinding/projects/projectWithDataBindingSupport/app/src/main/java/com/android/example/appwithdatabinding/ResAltActivity.java
tools/adt/idea/out/test/intellij.android.databinding/projects/projectWithDataBindingSupport/app/src/main/java/com/android/example/appwithdatabinding/SampleVo.java
tools/adt/idea/out/test/intellij.android.databinding/projects/projectWithDataBindingSupport/app/src/main/java/com/android/example/appwithdatabinding/User.java
tools/adt/idea/out/test/intellij.android.databinding/projects/projectWithSamePackageModules/app/src/main/java/com/example/samepackage/MainActivity.java
tools/adt/idea/out/test/intellij.android.databinding/projects/projectWithSamePackageModules/lib1/src/main/java/com/example/samepackage/lib/LibActivity.java
tools/adt/idea/out/test/intellij.android.databinding/projects/projectWithSamePackageModules/lib2/src/main/java/com/example/samepackage/lib/LibActivity.java
tools/adt/idea/out/test/intellij.android.designer-perf-tests/projects/SimpleComposeApplication/app/src/main/java/google/simpleapplication/ComplexPreview.kt
tools/adt/idea/out/test/intellij.android.designer-perf-tests/projects/SimpleComposeApplication/app/src/main/java/google/simpleapplication/MainActivity.kt
tools/adt/idea/out/test/intellij.android.designer-perf-tests/projects/SimpleComposeApplication/app/src/main/java/google/simpleapplication/UiCheckPreview.kt
tools/adt/idea/out/test/intellij.android.designer-perf-tests/projects/perfgateComplexLayout/app/src/main/java/com/example/perfgatecomplexlayout/MainActivity.java
tools/adt/idea/out/test/intellij.android.designer-perf-tests/projects/visualLintApplication/app/src/main/java/google/visuallintapplication/MainActivity.java
tools/adt/idea/out/test/intellij.android.designer.customview.tests/projects/SimpleCustomView/app/src/main/java/com/example/myapplication/BroadcastManagerCustomView.java
tools/adt/idea/out/test/intellij.android.layout-inspector.integration/projects/emptyApplication/app/src/main/java/com/example/emptyapplication/MainActivity.java
tools/adt/idea/out/test/intellij.android.mlkit.tests/projects/projectWithTwoLibModulesButOnlyOneEnabled/app/src/main/java/com/mlmodelbinding/MyActivity.java
tools/adt/idea/out/test/intellij.android.mlkit.tests/projects/projectWithTwoLibModulesButOnlyOneEnabled/lib_off/src/main/java/lib/nobinding/Sample.java
tools/adt/idea/out/test/intellij.android.mlkit.tests/projects/projectWithTwoLibModulesButOnlyOneEnabled/lib_on/src/main/java/lib/withbinding/Sample.java
tools/adt/idea/out/test/intellij.lint.tests/lint/addSuperCall.kt
tools/adt/idea/out/test/intellij.lint.tests/lint/addSuperCallExpression.kt
tools/adt/idea/out/test/intellij.lint.tests/lint/addSuperCallExpression_after.kt
tools/adt/idea/out/test/intellij.lint.tests/lint/addSuperCallInterface.kt
tools/adt/idea/out/test/intellij.lint.tests/lint/addSuperCallInterface_after.kt
tools/adt/idea/out/test/intellij.lint.tests/lint/addSuperCallJava.java
tools/adt/idea/out/test/intellij.lint.tests/lint/addSuperCallJava_after.java
tools/adt/idea/out/test/intellij.lint.tests/lint/addSuperCallSuppress.kt
tools/adt/idea/out/test/intellij.lint.tests/lint/addSuperCallSuppress_after.kt
tools/adt/idea/out/test/intellij.lint.tests/lint/addSuperCall_after.kt
tools/adt/idea/out/test/intellij.lint.tests/lint/callSuper.java
tools/adt/idea/out/test/intellij.lint.tests/lint/callSuper2.java
tools/adt/idea/out/test/intellij.lint.tests/lint/callSuper2_after.java
tools/adt/idea/out/test/intellij.lint.tests/lint/callSuperKotlin.kt
tools/adt/idea/out/test/intellij.lint.tests/lint/callSuperKotlin_after.kt
tools/adt/idea/out/test/intellij.lint.tests/lint/callSuper_after.java
tools/adt/idea/out/test/intellij.lint.tests/lint/callgraph/AndroidxAnnotations.java
tools/adt/idea/out/test/intellij.lint.tests/lint/callgraph/AndroidxAnnotations.kt
tools/adt/idea/out/test/intellij.lint.tests/lint/callgraph/CallGraph.java
tools/adt/idea/out/test/intellij.lint.tests/lint/callgraph/CallGraph.kt
tools/adt/idea/out/test/intellij.lint.tests/lint/callgraph/SupportAnnotations.java
tools/adt/idea/out/test/intellij.lint.tests/lint/callgraph/SupportAnnotations.kt
tools/adt/idea/out/test/intellij.lint.tests/lint/callgraph/ThreadAnnotations.java
tools/adt/idea/out/test/intellij.lint.tests/lint/callgraph/ThreadAnnotations.kt
tools/adt/idea/out/test/intellij.lint.tests/lint/global/disabledTestsEnabledOnTheFly/Stopship.java
tools/adt/idea/out/test/intellij.lint.tests/lint/global/lintInJavaFile/MyActivity.java
tools/adt/idea/out/test/intellij.lint.tests/lint/global/lintJar/Test.java
tools/adt/idea/out/test/intellij.lint.tests/lint/global/noMemoryLeakFromGlobalContext/MyActivity.java
tools/adt/idea/out/test/intellij.lint.tests/lint/global/suppressingInJava/MyActivity.java
tools/adt/idea/out/test/intellij.lint.tests/lint/javaCheckResultTest1.java
tools/adt/idea/out/test/intellij.lint.tests/lint/javaCheckResultTest1_after.java
tools/adt/idea/out/test/intellij.lint.tests/lint/kotlinCheckResultTest1.kt
tools/adt/idea/out/test/intellij.lint.tests/lint/kotlinCheckResultTest1_after.kt
tools/adt/idea/out/test/intellij.lint.tests/lint/stopShip.java
tools/adt/idea/out/test/intellij.lint.tests/lint/stopShip_after.java
tools/adt/idea/out/test/intellij.lint.tests/lint/useValueOf.java
tools/adt/idea/out/test/intellij.lint.tests/lint/useValueOfSuppress.java
tools/adt/idea/out/test/intellij.lint.tests/lint/useValueOfSuppress_after.java
tools/adt/idea/out/test/intellij.lint.tests/lint/useValueOf_after.java
tools/adt/idea/platform-performance-testing/src/main/java/com/android/tools/platform/performance/testing/PlatformPerformanceBenchmark.java
tools/adt/idea/preview-fast-compile/src/com/android/tools/compile/fast/CompilationResult.kt
tools/adt/idea/project-system-apk/src/com/android/tools/idea/projectsystem/apk/ApkModuleSystem.kt
tools/adt/idea/project-system-apk/src/com/android/tools/idea/projectsystem/apk/ApkProjectSystem.kt
tools/adt/idea/project-system-apk/src/com/android/tools/idea/projectsystem/apk/ApkProjectSystemProvider.kt
tools/adt/idea/room/src/com/android/tools/idea/room/migrations/GenerateMigrationAction.kt
tools/adt/idea/room/src/com/android/tools/idea/room/migrations/generators/GeneratorsUtil.java
tools/adt/idea/room/src/com/android/tools/idea/room/migrations/generators/JavaMigrationClassGenerator.java
tools/adt/idea/room/src/com/android/tools/idea/room/migrations/generators/JavaMigrationTestGenerator.java
tools/adt/idea/room/src/com/android/tools/idea/room/migrations/generators/KotlinMigrationClassGenerator.java
tools/adt/idea/room/src/com/android/tools/idea/room/migrations/generators/KotlinMigrationTestGenerator.java
tools/adt/idea/room/src/com/android/tools/idea/room/migrations/generators/MigrationClassGenerator.java
tools/adt/idea/room/src/com/android/tools/idea/room/migrations/generators/MigrationTestGenerator.java
tools/adt/idea/room/src/com/android/tools/idea/room/migrations/generators/SqlStatementsGenerator.java
tools/adt/idea/room/src/com/android/tools/idea/room/migrations/json/BundleUtil.java
tools/adt/idea/room/src/com/android/tools/idea/room/migrations/json/DatabaseBundle.java
tools/adt/idea/room/src/com/android/tools/idea/room/migrations/json/DatabaseViewBundle.java
tools/adt/idea/room/src/com/android/tools/idea/room/migrations/json/EntityBundle.java
tools/adt/idea/room/src/com/android/tools/idea/room/migrations/json/FieldBundle.java
tools/adt/idea/room/src/com/android/tools/idea/room/migrations/json/ForeignKeyBundle.java
tools/adt/idea/room/src/com/android/tools/idea/room/migrations/json/FtsEntityBundle.java
tools/adt/idea/room/src/com/android/tools/idea/room/migrations/json/FtsOptionsBundle.java
tools/adt/idea/room/src/com/android/tools/idea/room/migrations/json/IndexBundle.java
tools/adt/idea/room/src/com/android/tools/idea/room/migrations/json/PrimaryKeyBundle.java
tools/adt/idea/room/src/com/android/tools/idea/room/migrations/json/SchemaBundle.java
tools/adt/idea/room/src/com/android/tools/idea/room/migrations/json/SchemaEquality.java
tools/adt/idea/room/src/com/android/tools/idea/room/migrations/json/SchemaEqualityUtil.java
tools/adt/idea/room/src/com/android/tools/idea/room/migrations/ui/GenerateMigrationWizard.java
tools/adt/idea/room/src/com/android/tools/idea/room/migrations/ui/GenerateMigrationWizardData.java
tools/adt/idea/room/src/com/android/tools/idea/room/migrations/ui/GenerateMigrationWizardRenameColumnsStep.java
tools/adt/idea/room/src/com/android/tools/idea/room/migrations/ui/GenerateMigrationWizardRenameTablesStep.java
tools/adt/idea/room/src/com/android/tools/idea/room/migrations/ui/GenerateMigrationWizardSelectDestinationStep.java
tools/adt/idea/room/src/com/android/tools/idea/room/migrations/ui/GenerateMigrationWizardStep.java
tools/adt/idea/room/src/com/android/tools/idea/room/migrations/update/DatabaseUpdate.java
tools/adt/idea/room/src/com/android/tools/idea/room/migrations/update/EntityUpdate.java
tools/adt/idea/room/src/com/android/tools/idea/room/migrations/update/SchemaDiffUtil.java
tools/adt/idea/room/testSrc/com/android/tools/idea/room/AndroidRoomTestSuite.java
tools/adt/idea/room/testSrc/com/android/tools/idea/room/generators/JavaMigrationClassGeneratorTest.java
tools/adt/idea/room/testSrc/com/android/tools/idea/room/generators/JavaMigrationTestGeneratorTest.java
tools/adt/idea/room/testSrc/com/android/tools/idea/room/generators/KotlinMigrationClassGeneratorTest.java
tools/adt/idea/room/testSrc/com/android/tools/idea/room/generators/KotlinMigrationTestGeneratorTest.java
tools/adt/idea/room/testSrc/com/android/tools/idea/room/generators/SqlStatementsGeneratorTest.java
tools/adt/idea/room/testSrc/com/android/tools/idea/room/generators/TestUtils.java
tools/adt/idea/room/testSrc/com/android/tools/idea/room/migrations/GenerateRoomMigrationActionTest.kt
tools/adt/idea/rt/src/org/jetbrains/android/compiler/tools/AndroidDxRunner.java
tools/adt/idea/samples-browser/src/com/appspot/gsamplesindex/samplesindex/SamplesIndex.java
tools/adt/idea/samples-browser/src/com/appspot/gsamplesindex/samplesindex/SamplesIndexRequest.java
tools/adt/idea/samples-browser/src/com/appspot/gsamplesindex/samplesindex/SamplesIndexRequestInitializer.java
tools/adt/idea/samples-browser/src/com/appspot/gsamplesindex/samplesindex/model/ApiRef.java
tools/adt/idea/samples-browser/src/com/appspot/gsamplesindex/samplesindex/model/DocRef.java
tools/adt/idea/samples-browser/src/com/appspot/gsamplesindex/samplesindex/model/License.java
tools/adt/idea/samples-browser/src/com/appspot/gsamplesindex/samplesindex/model/Sample.java
tools/adt/idea/samples-browser/src/com/appspot/gsamplesindex/samplesindex/model/SampleCollection.java
tools/adt/idea/samples-browser/src/com/appspot/gsamplesindex/samplesindex/model/Screenshot.java
tools/adt/idea/samples-browser/src/com/google/gct/studio/samples/GithubRepoContents.java
tools/adt/idea/samples-browser/src/com/google/gct/studio/samples/SampleBrowserStep.java
tools/adt/idea/samples-browser/src/com/google/gct/studio/samples/SampleImportAction.java
tools/adt/idea/samples-browser/src/com/google/gct/studio/samples/SampleImportTreeManager.java
tools/adt/idea/samples-browser/src/com/google/gct/studio/samples/SampleModel.java
tools/adt/idea/samples-browser/src/com/google/gct/studio/samples/SamplePreviewPanel.java
tools/adt/idea/samples-browser/src/com/google/gct/studio/samples/SampleSetupStep.java
tools/adt/idea/samples-browser/src/com/google/gct/studio/samples/SamplesBrowserBundle.java
tools/adt/idea/samples-browser/src/com/google/gct/studio/samples/SamplesService.java
tools/adt/idea/samples-browser/src/icons/SampleImportIcons.java
tools/adt/idea/samples-browser/testSrc/com/google/gct/studio/samples/SampleImportActionTest.kt
tools/adt/idea/samples-browser/testSrc/com/google/gct/studio/samples/SampleImportTreeManagerTest.java
tools/adt/idea/samples-browser/testSrc/com/google/gct/studio/samples/SampleModelTest.kt
tools/adt/idea/samples-browser/testSrc/com/google/gct/studio/samples/SamplesTestSuite.kt
tools/adt/idea/screenshot-testing/gradle/src/com/android/screenshottest/gradle/ScreenshotTestResultListenerGradleToken.kt
tools/adt/idea/screenshot-testing/src/com/android/screenshottest/ScreenshotTestResultListenerToken.kt
tools/adt/idea/screenshot-testing/src/com/android/screenshottest/run/ScreenshotTestRunLineMarkerContributor.kt
tools/adt/idea/screenshot-testing/src/com/android/screenshottest/ui/ScreenshotTestDetailsViewManager.kt
tools/adt/idea/screenshot-testing/src/com/android/screenshottest/ui/ScreenshotTestResultEditorProvider.kt
tools/adt/idea/screenshot-testing/src/com/android/screenshottest/ui/ScreenshotTestResultEditorSingleton.kt
tools/adt/idea/screenshot-testing/src/com/android/screenshottest/ui/ScreenshotTestResultFileType.kt
tools/adt/idea/screenshot-testing/src/com/android/screenshottest/ui/ScreenshotTestResultVirtualFile.kt
tools/adt/idea/screenshot-testing/src/com/android/screenshottest/ui/composables/DiffViewUi.kt
tools/adt/idea/screenshot-testing/src/com/android/screenshottest/ui/diffviewer/ImageDiffContent.kt
tools/adt/idea/screenshot-testing/src/com/android/screenshottest/ui/diffviewer/ImageDiffRequest.kt
tools/adt/idea/screenshot-testing/src/com/android/screenshottest/ui/diffviewer/ImageEditorHolder.kt
tools/adt/idea/screenshot-testing/src/com/android/screenshottest/ui/diffviewer/ImageEditorHolderFactory.kt
tools/adt/idea/screenshot-testing/src/com/android/screenshottest/ui/diffviewer/ThreesideImageDiffViewer.kt
tools/adt/idea/screenshot-testing/testSrc/com/android/screenshottest/run/ScreenshotTestRunLineMarkerContributorTest.kt
tools/adt/idea/screenshot-testing/testSrc/com/android/screenshottest/run/ScreenshotTestingTestSuite.kt
tools/adt/idea/sdk-updates/src/com/android/tools/idea/updater/SdkComponentSource.java
tools/adt/idea/sdk-updates/src/com/android/tools/idea/updater/UpdatablePackage.java
tools/adt/idea/sdk-updates/src/com/android/tools/idea/updater/UpdateInfoDialog.java
tools/adt/idea/sdk-updates/src/com/android/tools/idea/updater/configure/ApiLevelColumnInfo.java
tools/adt/idea/sdk-updates/src/com/android/tools/idea/updater/configure/CheckboxClickListener.java
tools/adt/idea/sdk-updates/src/com/android/tools/idea/updater/configure/DetailsTreeNode.java
tools/adt/idea/sdk-updates/src/com/android/tools/idea/updater/configure/DownloadStatusColumnInfo.java
tools/adt/idea/sdk-updates/src/com/android/tools/idea/updater/configure/EditSourceDialog.kt
tools/adt/idea/sdk-updates/src/com/android/tools/idea/updater/configure/MultiVersionTreeNode.java
tools/adt/idea/sdk-updates/src/com/android/tools/idea/updater/configure/PackageNodeModel.java
tools/adt/idea/sdk-updates/src/com/android/tools/idea/updater/configure/ParentTreeNode.java
tools/adt/idea/sdk-updates/src/com/android/tools/idea/updater/configure/PlatformComponentsPanel.java
tools/adt/idea/sdk-updates/src/com/android/tools/idea/updater/configure/RevisionColumnInfo.java
tools/adt/idea/sdk-updates/src/com/android/tools/idea/updater/configure/RootNode.java
tools/adt/idea/sdk-updates/src/com/android/tools/idea/updater/configure/RunSdkConfigAction.java
tools/adt/idea/sdk-updates/src/com/android/tools/idea/updater/configure/SdkUpdaterConfigPanel.java
tools/adt/idea/sdk-updates/src/com/android/tools/idea/updater/configure/SdkUpdaterConfigurable.java
tools/adt/idea/sdk-updates/src/com/android/tools/idea/updater/configure/SdkUpdaterConfigurableProvider.java
tools/adt/idea/sdk-updates/src/com/android/tools/idea/updater/configure/SourcesTableModel.java
tools/adt/idea/sdk-updates/src/com/android/tools/idea/updater/configure/StatusColumnInfo.java
tools/adt/idea/sdk-updates/src/com/android/tools/idea/updater/configure/SummaryTreeNode.java
tools/adt/idea/sdk-updates/src/com/android/tools/idea/updater/configure/ToolComponentsPanel.java
tools/adt/idea/sdk-updates/src/com/android/tools/idea/updater/configure/UpdateSitesPanel.java
tools/adt/idea/sdk-updates/src/com/android/tools/idea/updater/configure/UpdaterTreeNode.java
tools/adt/idea/sdk-updates/src/com/android/tools/idea/updater/configure/VersionColumnInfo.java
tools/adt/idea/sdk-updates/testSrc/com/android/tools/idea/updater/SdkComponentSourceTest.java
tools/adt/idea/sdk-updates/testSrc/com/android/tools/idea/updater/SdkUpdaterTestSuite.java
tools/adt/idea/sdk-updates/testSrc/com/android/tools/idea/updater/configure/ComponentPanelUtils.kt
tools/adt/idea/sdk-updates/testSrc/com/android/tools/idea/updater/configure/MultiVersionTreeNodeTest.java
tools/adt/idea/sdk-updates/testSrc/com/android/tools/idea/updater/configure/PlatformComponentsPanelTest.kt
tools/adt/idea/sdk-updates/testSrc/com/android/tools/idea/updater/configure/SdkUpdaterConfigurableTest.java
tools/adt/idea/sdk-updates/testSrc/com/android/tools/idea/updater/configure/SourcesTableModelTest.java
tools/adt/idea/sdk-updates/testSrc/com/android/tools/idea/updater/configure/ToolComponentsPanelTest.kt
tools/adt/idea/sdk-updates/testSrc/com/android/tools/idea/updater/configure/UpdaterTreeNodeTest.java
tools/adt/idea/smali/gen/com/android/tools/idea/smali/bnf/_SmaliLexer.java
tools/adt/idea/smali/gen/com/android/tools/idea/smali/parser/SmaliParser.java
tools/adt/idea/smali/gen/com/android/tools/idea/smali/psi/SmaliAccessModifier.java
tools/adt/idea/smali/gen/com/android/tools/idea/smali/psi/SmaliAnnotationProperty.java
tools/adt/idea/smali/gen/com/android/tools/idea/smali/psi/SmaliAnnotationsSpec.java
tools/adt/idea/smali/gen/com/android/tools/idea/smali/psi/SmaliBool.java
tools/adt/idea/smali/gen/com/android/tools/idea/smali/psi/SmaliClassName.java
tools/adt/idea/smali/gen/com/android/tools/idea/smali/psi/SmaliClassSpec.java
tools/adt/idea/smali/gen/com/android/tools/idea/smali/psi/SmaliFieldName.java
tools/adt/idea/smali/gen/com/android/tools/idea/smali/psi/SmaliFieldSpec.java
tools/adt/idea/smali/gen/com/android/tools/idea/smali/psi/SmaliFieldValue.java
tools/adt/idea/smali/gen/com/android/tools/idea/smali/psi/SmaliImplementsSpec.java
tools/adt/idea/smali/gen/com/android/tools/idea/smali/psi/SmaliMethodBody.java
tools/adt/idea/smali/gen/com/android/tools/idea/smali/psi/SmaliMethodSpec.java
tools/adt/idea/smali/gen/com/android/tools/idea/smali/psi/SmaliMethodStart.java
tools/adt/idea/smali/gen/com/android/tools/idea/smali/psi/SmaliParameterDeclaration.java
tools/adt/idea/smali/gen/com/android/tools/idea/smali/psi/SmaliPrimitiveType.java
tools/adt/idea/smali/gen/com/android/tools/idea/smali/psi/SmaliPropertyValue.java
tools/adt/idea/smali/gen/com/android/tools/idea/smali/psi/SmaliRegularMethodStart.java
tools/adt/idea/smali/gen/com/android/tools/idea/smali/psi/SmaliReturnType.java
tools/adt/idea/smali/gen/com/android/tools/idea/smali/psi/SmaliSingleValue.java
tools/adt/idea/smali/gen/com/android/tools/idea/smali/psi/SmaliSingleValues.java
tools/adt/idea/smali/gen/com/android/tools/idea/smali/psi/SmaliSourceSpec.java
tools/adt/idea/smali/gen/com/android/tools/idea/smali/psi/SmaliSuperSpec.java
tools/adt/idea/smali/gen/com/android/tools/idea/smali/psi/SmaliTypes.java
tools/adt/idea/smali/gen/com/android/tools/idea/smali/psi/SmaliValueArray.java
tools/adt/idea/smali/gen/com/android/tools/idea/smali/psi/SmaliVisitor.java
tools/adt/idea/smali/gen/com/android/tools/idea/smali/psi/SmaliVoidType.java
tools/adt/idea/smali/gen/com/android/tools/idea/smali/psi/impl/SmaliAccessModifierImpl.java
tools/adt/idea/smali/gen/com/android/tools/idea/smali/psi/impl/SmaliAnnotationPropertyImpl.java
tools/adt/idea/smali/gen/com/android/tools/idea/smali/psi/impl/SmaliAnnotationsSpecImpl.java
tools/adt/idea/smali/gen/com/android/tools/idea/smali/psi/impl/SmaliBoolImpl.java
tools/adt/idea/smali/gen/com/android/tools/idea/smali/psi/impl/SmaliClassNameImpl.java
tools/adt/idea/smali/gen/com/android/tools/idea/smali/psi/impl/SmaliClassSpecImpl.java
tools/adt/idea/smali/gen/com/android/tools/idea/smali/psi/impl/SmaliFieldNameImpl.java
tools/adt/idea/smali/gen/com/android/tools/idea/smali/psi/impl/SmaliFieldSpecImpl.java
tools/adt/idea/smali/gen/com/android/tools/idea/smali/psi/impl/SmaliFieldValueImpl.java
tools/adt/idea/smali/gen/com/android/tools/idea/smali/psi/impl/SmaliImplementsSpecImpl.java
tools/adt/idea/smali/gen/com/android/tools/idea/smali/psi/impl/SmaliMethodBodyImpl.java
tools/adt/idea/smali/gen/com/android/tools/idea/smali/psi/impl/SmaliMethodSpecImpl.java
tools/adt/idea/smali/gen/com/android/tools/idea/smali/psi/impl/SmaliMethodStartImpl.java
tools/adt/idea/smali/gen/com/android/tools/idea/smali/psi/impl/SmaliParameterDeclarationImpl.java
tools/adt/idea/smali/gen/com/android/tools/idea/smali/psi/impl/SmaliPrimitiveTypeImpl.java
tools/adt/idea/smali/gen/com/android/tools/idea/smali/psi/impl/SmaliPropertyValueImpl.java
tools/adt/idea/smali/gen/com/android/tools/idea/smali/psi/impl/SmaliRegularMethodStartImpl.java
tools/adt/idea/smali/gen/com/android/tools/idea/smali/psi/impl/SmaliReturnTypeImpl.java
tools/adt/idea/smali/gen/com/android/tools/idea/smali/psi/impl/SmaliSingleValueImpl.java
tools/adt/idea/smali/gen/com/android/tools/idea/smali/psi/impl/SmaliSingleValuesImpl.java
tools/adt/idea/smali/gen/com/android/tools/idea/smali/psi/impl/SmaliSourceSpecImpl.java
tools/adt/idea/smali/gen/com/android/tools/idea/smali/psi/impl/SmaliSuperSpecImpl.java
tools/adt/idea/smali/gen/com/android/tools/idea/smali/psi/impl/SmaliValueArrayImpl.java
tools/adt/idea/smali/gen/com/android/tools/idea/smali/psi/impl/SmaliVoidTypeImpl.java
tools/adt/idea/smali/src/com/android/tools/idea/smali/SmaliAnnotator.java
tools/adt/idea/smali/src/com/android/tools/idea/smali/SmaliFileType.java
tools/adt/idea/smali/src/com/android/tools/idea/smali/SmaliHighlighterColors.java
tools/adt/idea/smali/src/com/android/tools/idea/smali/SmaliIcons.java
tools/adt/idea/smali/src/com/android/tools/idea/smali/SmaliLanguage.java
tools/adt/idea/smali/src/com/android/tools/idea/smali/SmaliLexerAdapter.java
tools/adt/idea/smali/src/com/android/tools/idea/smali/SmaliParserDefinition.java
tools/adt/idea/smali/src/com/android/tools/idea/smali/SmaliSyntaxHighlighter.java
tools/adt/idea/smali/src/com/android/tools/idea/smali/SmaliSyntaxHighlighterFactory.java
tools/adt/idea/smali/src/com/android/tools/idea/smali/SmaliTokenSets.java
tools/adt/idea/smali/src/com/android/tools/idea/smali/parser/SmaliParserUtil.java
tools/adt/idea/smali/src/com/android/tools/idea/smali/psi/JavaClassRef.java
tools/adt/idea/smali/src/com/android/tools/idea/smali/psi/SmaliElementType.java
tools/adt/idea/smali/src/com/android/tools/idea/smali/psi/SmaliFile.java
tools/adt/idea/smali/src/com/android/tools/idea/smali/psi/SmaliTokenType.java
tools/adt/idea/smali/src/com/android/tools/idea/smali/psi/impl/JavaClassRefImpl.java
tools/adt/idea/smali/testSrc/com/android/tools/idea/smali/SmaliParsingTest.java
tools/adt/idea/smali/testSrc/com/android/tools/idea/smali/SmaliSyntaxHighlighterTest.java
tools/adt/idea/smali/testSrc/com/android/tools/idea/smali/SmaliTestSuite.java
tools/adt/idea/smali/testSrc/com/android/tools/idea/smali/SmaliTokenSetsTest.java
tools/adt/idea/studio-updater/src/com/studio/updater/StudioUpdaterAnalyticsReportingUI.kt
tools/adt/idea/studio-updater/src/com/studio/updater/StudioUpdaterAnalyticsUtil.kt
tools/adt/idea/studio-updater/src/com/studio/updater/StudioUpdaterService.java
tools/adt/idea/studio-updater/testSrc/com/android/studio/updater/StudioPatchUpdaterIntegrationTest.kt
tools/adt/idea/studio/integration/intellij.android.studio.integration/testSrc/com/android/tools/idea/EssentialPluginsTest.java
tools/adt/idea/studio/integration/intellij.android.studio.integration/testSrc/com/android/tools/idea/Patcher.java
tools/adt/idea/studio/integration/intellij.android.studio.integration/testSrc/com/android/tools/idea/StartUpCustomJvmTest.kt
tools/adt/idea/studio/integration/intellij.android.studio.integration/testSrc/com/android/tools/idea/StartUpTest.java
tools/adt/idea/studio/integration/intellij.android.studio.integration/testSrc/com/android/tools/idea/UpdateTest.java
tools/adt/idea/studio/integration/intellij.android.studio.integration/testSrc/com/android/tools/idea/WebpSupportTest.java
tools/adt/idea/studio/src/com/android/tools/idea/Main.java
tools/adt/idea/studio/tests/testSrc/com/android/tools/idea/AndroidStudioBundleSizeTest.kt
tools/adt/idea/studio/tests/testSrc/com/android/tools/idea/StudioLibrariesTest.kt
tools/adt/idea/swingp/src/main/java/com/android/tools/swingp/BufferStrategyPaintMethodStat.java
tools/adt/idea/swingp/src/main/java/com/android/tools/swingp/JComponentTreeManager.java
tools/adt/idea/swingp/src/main/java/com/android/tools/swingp/MethodStat.java
tools/adt/idea/swingp/src/main/java/com/android/tools/swingp/PaintChildrenMethodStat.java
tools/adt/idea/swingp/src/main/java/com/android/tools/swingp/PaintComponentMethodStat.java
tools/adt/idea/swingp/src/main/java/com/android/tools/swingp/PaintImmediatelyMethodStat.java
tools/adt/idea/swingp/src/main/java/com/android/tools/swingp/RenderStatsManager.java
tools/adt/idea/swingp/src/main/java/com/android/tools/swingp/ThreadStat.java
tools/adt/idea/swingp/src/main/java/com/android/tools/swingp/WindowPaintMethodStat.java
tools/adt/idea/swingp/src/main/java/com/android/tools/swingp/instrumenter/Agent.java
tools/adt/idea/swingp/src/main/java/com/android/tools/swingp/instrumenter/BufferStrategyPaintManagerClassTransform.java
tools/adt/idea/swingp/src/main/java/com/android/tools/swingp/instrumenter/JComponentClassTransformer.java
tools/adt/idea/swingp/src/main/java/com/android/tools/swingp/instrumenter/RepaintManagerClassTransformer.java
tools/adt/idea/swingp/src/main/java/com/android/tools/swingp/instrumenter/WindowClassTransformer.java
tools/adt/idea/swingp/src/main/java/com/android/tools/swingp/json/AffineTransformSerializer.java
tools/adt/idea/swingp/src/main/java/com/android/tools/swingp/json/IncludeMethodsSerializer.java
tools/adt/idea/swingp/src/main/java/com/android/tools/swingp/json/PointSerializer.java
tools/adt/idea/swingp/src/main/java/com/android/tools/swingp/json/SoftReferenceSerializer.java
tools/adt/idea/swingp/src/main/java/com/android/tools/swingp/server/StatsSerializer.java
tools/adt/idea/swingp/testSrc/com/android/tools/swingp/JComponentTreeManagerTest.java
tools/adt/idea/swingp/testSrc/com/android/tools/swingp/MethodStatTest.java
tools/adt/idea/swingp/testSrc/com/android/tools/swingp/RenderStatsManagerTest.java
tools/adt/idea/swingp/testSrc/com/android/tools/swingp/json/SwingpSerializationTest.java
tools/adt/idea/sync-perf-tests/testData/projects/simpleApplication/app/src/androidTest/java/google/simpleapplication/ApplicationTest.java
tools/adt/idea/sync-perf-tests/testData/projects/simpleApplication/app/src/main/java/google/simpleapplication/MyActivity.java
tools/adt/idea/sync-perf-tests/testData/projects/simpleApplication/app/src/test/java/google/simpleapplication/UnitTest.java
tools/adt/idea/sync-perf-tests/testData/projects/sync/averagePerfProject/androidAppModule0/src/main/java/androidAppModule0packageJava0/Foo0.java
tools/adt/idea/sync-perf-tests/testData/projects/sync/averagePerfProject/androidAppModule0/src/main/java/androidAppModule0packageJava0/Foo1.java
tools/adt/idea/sync-perf-tests/testData/projects/sync/averagePerfProject/androidAppModule0/src/main/java/androidAppModule0packageJava0/Foo2.java
tools/adt/idea/sync-perf-tests/testData/projects/sync/averagePerfProject/androidAppModule0/src/main/java/androidAppModule0packageJava0/Foo3.java
tools/adt/idea/sync-perf-tests/testData/projects/sync/averagePerfProject/androidAppModule0/src/main/java/com/androidAppModule0/Activity0.java
tools/adt/idea/sync-perf-tests/testData/projects/sync/averagePerfProject/androidAppModule0/src/main/java/com/androidAppModule0/Activity1.java
tools/adt/idea/sync-perf-tests/testData/projects/sync/averagePerfProject/androidAppModule0/src/main/java/com/androidAppModule0/Activity2.java
tools/adt/idea/sync-perf-tests/testData/projects/sync/averagePerfProject/androidAppModule0/src/main/java/com/androidAppModule0/Activity3.java
tools/adt/idea/sync-perf-tests/testData/projects/sync/averagePerfProject/androidAppModule0/src/main/java/com/androidAppModule0/Activity4.java
tools/adt/idea/sync-perf-tests/testData/projects/sync/averagePerfProject/androidAppModule0/src/test/java/androidAppModule0packageJava0/Foo0Test.java
tools/adt/idea/sync-perf-tests/testData/projects/sync/averagePerfProject/androidAppModule0/src/test/java/androidAppModule0packageJava0/Foo1Test.java
tools/adt/idea/sync-perf-tests/testData/projects/sync/averagePerfProject/androidAppModule0/src/test/java/androidAppModule0packageJava0/Foo2Test.java
tools/adt/idea/sync-perf-tests/testData/projects/sync/averagePerfProject/androidAppModule0/src/test/java/androidAppModule0packageJava0/Foo3Test.java
tools/adt/idea/sync-perf-tests/testData/projects/sync/averagePerfProject/androidAppModule1/src/main/java/androidAppModule1packageJava0/Foo0.java
tools/adt/idea/sync-perf-tests/testData/projects/sync/averagePerfProject/androidAppModule1/src/main/java/androidAppModule1packageJava0/Foo1.java
tools/adt/idea/sync-perf-tests/testData/projects/sync/averagePerfProject/androidAppModule1/src/main/java/androidAppModule1packageJava0/Foo2.java
tools/adt/idea/sync-perf-tests/testData/projects/sync/averagePerfProject/androidAppModule1/src/main/java/androidAppModule1packageJava0/Foo3.java
tools/adt/idea/sync-perf-tests/testData/projects/sync/averagePerfProject/androidAppModule1/src/main/java/com/androidAppModule1/Activity0.java
tools/adt/idea/sync-perf-tests/testData/projects/sync/averagePerfProject/androidAppModule1/src/main/java/com/androidAppModule1/Activity1.java
tools/adt/idea/sync-perf-tests/testData/projects/sync/averagePerfProject/androidAppModule1/src/main/java/com/androidAppModule1/Activity2.java
tools/adt/idea/sync-perf-tests/testData/projects/sync/averagePerfProject/androidAppModule1/src/main/java/com/androidAppModule1/Activity3.java
tools/adt/idea/sync-perf-tests/testData/projects/sync/averagePerfProject/androidAppModule1/src/main/java/com/androidAppModule1/Activity4.java
tools/adt/idea/sync-perf-tests/testData/projects/sync/averagePerfProject/androidAppModule1/src/test/java/androidAppModule1packageJava0/Foo0Test.java
tools/adt/idea/sync-perf-tests/testData/projects/sync/averagePerfProject/androidAppModule1/src/test/java/androidAppModule1packageJava0/Foo1Test.java
tools/adt/idea/sync-perf-tests/testData/projects/sync/averagePerfProject/androidAppModule1/src/test/java/androidAppModule1packageJava0/Foo2Test.java
tools/adt/idea/sync-perf-tests/testData/projects/sync/averagePerfProject/androidAppModule1/src/test/java/androidAppModule1packageJava0/Foo3Test.java
tools/adt/idea/sync-perf-tests/testData/projects/sync/averagePerfProject/androidAppModule2/src/main/java/androidAppModule2packageJava0/Foo0.java
tools/adt/idea/sync-perf-tests/testData/projects/sync/averagePerfProject/androidAppModule2/src/main/java/androidAppModule2packageJava0/Foo1.java
tools/adt/idea/sync-perf-tests/testData/projects/sync/averagePerfProject/androidAppModule2/src/main/java/androidAppModule2packageJava0/Foo2.java
tools/adt/idea/sync-perf-tests/testData/projects/sync/averagePerfProject/androidAppModule2/src/main/java/androidAppModule2packageJava0/Foo3.java
tools/adt/idea/sync-perf-tests/testData/projects/sync/averagePerfProject/androidAppModule2/src/main/java/com/androidAppModule2/Activity0.java
tools/adt/idea/sync-perf-tests/testData/projects/sync/averagePerfProject/androidAppModule2/src/main/java/com/androidAppModule2/Activity1.java
tools/adt/idea/sync-perf-tests/testData/projects/sync/averagePerfProject/androidAppModule2/src/main/java/com/androidAppModule2/Activity2.java
tools/adt/idea/sync-perf-tests/testData/projects/sync/averagePerfProject/androidAppModule2/src/main/java/com/androidAppModule2/Activity3.java
tools/adt/idea/sync-perf-tests/testData/projects/sync/averagePerfProject/androidAppModule2/src/main/java/com/androidAppModule2/Activity4.java
tools/adt/idea/sync-perf-tests/testData/projects/sync/averagePerfProject/androidAppModule2/src/test/java/androidAppModule2packageJava0/Foo0Test.java
tools/adt/idea/sync-perf-tests/testData/projects/sync/averagePerfProject/androidAppModule2/src/test/java/androidAppModule2packageJava0/Foo1Test.java
tools/adt/idea/sync-perf-tests/testData/projects/sync/averagePerfProject/androidAppModule2/src/test/java/androidAppModule2packageJava0/Foo2Test.java
tools/adt/idea/sync-perf-tests/testData/projects/sync/averagePerfProject/androidAppModule2/src/test/java/androidAppModule2packageJava0/Foo3Test.java
tools/adt/idea/sync-perf-tests/testData/projects/sync/averagePerfProject/module0/src/main/java/module0packageJava0/Foo0.java
tools/adt/idea/sync-perf-tests/testData/projects/sync/averagePerfProject/module0/src/main/java/module0packageJava0/Foo1.java
tools/adt/idea/sync-perf-tests/testData/projects/sync/averagePerfProject/module0/src/main/java/module0packageJava0/Foo2.java
tools/adt/idea/sync-perf-tests/testData/projects/sync/averagePerfProject/module0/src/main/java/module0packageJava0/Foo3.java
tools/adt/idea/sync-perf-tests/testData/projects/sync/averagePerfProject/module0/src/test/java/module0packageJava0/Foo0Test.java
tools/adt/idea/sync-perf-tests/testData/projects/sync/averagePerfProject/module0/src/test/java/module0packageJava0/Foo1Test.java
tools/adt/idea/sync-perf-tests/testData/projects/sync/averagePerfProject/module0/src/test/java/module0packageJava0/Foo2Test.java
tools/adt/idea/sync-perf-tests/testData/projects/sync/averagePerfProject/module0/src/test/java/module0packageJava0/Foo3Test.java
tools/adt/idea/sync-perf-tests/testSrc/com/android/tools/idea/SyncPerfTestSuite.java
tools/adt/idea/sync-perf-tests/testSrc/com/android/tools/idea/gradle/project/sync/perf/AbstractGradleSyncPerfTestCase.kt
tools/adt/idea/sync-perf-tests/testSrc/com/android/tools/idea/gradle/project/sync/perf/AbstractGradleSyncSmokeTestCase.kt
tools/adt/idea/sync-perf-tests/testSrc/com/android/tools/idea/gradle/project/sync/perf/DolphinPerfTest.kt
tools/adt/idea/sync-perf-tests/testSrc/com/android/tools/idea/gradle/project/sync/perf/DolphinSmokeTest.kt
tools/adt/idea/sync-perf-tests/testSrc/com/android/tools/idea/gradle/project/sync/perf/TestProjectPaths.java
tools/adt/idea/threading-checker/src/com/android/tools/idea/instrumentation/threading/ThreadingCheckerHookImpl.kt
tools/adt/idea/threading-checker/src/com/android/tools/idea/instrumentation/threading/ThreadingViolationNotifier.kt
tools/adt/idea/threading-checker/src/com/android/tools/idea/instrumentation/threading/ThreadingViolationNotifierImpl.kt
tools/adt/idea/threading-checker/src/com/android/tools/idea/instrumentation/threading/TriggerSampleThreadingViolationAction.kt
tools/adt/idea/threading-checker/testSrc/com/android/tools/idea/instrumentation/threading/ThreadingCheckerHookImplTest.kt
tools/adt/idea/threading-checker/testSrc/com/android/tools/idea/instrumentation/threading/ThreadingCheckerTestSuite.kt
tools/adt/idea/threading-checker/testSrc/com/android/tools/idea/instrumentation/threading/ThreadingViolationNotifierImplTest.kt
tools/adt/idea/ultimate/src/org/jetbrains/android/database/AndroidDataSource.java
tools/adt/idea/ultimate/src/org/jetbrains/android/database/AndroidDataSourceConfigurable.java
tools/adt/idea/ultimate/src/org/jetbrains/android/database/AndroidDataSourceManager.java
tools/adt/idea/ultimate/src/org/jetbrains/android/database/AndroidDataSourceProjectListener.java
tools/adt/idea/ultimate/src/org/jetbrains/android/database/AndroidDataSourceStorage.java
tools/adt/idea/ultimate/src/org/jetbrains/android/database/AndroidDataSourceStorageCleaner.java
tools/adt/idea/ultimate/src/org/jetbrains/android/database/AndroidDbConnectionInfo.java
tools/adt/idea/ultimate/src/org/jetbrains/android/database/AndroidDbErrorReporter.java
tools/adt/idea/ultimate/src/org/jetbrains/android/database/AndroidDbErrorReporterImpl.java
tools/adt/idea/ultimate/src/org/jetbrains/android/database/AndroidDbUtil.java
tools/adt/idea/ultimate/src/org/jetbrains/android/database/AndroidRemoteDataBaseManager.java
tools/adt/idea/ultimate/src/org/jetbrains/android/database/AndroidRemoteDbInfo.java
tools/adt/idea/ultimate/src/org/jetbrains/android/database/AndroidSynchronizeHandler.java
tools/adt/idea/ultimate/src/org/jetbrains/android/database/AndroidUploadDatabaseAction.java
tools/adt/idea/visual-lint/src/com/android/tools/visuallint/VisualLintAnalyzer.kt
tools/adt/idea/visual-lint/src/com/android/tools/visuallint/VisualLintBaseConfigIssues.kt
tools/adt/idea/visual-lint/src/com/android/tools/visuallint/VisualLintErrorType.kt
tools/adt/idea/visual-lint/src/com/android/tools/visuallint/analyzers/AtfAnalyzer.kt
tools/adt/idea/visual-lint/src/com/android/tools/visuallint/analyzers/BottomAppBarAnalyzer.kt
tools/adt/idea/visual-lint/src/com/android/tools/visuallint/analyzers/BottomNavAnalyzer.kt
tools/adt/idea/visual-lint/src/com/android/tools/visuallint/analyzers/BoundsAnalyzer.kt
tools/adt/idea/visual-lint/src/com/android/tools/visuallint/analyzers/ButtonSizeAnalyzer.kt
tools/adt/idea/visual-lint/src/com/android/tools/visuallint/analyzers/LocaleAnalyzer.kt
tools/adt/idea/visual-lint/src/com/android/tools/visuallint/analyzers/LongTextAnalyzer.kt
tools/adt/idea/visual-lint/src/com/android/tools/visuallint/analyzers/OverlapAnalyzer.kt
tools/adt/idea/visual-lint/src/com/android/tools/visuallint/analyzers/TextFieldSizeAnalyzer.kt
tools/adt/idea/visual-lint/src/com/android/tools/visuallint/analyzers/WearMarginAnalyzer.kt
tools/adt/idea/whats-new-assistant/src/com/android/tools/idea/whatsnew/assistant/ActionButtonMetricsEventBuilder.kt
tools/adt/idea/whats-new-assistant/src/com/android/tools/idea/whatsnew/assistant/WhatsNewBundle.java
tools/adt/idea/whats-new-assistant/src/com/android/tools/idea/whatsnew/assistant/WhatsNewBundleCreator.java
tools/adt/idea/whats-new-assistant/src/com/android/tools/idea/whatsnew/assistant/WhatsNewCheckVersionTask.kt
tools/adt/idea/whats-new-assistant/src/com/android/tools/idea/whatsnew/assistant/WhatsNewConnectionOpener.java
tools/adt/idea/whats-new-assistant/src/com/android/tools/idea/whatsnew/assistant/WhatsNewMetricsTracker.java
tools/adt/idea/whats-new-assistant/src/com/android/tools/idea/whatsnew/assistant/WhatsNewScrollHandler.java
tools/adt/idea/whats-new-assistant/src/com/android/tools/idea/whatsnew/assistant/WhatsNewSidePanelAction.java
tools/adt/idea/whats-new-assistant/src/com/android/tools/idea/whatsnew/assistant/WhatsNewStartupActivity.java
tools/adt/idea/whats-new-assistant/src/com/android/tools/idea/whatsnew/assistant/WhatsNewURLProvider.kt
tools/adt/idea/whats-new-assistant/src/com/android/tools/idea/whatsnew/assistant/WhatsNewUpdateStatusPanelFactory.java
tools/adt/idea/whats-new-assistant/src/com/android/tools/idea/whatsnew/assistant/actions/AppInspectionShowAction.kt
tools/adt/idea/whats-new-assistant/src/com/android/tools/idea/whatsnew/assistant/actions/DeviceStreamingOnboardingAction.kt
tools/adt/idea/whats-new-assistant/src/com/android/tools/idea/whatsnew/assistant/actions/OpenDeviceMirroringSettingsAction.kt
tools/adt/idea/whats-new-assistant/src/com/android/tools/idea/whatsnew/assistant/actions/WhatsNewDismissAction.java
tools/adt/idea/whats-new-assistant/src/com/android/tools/idea/whatsnew/assistant/actions/WhatsNewUpdateStableAction.java
tools/adt/idea/whats-new-assistant/testSrc/com.android.tools.idea.whatsnew.assistant/WhatsNewBundleCreatorTest.kt
tools/adt/idea/whats-new-assistant/testSrc/com.android.tools.idea.whatsnew.assistant/WhatsNewBundleTest.java
tools/adt/idea/whats-new-assistant/testSrc/com.android.tools.idea.whatsnew.assistant/WhatsNewSidePanelActionTest.java
tools/adt/idea/whats-new-assistant/testSrc/com.android.tools.idea.whatsnew.assistant/WhatsNewSidePanelTest.kt
tools/adt/idea/whats-new-assistant/testSrc/com.android.tools.idea.whatsnew.assistant/WhatsNewStartupActivityTest.java
tools/adt/idea/whats-new-assistant/testSrc/com.android.tools.idea.whatsnew.assistant/WhatsNewTestSuite.java
tools/adt/idea/whats-new-assistant/testSrc/com.android.tools.idea.whatsnew.assistant/WhatsNewUpdateFlowTest.java
tools/adt/idea/whats-new-assistant/testSrc/com.android.tools.idea.whatsnew.assistant/WhatsNewXMLContentTest.kt
tools/adt/idea/wizard-model/src/com/android/tools/idea/wizard/model/ModelWizard.java
tools/adt/idea/wizard-model/src/com/android/tools/idea/wizard/model/ModelWizardStep.java
tools/adt/idea/wizard-model/src/com/android/tools/idea/wizard/model/SkippableWizardStep.java
tools/adt/idea/wizard-model/src/com/android/tools/idea/wizard/model/WizardModel.java
tools/adt/idea/wizard-model/src/com/android/tools/idea/wizard/model/package-info.java
tools/adt/idea/wizard-model/testSrc/com/android/tools/idea/wizard/model/ModelWizardTest.java
tools/adt/idea/wizard/src/com/android/tools/idea/wizard/WizardConstants.java
tools/adt/idea/wizard/src/com/android/tools/idea/wizard/dynamic/AndroidStudioWizardPath.java
tools/adt/idea/wizard/src/com/android/tools/idea/wizard/dynamic/DialogWrapperHost.java
tools/adt/idea/wizard/src/com/android/tools/idea/wizard/dynamic/DynamicWizard.java
tools/adt/idea/wizard/src/com/android/tools/idea/wizard/dynamic/DynamicWizardHost.java
tools/adt/idea/wizard/src/com/android/tools/idea/wizard/dynamic/DynamicWizardPath.java
tools/adt/idea/wizard/src/com/android/tools/idea/wizard/dynamic/DynamicWizardStep.java
tools/adt/idea/wizard/src/com/android/tools/idea/wizard/dynamic/DynamicWizardStepWithDescription.java
tools/adt/idea/wizard/src/com/android/tools/idea/wizard/dynamic/DynamicWizardStepWithHeaderAndDescription.java
tools/adt/idea/wizard/src/com/android/tools/idea/wizard/dynamic/ScopedDataBinder.java
tools/adt/idea/wizard/src/com/android/tools/idea/wizard/dynamic/ScopedStateStore.kt
tools/adt/idea/wizard/src/com/android/tools/idea/wizard/dynamic/SingleStepPath.java
tools/adt/idea/wizard/src/com/android/tools/idea/wizard/dynamic/WizardStepHeaderPanel.java
tools/adt/idea/wizard/src/com/android/tools/idea/wizard/dynamic/package-info.java
tools/adt/idea/wizard/src/com/android/tools/idea/wizard/model/ModelWizardDialog.java
tools/adt/idea/wizard/src/com/android/tools/idea/wizard/ui/CheckeredBackgroundPanel.java
tools/adt/idea/wizard/src/com/android/tools/idea/wizard/ui/SimpleStudioWizardLayout.java
tools/adt/idea/wizard/src/com/android/tools/idea/wizard/ui/StudioWizardDialogBuilder.kt
tools/adt/idea/wizard/src/com/android/tools/idea/wizard/ui/StudioWizardLayout.java
tools/adt/idea/wizard/src/com/android/tools/idea/wizard/ui/WizardUtils.java
tools/adt/idea/wizard/src/com/android/tools/idea/wizard/ui/deprecated/StudioWizardStepPanel.java
tools/adt/idea/wizard/src/com/android/tools/idea/wizard/ui/package-info.java
tools/adt/idea/wizard/testSrc/com/android/tools/idea/wizard/WizardTestSuite.java
tools/adt/idea/wizard/testSrc/com/android/tools/idea/wizard/dynamic/DynamicWizardPathTest.java
tools/adt/idea/wizard/testSrc/com/android/tools/idea/wizard/dynamic/DynamicWizardStepTest.java
tools/adt/idea/wizard/testSrc/com/android/tools/idea/wizard/dynamic/DynamicWizardTest.java
tools/adt/idea/wizard/testSrc/com/android/tools/idea/wizard/dynamic/ScopedDataBinderTest.java
tools/adt/idea/wizard/testSrc/com/android/tools/idea/wizard/dynamic/ScopedStateStoreTest.java
tools/adt/idea/wizard/testSrc/com/android/tools/idea/wizard/model/ModelWizardDialogTest.kt
tools/adt/idea/wizard/testSrc/com/android/tools/idea/wizard/ui/WizardUtilsTest.java
tools/base/annotations/src/main/java/com/android/annotations/NonNull.java
tools/base/annotations/src/main/java/com/android/annotations/Nullable.java
tools/base/annotations/src/main/java/com/android/annotations/TestOnly.java
tools/base/annotations/src/main/java/com/android/annotations/Trace.java
tools/base/annotations/src/main/java/com/android/annotations/VisibleForTesting.java
tools/base/annotations/src/main/java/com/android/annotations/concurrency/AnyThread.java
tools/base/annotations/src/main/java/com/android/annotations/concurrency/GuardedBy.java
tools/base/annotations/src/main/java/com/android/annotations/concurrency/Immutable.java
tools/base/annotations/src/main/java/com/android/annotations/concurrency/Slow.java
tools/base/annotations/src/main/java/com/android/annotations/concurrency/UiThread.java
tools/base/annotations/src/main/java/com/android/annotations/concurrency/WorkerThread.java
tools/base/app-inspection/agent/src/main/java/com/android/tools/agent/app/inspection/AppInspectionService.java
tools/base/app-inspection/agent/src/main/java/com/android/tools/agent/app/inspection/ArtToolingImpl.java
tools/base/app-inspection/agent/src/main/java/com/android/tools/agent/app/inspection/ConnectionImpl.java
tools/base/app-inspection/agent/src/main/java/com/android/tools/agent/app/inspection/InspectorBridge.java
tools/base/app-inspection/agent/src/main/java/com/android/tools/agent/app/inspection/InspectorContext.java
tools/base/app-inspection/agent/src/main/java/com/android/tools/agent/app/inspection/InspectorEnvironmentImpl.java
tools/base/app-inspection/agent/src/main/java/com/android/tools/agent/app/inspection/InspectorExecutorsImpl.java
tools/base/app-inspection/agent/src/main/java/com/android/tools/agent/app/inspection/NativeTransport.java
tools/base/app-inspection/agent/src/main/java/com/android/tools/agent/app/inspection/concurrent/AppInspectionExecutors.java
tools/base/app-inspection/agent/src/main/java/com/android/tools/agent/app/inspection/concurrent/HandlerThreadExecutor.java
tools/base/app-inspection/agent/src/main/java/com/android/tools/agent/app/inspection/version/ArtifactCoordinate.java
tools/base/app-inspection/agent/src/main/java/com/android/tools/agent/app/inspection/version/CompatibilityChecker.java
tools/base/app-inspection/agent/src/main/java/com/android/tools/agent/app/inspection/version/CompatibilityCheckerResult.java
tools/base/app-inspection/agent/src/main/java/com/android/tools/agent/app/inspection/version/LibraryCompatibility.java
tools/base/app-inspection/agent/src/main/java/com/android/tools/agent/app/inspection/version/Version.java
tools/base/app-inspection/agent/src/main/java/com/android/tools/agent/app/inspection/version/VersionFileReader.java
tools/base/app-inspection/inspectors/common/src/com/android/tools/appinspection/common/Logs.kt
tools/base/app-inspection/inspectors/common/src/com/android/tools/appinspection/common/Stacktrace.kt
tools/base/app-inspection/inspectors/common/src/com/android/tools/appinspection/common/ThreadLocalDelegate.kt
tools/base/app-inspection/inspectors/common/testSrc/com/android/tools/appinspection/common/testing/FakeArtTooling.kt
tools/base/app-inspection/inspectors/common/testSrc/com/android/tools/appinspection/common/testing/LogPrinterRule.kt
tools/base/app-inspection/test-app/.idea/fileTemplates/internal/AnnotationType.java
tools/base/app-inspection/test-app/.idea/fileTemplates/internal/Class.java
tools/base/app-inspection/test-app/.idea/fileTemplates/internal/Enum.java
tools/base/app-inspection/test-app/.idea/fileTemplates/internal/Interface.java
tools/base/app-inspection/test-app/.idea/fileTemplates/internal/Kotlin Class.kt
tools/base/app-inspection/test-app/.idea/fileTemplates/internal/Kotlin Enum.kt
tools/base/app-inspection/test-app/.idea/fileTemplates/internal/Kotlin File.kt
tools/base/app-inspection/test-app/.idea/fileTemplates/internal/Kotlin Interface.kt
tools/base/app-inspection/test-app/.idea/fileTemplates/internal/Record.java
tools/base/app-inspection/test-app/app/src/main/java/com/google/test/inspectors/InspectorsTestApp.kt
tools/base/app-inspection/test-app/app/src/main/java/com/google/test/inspectors/Logger.kt
tools/base/app-inspection/test-app/app/src/main/java/com/google/test/inspectors/MainActivity.kt
tools/base/app-inspection/test-app/app/src/main/java/com/google/test/inspectors/background/AlarmActivity.kt
tools/base/app-inspection/test-app/app/src/main/java/com/google/test/inspectors/background/AlarmReceiver.kt
tools/base/app-inspection/test-app/app/src/main/java/com/google/test/inspectors/background/AlarmService.kt
tools/base/app-inspection/test-app/app/src/main/java/com/google/test/inspectors/background/AppJobService.kt
tools/base/app-inspection/test-app/app/src/main/java/com/google/test/inspectors/background/BackgroundScreen.kt
tools/base/app-inspection/test-app/app/src/main/java/com/google/test/inspectors/background/BackgroundScreenActions.kt
tools/base/app-inspection/test-app/app/src/main/java/com/google/test/inspectors/background/BackgroundViewModel.kt
tools/base/app-inspection/test-app/app/src/main/java/com/google/test/inspectors/background/InjectedWorker.kt
tools/base/app-inspection/test-app/app/src/main/java/com/google/test/inspectors/background/ManualWorker.kt
tools/base/app-inspection/test-app/app/src/main/java/com/google/test/inspectors/database/DatabaseActions.kt
tools/base/app-inspection/test-app/app/src/main/java/com/google/test/inspectors/database/DatabaseScreen.kt
tools/base/app-inspection/test-app/app/src/main/java/com/google/test/inspectors/database/DatabaseViewModel.kt
tools/base/app-inspection/test-app/app/src/main/java/com/google/test/inspectors/database/room/RoomDatabase.kt
tools/base/app-inspection/test-app/app/src/main/java/com/google/test/inspectors/database/room/RoomUserDao.kt
tools/base/app-inspection/test-app/app/src/main/java/com/google/test/inspectors/database/room/RoomUserEntity.kt
tools/base/app-inspection/test-app/app/src/main/java/com/google/test/inspectors/main/MainScreen.kt
tools/base/app-inspection/test-app/app/src/main/java/com/google/test/inspectors/network/AbstractHttpClient.kt
tools/base/app-inspection/test-app/app/src/main/java/com/google/test/inspectors/network/HttpClient.kt
tools/base/app-inspection/test-app/app/src/main/java/com/google/test/inspectors/network/JavaNet.kt
tools/base/app-inspection/test-app/app/src/main/java/com/google/test/inspectors/network/NetworkScreen.kt
tools/base/app-inspection/test-app/app/src/main/java/com/google/test/inspectors/network/NetworkScreenActions.kt
tools/base/app-inspection/test-app/app/src/main/java/com/google/test/inspectors/network/NetworkViewModel.kt
tools/base/app-inspection/test-app/app/src/main/java/com/google/test/inspectors/network/OkHttp2.kt
tools/base/app-inspection/test-app/app/src/main/java/com/google/test/inspectors/network/OkHttp3.kt
tools/base/app-inspection/test-app/app/src/main/java/com/google/test/inspectors/network/grpc/ClientMetadataInterceptor.kt
tools/base/app-inspection/test-app/app/src/main/java/com/google/test/inspectors/network/grpc/GrpcClient.kt
tools/base/app-inspection/test-app/app/src/main/java/com/google/test/inspectors/network/grpc/LoggingGrpcInterceptor.kt
tools/base/app-inspection/test-app/app/src/main/java/com/google/test/inspectors/settings/SettingsDialog.kt
tools/base/app-inspection/test-app/app/src/main/java/com/google/test/inspectors/settings/SettingsViewModel.kt
tools/base/app-inspection/test-app/app/src/main/java/com/google/test/inspectors/settings/db/Settings.kt
tools/base/app-inspection/test-app/app/src/main/java/com/google/test/inspectors/settings/db/SettingsDao.kt
tools/base/app-inspection/test-app/app/src/main/java/com/google/test/inspectors/settings/db/SettingsDatabase.kt
tools/base/app-inspection/test-app/app/src/main/java/com/google/test/inspectors/settings/db/SettingsDatabaseModule.kt
tools/base/app-inspection/test-app/app/src/main/java/com/google/test/inspectors/ui/Components.kt
tools/base/app-inspection/test-app/app/src/main/java/com/google/test/inspectors/ui/navigation/Navigation.kt
tools/base/app-inspection/test-app/app/src/main/java/com/google/test/inspectors/ui/scafold/AppScaffold.kt
tools/base/app-inspection/test-app/app/src/main/java/com/google/test/inspectors/ui/scafold/AppScaffoldViewModel.kt
tools/base/app-inspection/test-app/app/src/main/java/com/google/test/inspectors/ui/theme/Color.kt
tools/base/app-inspection/test-app/app/src/main/java/com/google/test/inspectors/ui/theme/Theme.kt
tools/base/app-inspection/test-app/app/src/main/java/com/google/test/inspectors/ui/theme/Type.kt
tools/base/app-inspection/test-app/server/src/main/java/com/google/test/inspectors/grpc/CustomService.kt
tools/base/app-inspection/test-app/server/src/main/java/com/google/test/inspectors/grpc/GrpcServer.kt
tools/base/app-inspection/test-app/server/src/main/java/com/google/test/inspectors/grpc/JsonService.kt
tools/base/app-inspection/test-app/server/src/main/java/com/google/test/inspectors/grpc/ProtoService.kt
tools/base/app-inspection/test-app/server/src/main/java/com/google/test/inspectors/grpc/ServerMetadataInterceptor.kt
tools/base/app-inspection/test-app/server/src/main/java/com/google/test/inspectors/grpc/XmlService.kt
tools/base/app-inspection/test-app/shared/src/main/kotlin/com/google/test/inspectors/grpc/custom/CustomGrpc.kt
tools/base/app-inspection/test-app/shared/src/main/kotlin/com/google/test/inspectors/grpc/custom/CustomRequest.kt
tools/base/app-inspection/test-app/shared/src/main/kotlin/com/google/test/inspectors/grpc/custom/CustomResponse.kt
tools/base/app-inspection/test-app/shared/src/main/kotlin/com/google/test/inspectors/grpc/custom/CustomServiceCoroutineStub.kt
tools/base/app-inspection/test-app/shared/src/main/kotlin/com/google/test/inspectors/grpc/json/JsonGrpc.kt
tools/base/app-inspection/test-app/shared/src/main/kotlin/com/google/test/inspectors/grpc/json/JsonRequest.kt
tools/base/app-inspection/test-app/shared/src/main/kotlin/com/google/test/inspectors/grpc/json/JsonResponse.kt
tools/base/app-inspection/test-app/shared/src/main/kotlin/com/google/test/inspectors/grpc/json/JsonServiceCoroutineStub.kt
tools/base/app-inspection/test-app/shared/src/main/kotlin/com/google/test/inspectors/grpc/xml/XmlGrpc.kt
tools/base/app-inspection/test-app/shared/src/main/kotlin/com/google/test/inspectors/grpc/xml/XmlRequest.kt
tools/base/app-inspection/test-app/shared/src/main/kotlin/com/google/test/inspectors/grpc/xml/XmlResponse.kt
tools/base/app-inspection/test-app/shared/src/main/kotlin/com/google/test/inspectors/grpc/xml/XmlServiceCoroutineStub.kt
tools/base/app-inspection/tests/app-inspection-test/testSrcs/com/android/tools/app/inspection/AppInspectionTest.java
tools/base/app-inspection/tests/app-inspection-test/testSrcs/com/android/tools/app/inspection/ArtToolingTest.java
tools/base/app-inspection/tests/test-app/src/main/java/androidx/inspection/unreal/unengine/ProguardDetection.java
tools/base/app-inspection/tests/test-app/src/main/java/com/activity/todo/ColoredTodoItem.java
tools/base/app-inspection/tests/test-app/src/main/java/com/activity/todo/TodoActivity.java
tools/base/app-inspection/tests/test-app/src/main/java/com/activity/todo/TodoGroup.java
tools/base/app-inspection/tests/test-app/src/main/java/com/activity/todo/TodoItem.java
tools/base/app-inspection/tests/test-framework/src/com/android/tools/app/inspection/AppInspectionRule.kt
tools/base/app-inspection/tests/test-framework/src/com/android/tools/app/inspection/Asserts.kt
tools/base/app-inspection/tests/test-framework/src/com/android/tools/app/inspection/Commands.kt
tools/base/app-inspection/tests/test-inspector/api/src/test/inspector/api/NoReplyInspectorApi.java
tools/base/app-inspection/tests/test-inspector/api/src/test/inspector/api/PayloadInspectorApi.java
tools/base/app-inspection/tests/test-inspector/api/src/test/inspector/api/TestExecutorsApi.java
tools/base/app-inspection/tests/test-inspector/api/src/test/inspector/api/TestInspectorApi.java
tools/base/app-inspection/tests/test-inspector/api/src/test/inspector/api/TodoInspectorApi.java
tools/base/app-inspection/tests/test-inspector/src/test/inspector/PayloadInspector.java
tools/base/app-inspection/tests/test-inspector/src/test/inspector/PayloadInspectorFactory.java
tools/base/app-inspection/tests/test-inspector/src/test/inspector/ReverseEchoInspector.java
tools/base/app-inspection/tests/test-inspector/src/test/inspector/ReverseEchoInspectorFactory.java
tools/base/app-inspection/tests/test-inspector/src/test/inspector/TestCancellationInspector.java
tools/base/app-inspection/tests/test-inspector/src/test/inspector/TestCancellationInspectorFactory.java
tools/base/app-inspection/tests/test-inspector/src/test/inspector/TestExceptionInspector.java
tools/base/app-inspection/tests/test-inspector/src/test/inspector/TestExceptionInspectorFactory.java
tools/base/app-inspection/tests/test-inspector/src/test/inspector/TestExecutorsInspector.java
tools/base/app-inspection/tests/test-inspector/src/test/inspector/TestExecutorsInspectorFactory.java
tools/base/app-inspection/tests/test-inspector/src/test/inspector/TestInspector.java
tools/base/app-inspection/tests/test-inspector/src/test/inspector/TestInspectorFactory.java
tools/base/app-inspection/tests/test-inspector/src/test/inspector/TestNativeInspector.java
tools/base/app-inspection/tests/test-inspector/src/test/inspector/TestNativeInspectorFactory.java
tools/base/app-inspection/tests/test-inspector/src/test/inspector/TestNoReplyInspector.java
tools/base/app-inspection/tests/test-inspector/src/test/inspector/TestNoReplyInspectorFactory.java
tools/base/app-inspection/tests/test-inspector/src/test/inspector/TestProguardCheckInspectorFactory.java
tools/base/app-inspection/tests/test-inspector/src/test/inspector/TodoInspector.java
tools/base/app-inspection/tests/test-inspector/src/test/inspector/TodoInspectorFactory.java
tools/base/apps/DeviceConfig/app/src/main/java/com/example/android/deviceconfig/ConfigGenerator.java
tools/base/apps/DeviceConfig/app/src/main/java/com/example/android/deviceconfig/MainActivity.java
tools/base/apps/NotificationStudio/src/com/android/notificationstudio/MaxHeightScrollView.java
tools/base/apps/NotificationStudio/src/com/android/notificationstudio/NotificationStudioActivity.java
tools/base/apps/NotificationStudio/src/com/android/notificationstudio/action/ShareCodeAction.java
tools/base/apps/NotificationStudio/src/com/android/notificationstudio/action/ShareMockupAction.java
tools/base/apps/NotificationStudio/src/com/android/notificationstudio/editor/BitmapEditor.java
tools/base/apps/NotificationStudio/src/com/android/notificationstudio/editor/BooleanEditor.java
tools/base/apps/NotificationStudio/src/com/android/notificationstudio/editor/DateTimeEditor.java
tools/base/apps/NotificationStudio/src/com/android/notificationstudio/editor/DropDownEditor.java
tools/base/apps/NotificationStudio/src/com/android/notificationstudio/editor/Editors.java
tools/base/apps/NotificationStudio/src/com/android/notificationstudio/editor/IconEditor.java
tools/base/apps/NotificationStudio/src/com/android/notificationstudio/editor/IntEditor.java
tools/base/apps/NotificationStudio/src/com/android/notificationstudio/editor/LinesEditor.java
tools/base/apps/NotificationStudio/src/com/android/notificationstudio/editor/TextEditor.java
tools/base/apps/NotificationStudio/src/com/android/notificationstudio/generator/CodeGenerator.java
tools/base/apps/NotificationStudio/src/com/android/notificationstudio/generator/NotificationGenerator.java
tools/base/apps/NotificationStudio/src/com/android/notificationstudio/model/EditableItem.java
tools/base/apps/NotificationStudio/src/com/android/notificationstudio/model/EditableItemConstants.java
tools/base/apps/SdkController/src/com/android/tools/sdkcontroller/activities/BaseBindingActivity.java
tools/base/apps/SdkController/src/com/android/tools/sdkcontroller/activities/MainActivity.java
tools/base/apps/SdkController/src/com/android/tools/sdkcontroller/activities/MultiTouchActivity.java
tools/base/apps/SdkController/src/com/android/tools/sdkcontroller/activities/SensorActivity.java
tools/base/apps/SdkController/src/com/android/tools/sdkcontroller/handlers/MultiTouchChannel.java
tools/base/apps/SdkController/src/com/android/tools/sdkcontroller/handlers/SensorChannel.java
tools/base/apps/SdkController/src/com/android/tools/sdkcontroller/lib/Channel.java
tools/base/apps/SdkController/src/com/android/tools/sdkcontroller/lib/Connection.java
tools/base/apps/SdkController/src/com/android/tools/sdkcontroller/lib/ProtocolConstants.java
tools/base/apps/SdkController/src/com/android/tools/sdkcontroller/lib/Socket.java
tools/base/apps/SdkController/src/com/android/tools/sdkcontroller/service/ControllerService.java
tools/base/apps/SdkController/src/com/android/tools/sdkcontroller/utils/ApiHelper.java
tools/base/apps/SdkController/src/com/android/tools/sdkcontroller/utils/ApiHelper_11.java
tools/base/apps/SdkController/src/com/android/tools/sdkcontroller/views/MultiTouchView.java
tools/base/bazel/lnzipper/src/main/java/com/android/tools/bazel/lnzipper/LnZipper.java
tools/base/bazel/lnzipper/src/test/java/com/android/tools/bazel/lnzipper/LnZipperTest.java
tools/base/bazel/rbe/DockerImageTest.java
tools/base/bazel/rbe/PerfgateMetrics.java
tools/base/bazel/sdk/src/com/android/tools/utils/CombineNotices.java
tools/base/bazel/sdk/src/com/android/tools/utils/DevSdkUpdater.java
tools/base/bazel/sdk/src/com/android/tools/utils/RemoteSdkUpdater.java
tools/base/bazel/sdk/testSrc/com/android/tools/utils/CombineNoticesTest.java
tools/base/bazel/src/com/android/tools/bazel/BazelToolsLogger.java
tools/base/bazel/src/com/android/tools/bazel/Configuration.java
tools/base/bazel/src/com/android/tools/bazel/Dot.java
tools/base/bazel/src/com/android/tools/bazel/ImlToIr.java
tools/base/bazel/src/com/android/tools/bazel/IrToBazel.java
tools/base/bazel/src/com/android/tools/bazel/JpsGraph.java
tools/base/bazel/src/com/android/tools/bazel/StringBuilderLogger.java
tools/base/bazel/src/com/android/tools/bazel/ir/IrLibrary.java
tools/base/bazel/src/com/android/tools/bazel/ir/IrModule.java
tools/base/bazel/src/com/android/tools/bazel/ir/IrNode.java
tools/base/bazel/src/com/android/tools/bazel/ir/IrProject.java
tools/base/bazel/src/com/android/tools/bazel/model/BazelRule.java
tools/base/bazel/src/com/android/tools/bazel/model/FileGroup.java
tools/base/bazel/src/com/android/tools/bazel/model/ImlAlias.java
tools/base/bazel/src/com/android/tools/bazel/model/ImlModule.java
tools/base/bazel/src/com/android/tools/bazel/model/JavaLibrary.java
tools/base/bazel/src/com/android/tools/bazel/model/JvmImport.java
tools/base/bazel/src/com/android/tools/bazel/model/Label.java
tools/base/bazel/src/com/android/tools/bazel/model/Package.java
tools/base/bazel/src/com/android/tools/bazel/model/UnmanagedRule.java
tools/base/bazel/src/com/android/tools/bazel/model/Workspace.java
tools/base/bazel/src/com/android/tools/bazel/parser/BuildParser.java
tools/base/bazel/src/com/android/tools/bazel/parser/Tokenizer.java
tools/base/bazel/src/com/android/tools/bazel/parser/TokenizerToken.java
tools/base/bazel/src/com/android/tools/bazel/parser/ast/Argument.java
tools/base/bazel/src/com/android/tools/bazel/parser/ast/Assignment.java
tools/base/bazel/src/com/android/tools/bazel/parser/ast/BinaryExpression.java
tools/base/bazel/src/com/android/tools/bazel/parser/ast/Build.java
tools/base/bazel/src/com/android/tools/bazel/parser/ast/CallExpression.java
tools/base/bazel/src/com/android/tools/bazel/parser/ast/CallStatement.java
tools/base/bazel/src/com/android/tools/bazel/parser/ast/DictExpression.java
tools/base/bazel/src/com/android/tools/bazel/parser/ast/Expression.java
tools/base/bazel/src/com/android/tools/bazel/parser/ast/IndexExpression.java
tools/base/bazel/src/com/android/tools/bazel/parser/ast/ListExpression.java
tools/base/bazel/src/com/android/tools/bazel/parser/ast/LiteralExpression.java
tools/base/bazel/src/com/android/tools/bazel/parser/ast/Node.java
tools/base/bazel/src/com/android/tools/bazel/parser/ast/Statement.java
tools/base/bazel/src/com/android/tools/bazel/parser/ast/Token.java
tools/base/bazel/src/com/android/tools/binaries/ApplyDiff.java
tools/base/bazel/src/com/android/tools/binaries/BazelLintWrapper.java
tools/base/bazel/src/com/android/tools/binaries/Bin2C.java
tools/base/bazel/src/com/android/tools/binaries/ImlToBazel.java
tools/base/bazel/src/com/android/tools/binaries/JarFilter.java
tools/base/bazel/src/com/android/tools/binaries/LocalMavenRepositoryGenerator.java
tools/base/bazel/src/com/android/tools/binaries/Matryoshka.java
tools/base/bazel/src/com/android/tools/binaries/ModifyJarManifest.java
tools/base/bazel/src/com/android/tools/binaries/PomGenerator.java
tools/base/bazel/src/com/android/tools/binaries/RepoBuilder.java
tools/base/bazel/src/com/android/tools/binaries/RepoZipper.java
tools/base/bazel/src/com/android/tools/binaries/ZipMerger.java
tools/base/bazel/src/com/android/tools/gradle/Gradle.java
tools/base/bazel/src/com/android/tools/gradle/GradleW.java
tools/base/bazel/src/com/android/tools/json/GradleMetadataJsonReader.java
tools/base/bazel/src/com/android/tools/json/JsonFileWriter.java
tools/base/bazel/src/com/android/tools/kotlin/KotlinCompiler.java
tools/base/bazel/src/com/android/tools/maven/AetherUtils.java
tools/base/bazel/src/com/android/tools/maven/ArtifactOriginWriter.java
tools/base/bazel/src/com/android/tools/maven/CustomRepositoryListener.java
tools/base/bazel/src/com/android/tools/maven/CustomVersionRangeResolver.java
tools/base/bazel/src/com/android/tools/maven/HandleAarDescriptorReaderDelegate.java
tools/base/bazel/src/com/android/tools/maven/HighestVersionSelector.java
tools/base/bazel/src/com/android/tools/maven/ImportDependencyVisitor.java
tools/base/bazel/src/com/android/tools/maven/MavenCoordinates.java
tools/base/bazel/src/com/android/tools/maven/MavenRepository.java
tools/base/bazel/src/com/android/tools/maven/package-info.java
tools/base/bazel/src/com/android/tools/repository_generator/BuildFileWriter.java
tools/base/bazel/src/com/android/tools/repository_generator/ResolutionResult.java
tools/base/bazel/src/com/android/tools/utils/BazelMultiplexWorker.java
tools/base/bazel/src/com/android/tools/utils/Buildifier.java
tools/base/bazel/src/com/android/tools/utils/JarOutputCompiler.java
tools/base/bazel/src/com/android/tools/utils/PropertiesMerger.java
tools/base/bazel/src/com/android/tools/utils/Unzipper.java
tools/base/bazel/src/com/android/tools/utils/Utils.java
tools/base/bazel/src/com/android/tools/utils/WorkspaceUtils.java
tools/base/bazel/src/com/android/tools/utils/Zipper.java
tools/base/bazel/src/com/intellij/util/graph/GraphGenerator.java
tools/base/bazel/test/NoOpTest.java
tools/base/bazel/test/gradle/library/src/androidTest/java/com/example/mylibrary/ExampleInstrumentedTest.java
tools/base/bazel/test/gradle/library/src/test/java/com/example/mylibrary/ExampleUnitTest.java
tools/base/bazel/test/iml_module/friends/src/Impl.kt
tools/base/bazel/test/iml_module/friends/testSrc/Test.kt
tools/base/bazel/test/iml_to_bazel/compile_after_runtime/src/Dummy.java
tools/base/bazel/test/iml_to_bazel/compile_after_test/src/Dummy.java
tools/base/bazel/test/iml_to_bazel/compile_runtime_cycle_end/src/Dummy.java
tools/base/bazel/test/iml_to_bazel/compile_runtime_cycle_start/src/Dummy.java
tools/base/bazel/test/iml_to_bazel/compile_test_cycle_end/src/Dummy.java
tools/base/bazel/test/iml_to_bazel/compile_test_cycle_start/src/Dummy.java
tools/base/bazel/test/iml_to_bazel/depend_on_cycle/src/Dummy.java
tools/base/bazel/test/iml_to_bazel/root/src/Dummy.java
tools/base/bazel/test/iml_to_bazel/runtime/src/Dummy.java
tools/base/bazel/test/iml_to_bazel/runtime_after_test/src/Dummy.java
tools/base/bazel/test/iml_to_bazel/runtime_compile_cycle_end/src/Dummy.java
tools/base/bazel/test/iml_to_bazel/runtime_compile_cycle_start/src/Dummy.java
tools/base/bazel/test/iml_to_bazel/runtime_test_cycle_end/src/Dummy.java
tools/base/bazel/test/iml_to_bazel/runtime_test_cycle_start/src/Dummy.java
tools/base/bazel/test/iml_to_bazel/test/src/Dummy.java
tools/base/bazel/test/iml_to_bazel/test_runtime_cycle_end/src/Dummy.java
tools/base/bazel/test/iml_to_bazel/test_runtime_cycle_start/src/Dummy.java
tools/base/bazel/test/kotlin/filegroup/a.kt
tools/base/bazel/test/kotlin/filegroup/b.kt
tools/base/bazel/test/kotlin/filegroup/c.kt
tools/base/bazel/test/kotlin/java0/pkg/J0.java
tools/base/bazel/test/kotlin/java0_test/pkg/J0Test.java
tools/base/bazel/test/kotlin/java1_kotlin1/pkg/J1.java
tools/base/bazel/test/kotlin/java1_kotlin1/pkg/K1.kt
tools/base/bazel/test/kotlin/java1_kotlin1_test/pkg/J1Test.java
tools/base/bazel/test/kotlin/java1_kotlin1_test/pkg/K1Test.kt
tools/base/bazel/test/kotlin/java2/pkg/J2.java
tools/base/bazel/test/kotlin/kotlin0/pkg/K0.kt
tools/base/bazel/test/kotlin/kotlin0_test/pkg/K0Test.kt
tools/base/bazel/testSrc/com/android/tools/binaries/Bin2CTest.java
tools/base/bazel/testSrc/com/android/tools/binaries/ImlToBazelConsistencyTest.java
tools/base/bazel/testSrc/com/android/tools/binaries/ImlToBazelTest.java
tools/base/bazel/testSrc/com/android/tools/binaries/LocalMavenRepositoryGeneratorTest.java
tools/base/bazel/testSrc/com/android/tools/binaries/MavenConsistencyTest.java
tools/base/bazel/testSrc/com/android/tools/binaries/ModifyJarManifestTest.java
tools/base/bazel/testSrc/com/android/tools/binaries/PomGeneratorTest.java
tools/base/bazel/testSrc/com/android/tools/binaries/RepoBuilderTest.java
tools/base/bazel/testSrc/com/android/tools/binaries/RepoZipperTest.java
tools/base/bazel/testSrc/com/android/tools/binaries/ZipMergerTest.java
tools/base/bazel/testSrc/com/android/tools/gradle/BenchmarkListener.java
tools/base/bazel/testSrc/com/android/tools/gradle/BenchmarkRun.java
tools/base/bazel/testSrc/com/android/tools/gradle/BenchmarkTest.java
tools/base/bazel/testSrc/com/android/tools/gradle/GradleProfileLogger.java
tools/base/bazel/testSrc/com/android/tools/gradle/ProfilerToBenchmarkAdapter.java
tools/base/bazel/testSrc/com/android/tools/gradle/benchmarkassertions/BenchmarkProjectAssertion.java
tools/base/bazel/testSrc/com/android/tools/gradle/benchmarkassertions/CheckJavaResourceHasContent.java
tools/base/bazel/testSrc/com/android/tools/gradle/benchmarkassertions/CheckJavaResourceNotPresent.java
tools/base/chunkio-processor/src/com/android/tools/chunkio/ChunkProcessor.java
tools/base/chunkio-processor/src/com/android/tools/chunkio/codegen/ClassDef.java
tools/base/chunkio-processor/src/com/android/tools/chunkio/codegen/CodeGenerator.java
tools/base/chunkio-processor/src/com/android/tools/chunkio/codegen/CodeSnippet.java
tools/base/chunkio-processor/src/com/android/tools/chunkio/codegen/JavaFile.java
tools/base/chunkio-processor/src/com/android/tools/chunkio/codegen/MethodDef.java
tools/base/chunkio-processor/src/com/android/tools/chunkio/codegen/ParameterDef.java
tools/base/chunkio-processor/src/com/android/tools/chunkio/codegen/TypeDef.java
tools/base/chunkio-processor/src/com/android/tools/chunkio/codegen/Utils.java
tools/base/chunkio-processor/src/com/android/tools/chunkio/processor/ChunksCollector.java
tools/base/chunkio-processor/src/com/android/tools/chunkio/processor/ClassEmitter.java
tools/base/chunkio-processor/src/com/android/tools/chunkio/processor/ClassName.java
tools/base/chunkio-processor/src/com/android/tools/chunkio/processor/Environment.java
tools/base/chunkio-processor/src/com/android/tools/chunkio/processor/ErrorHandler.java
tools/base/chunkio-processor/src/com/android/tools/chunkio/processor/FieldChunk.java
tools/base/chunkio-processor/src/com/android/tools/chunkio/processor/TypeElementVisitor.java
tools/base/chunkio-processor/src/com/android/tools/chunkio/processor/Utils.java
tools/base/chunkio-processor/src/com/android/tools/chunkio/processor/Validator.java
tools/base/chunkio-processor/src/com/android/tools/chunkio/reader/ArrayChunkReader.java
tools/base/chunkio-processor/src/com/android/tools/chunkio/reader/ChunkReader.java
tools/base/chunkio-processor/src/com/android/tools/chunkio/reader/ChunkReaders.java
tools/base/chunkio-processor/src/com/android/tools/chunkio/reader/CollectionChunkReader.java
tools/base/chunkio-processor/src/com/android/tools/chunkio/reader/DynamicTypeChunkReader.java
tools/base/chunkio-processor/src/com/android/tools/chunkio/reader/EnumChunkReader.java
tools/base/chunkio-processor/src/com/android/tools/chunkio/reader/PrimitiveChunkReader.java
tools/base/chunkio/src/main/java/com/android/tools/chunkio/Chunk.java
tools/base/chunkio/src/main/java/com/android/tools/chunkio/ChunkException.java
tools/base/chunkio/src/main/java/com/android/tools/chunkio/ChunkIO.java
tools/base/chunkio/src/main/java/com/android/tools/chunkio/ChunkUtils.java
tools/base/chunkio/src/main/java/com/android/tools/chunkio/Chunked.java
tools/base/chunkio/src/main/java/com/android/tools/chunkio/RangedInputStream.java
tools/base/common/agp-version/Version.java
tools/base/common/agp-version/VersionTest.java
tools/base/common/src/main/java/com/android/AndroidProjectTypes.java
tools/base/common/src/main/java/com/android/AndroidXConstants.java
tools/base/common/src/main/java/com/android/ProgressManagerAdapter.java
tools/base/common/src/main/java/com/android/SdkConstants.java
tools/base/common/src/main/java/com/android/ide/common/blame/Message.kt
tools/base/common/src/main/java/com/android/ide/common/blame/SourceFile.java
tools/base/common/src/main/java/com/android/ide/common/blame/SourceFilePosition.java
tools/base/common/src/main/java/com/android/ide/common/blame/SourcePosition.java
tools/base/common/src/main/java/com/android/io/CancellableFileIo.java
tools/base/common/src/main/java/com/android/io/FileWrapper.java
tools/base/common/src/main/java/com/android/io/FolderWrapper.java
tools/base/common/src/main/java/com/android/io/IAbstractFile.java
tools/base/common/src/main/java/com/android/io/IAbstractFolder.java
tools/base/common/src/main/java/com/android/io/IAbstractResource.java
tools/base/common/src/main/java/com/android/io/Images.kt
tools/base/common/src/main/java/com/android/io/NonClosingInputStream.java
tools/base/common/src/main/java/com/android/io/NonClosingOutputStream.kt
tools/base/common/src/main/java/com/android/io/StreamException.java
tools/base/common/src/main/java/com/android/prefs/AbstractAndroidLocations.kt
tools/base/common/src/main/java/com/android/prefs/AndroidLocation.java
tools/base/common/src/main/java/com/android/prefs/AndroidLocationsException.kt
tools/base/common/src/main/java/com/android/prefs/AndroidLocationsProvider.kt
tools/base/common/src/main/java/com/android/prefs/AndroidLocationsSingleton.kt
tools/base/common/src/main/java/com/android/resources/NamespaceReferenceRewriter.kt
tools/base/common/src/main/java/com/android/resources/RClassNaming.kt
tools/base/common/src/main/java/com/android/sdklib/AndroidApiLevel.kt
tools/base/common/src/main/java/com/android/sdklib/AndroidMajorVersion.kt
tools/base/common/src/main/java/com/android/sdklib/AndroidVersion.java
tools/base/common/src/main/java/com/android/sdklib/AndroidVersionUtil.kt
tools/base/common/src/main/java/com/android/support/AndroidxMigrationParser.kt
tools/base/common/src/main/java/com/android/support/AndroidxName.java
tools/base/common/src/main/java/com/android/support/AndroidxNameUtils.java
tools/base/common/src/main/java/com/android/support/FragmentTagUtil.kt
tools/base/common/src/main/java/com/android/testing/utils/ManagedDeviceUtils.kt
tools/base/common/src/main/java/com/android/testing/utils/SystemImageHashUtils.kt
tools/base/common/src/main/java/com/android/tools/proguard/ProguardMap.java
tools/base/common/src/main/java/com/android/tools/proguard/ProguardSeedsMap.java
tools/base/common/src/main/java/com/android/tools/proguard/ProguardUsagesMap.java
tools/base/common/src/main/java/com/android/utils/ArrayUtils.java
tools/base/common/src/main/java/com/android/utils/Base128InputStream.kt
tools/base/common/src/main/java/com/android/utils/Base128OutputStream.kt
tools/base/common/src/main/java/com/android/utils/BuildScriptUtil.kt
tools/base/common/src/main/java/com/android/utils/CharSequenceReader.java
tools/base/common/src/main/java/com/android/utils/CharSequences.java
tools/base/common/src/main/java/com/android/utils/CloseableUtils.kt
tools/base/common/src/main/java/com/android/utils/CollectionsUtils.kt
tools/base/common/src/main/java/com/android/utils/ComputerArchUtils.kt
tools/base/common/src/main/java/com/android/utils/DataBindingUtils.kt
tools/base/common/src/main/java/com/android/utils/DateProvider.java
tools/base/common/src/main/java/com/android/utils/DecimalUtils.java
tools/base/common/src/main/java/com/android/utils/DomExtensions.kt
tools/base/common/src/main/java/com/android/utils/EnvironmentProvider.java
tools/base/common/src/main/java/com/android/utils/FileUtils.java
tools/base/common/src/main/java/com/android/utils/FlightRecorder.java
tools/base/common/src/main/java/com/android/utils/GrabProcessOutput.java
tools/base/common/src/main/java/com/android/utils/HashCodes.java
tools/base/common/src/main/java/com/android/utils/HelpfulEnumConverter.java
tools/base/common/src/main/java/com/android/utils/HtmlBuilder.java
tools/base/common/src/main/java/com/android/utils/ILogger.java
tools/base/common/src/main/java/com/android/utils/IReaderLogger.java
tools/base/common/src/main/java/com/android/utils/JavaVersionUtil.kt
tools/base/common/src/main/java/com/android/utils/JvmWideVariable.java
tools/base/common/src/main/java/com/android/utils/LineCollector.java
tools/base/common/src/main/java/com/android/utils/NativeSourceFileExtensions.java
tools/base/common/src/main/java/com/android/utils/NdkUtils.java
tools/base/common/src/main/java/com/android/utils/NodeCollectionHelper.kt
tools/base/common/src/main/java/com/android/utils/NullLogger.java
tools/base/common/src/main/java/com/android/utils/OffsetTrackingDecodedXmlValue.java
tools/base/common/src/main/java/com/android/utils/Pair.java
tools/base/common/src/main/java/com/android/utils/PathUtils.java
tools/base/common/src/main/java/com/android/utils/PositionXmlParser.java
tools/base/common/src/main/java/com/android/utils/Retry.kt
tools/base/common/src/main/java/com/android/utils/SdkUtils.java
tools/base/common/src/main/java/com/android/utils/SparseArray.java
tools/base/common/src/main/java/com/android/utils/SparseIntArray.java
tools/base/common/src/main/java/com/android/utils/StdLogger.java
tools/base/common/src/main/java/com/android/utils/StringHelper.kt
tools/base/common/src/main/java/com/android/utils/StringHelperPOSIX.kt
tools/base/common/src/main/java/com/android/utils/StringHelperWindows.kt
tools/base/common/src/main/java/com/android/utils/TokenizedCommandLine.kt
tools/base/common/src/main/java/com/android/utils/TokenizedCommandLineMap.kt
tools/base/common/src/main/java/com/android/utils/TraceUtils.kt
tools/base/common/src/main/java/com/android/utils/XmlUtils.java
tools/base/common/src/main/java/com/android/utils/cache/ChangeTrackerCachedValue.kt
tools/base/common/src/main/java/com/android/utils/concurrency/AsyncSupplier.kt
tools/base/common/src/main/java/com/android/utils/concurrency/CacheUtils.kt
tools/base/common/src/main/java/com/android/utils/concurrency/EvictingExecutorService.kt
tools/base/common/src/main/java/com/android/utils/concurrency/ReadWriteProcessLock.java
tools/base/common/src/main/java/com/android/utils/concurrency/ReadWriteThreadLock.java
tools/base/common/src/main/java/com/android/utils/cxx/CompileCommandsCodec.kt
tools/base/common/src/main/java/com/android/utils/cxx/CxxDiagnosticCode.kt
tools/base/common/src/main/java/com/android/utils/cxx/collections/DoubleBuffer.kt
tools/base/common/src/main/java/com/android/utils/cxx/io/LexicalFilenameUtils.kt
tools/base/common/src/main/java/com/android/utils/cxx/io/ProgressReader.kt
tools/base/common/src/main/java/com/android/utils/cxx/ninja/StreamNinjaBuildCommands.kt
tools/base/common/src/main/java/com/android/utils/cxx/ninja/StreamNinjaBuildTokens.kt
tools/base/common/src/main/java/com/android/utils/cxx/ninja/StreamNinjaStatements.kt
tools/base/common/src/main/java/com/android/utils/cxx/ninja/StreamUnescapedNinja.kt
tools/base/common/src/main/java/com/android/utils/cxx/ninja/WriteCompileCommandsJsonBin.kt
tools/base/common/src/main/java/com/android/utils/cxx/os/OsBehavior.kt
tools/base/common/src/main/java/com/android/utils/cxx/process/NativeBuildOutputClassifier.kt
tools/base/common/src/main/java/com/android/utils/function/RunOnce.kt
tools/base/common/src/main/java/com/android/utils/reflection/ReflectionUtils.kt
tools/base/common/src/main/java/com/android/utils/sleep/TestThreadSleeper.kt
tools/base/common/src/main/java/com/android/utils/sleep/ThreadSleeper.kt
tools/base/common/src/main/java/com/android/utils/text/TextUtils.kt
tools/base/common/src/main/java/com/android/xml/AndroidManifest.java
tools/base/common/src/main/java/com/android/xml/AndroidXPathFactory.java
tools/base/common/src/main/java/com/android/xml/AttrNameSplitter.kt
tools/base/common/src/main/java/com/android/xml/XmlBuilder.java
tools/base/common/src/main/java/com/android/xml/sax/AttributeUtils.java
tools/base/common/src/test/java/com/android/SdkConstantsTest.java
tools/base/common/src/test/java/com/android/ide/common/blame/SourcePositionTest.java
tools/base/common/src/test/java/com/android/io/NonClosingInputStreamTest.java
tools/base/common/src/test/java/com/android/io/NonClosingOutputStreamTest.kt
tools/base/common/src/test/java/com/android/prefs/AbstractAndroidLocationsTest.kt
tools/base/common/src/test/java/com/android/prefs/AndroidLocationTest.kt
tools/base/common/src/test/java/com/android/sdklib/AndroidMajorVersionTest.kt
tools/base/common/src/test/java/com/android/sdklib/AndroidVersionTest.kt
tools/base/common/src/test/java/com/android/sdklib/AndroidVersionUtilTest.kt
tools/base/common/src/test/java/com/android/support/AndroidxNameTest.java
tools/base/common/src/test/java/com/android/support/AndroidxNameUtilsTest.java
tools/base/common/src/test/java/com/android/testing/utils/ManagedDeviceUtilsTest.kt
tools/base/common/src/test/java/com/android/testing/utils/SystemImageHashUtilsTest.kt
tools/base/common/src/test/java/com/android/tools/proguard/ProguardMapTest.java
tools/base/common/src/test/java/com/android/tools/proguard/ProguardSeedsMapTest.java
tools/base/common/src/test/java/com/android/tools/proguard/ProguardUsageMapTest.java
tools/base/common/src/test/java/com/android/utils/Base128StreamsTest.kt
tools/base/common/src/test/java/com/android/utils/BuildScriptUtilTest.kt
tools/base/common/src/test/java/com/android/utils/CharSequencesTest.java
tools/base/common/src/test/java/com/android/utils/CloseableUtilsKtTest.kt
tools/base/common/src/test/java/com/android/utils/CollectionsUtilsTest.kt
tools/base/common/src/test/java/com/android/utils/ComputerArchUtilsTest.kt
tools/base/common/src/test/java/com/android/utils/DateProviderTest.java
tools/base/common/src/test/java/com/android/utils/DomExtensionsTest.kt
tools/base/common/src/test/java/com/android/utils/FileUtilsTest.java
tools/base/common/src/test/java/com/android/utils/HelpfulEnumConverterTest.java
tools/base/common/src/test/java/com/android/utils/HtmlBuilderTest.java
tools/base/common/src/test/java/com/android/utils/JavaVersionUtilTest.kt
tools/base/common/src/test/java/com/android/utils/JvmWideVariableTest.java
tools/base/common/src/test/java/com/android/utils/OffsetTrackingDecodedXmlValueTest.java
tools/base/common/src/test/java/com/android/utils/PathUtilsTest.java
tools/base/common/src/test/java/com/android/utils/PositionXmlParserTest.java
tools/base/common/src/test/java/com/android/utils/RandomInstanceGenerator.kt
tools/base/common/src/test/java/com/android/utils/RetryTest.kt
tools/base/common/src/test/java/com/android/utils/SdkUtilsTest.java
tools/base/common/src/test/java/com/android/utils/StringHelperTest.kt
tools/base/common/src/test/java/com/android/utils/TokenizedCommandLineMapTest.kt
tools/base/common/src/test/java/com/android/utils/TokenizedCommandLinePOSIXTest.kt
tools/base/common/src/test/java/com/android/utils/TokenizedCommandLineTest.kt
tools/base/common/src/test/java/com/android/utils/TokenizedCommandLineWindowsTest.kt
tools/base/common/src/test/java/com/android/utils/XmlUtilsTest.java
tools/base/common/src/test/java/com/android/utils/cache/ChangeTrackerCachedValueTest.kt
tools/base/common/src/test/java/com/android/utils/concurrency/AsyncSupplierTest.kt
tools/base/common/src/test/java/com/android/utils/concurrency/EvictingExecutorTest.kt
tools/base/common/src/test/java/com/android/utils/concurrency/ReadWriteProcessLockTest.java
tools/base/common/src/test/java/com/android/utils/concurrency/ReadWriteThreadLockTest.java
tools/base/common/src/test/java/com/android/utils/cxx/CxxDiagnosticCodeTest.kt
tools/base/common/src/test/java/com/android/utils/cxx/collections/DoubleBufferTest.kt
tools/base/common/src/test/java/com/android/utils/cxx/io/LexicalFilenameUtilsTest.kt
tools/base/common/src/test/java/com/android/utils/cxx/io/ProgressReaderTest.kt
tools/base/common/src/test/java/com/android/utils/cxx/ninja/StreamNinjaBuildCommandsTest.kt
tools/base/common/src/test/java/com/android/utils/cxx/ninja/StreamNinjaBuildTokensTest.kt
tools/base/common/src/test/java/com/android/utils/cxx/ninja/StreamNinjaStatementsTest.kt
tools/base/common/src/test/java/com/android/utils/cxx/ninja/StreamUnescapedNinjaTest.kt
tools/base/common/src/test/java/com/android/utils/cxx/ninja/WriteCompileCommandsJsonBinTest.kt
tools/base/common/src/test/java/com/android/utils/cxx/process/NativeBuildOutputClassifierTest.kt
tools/base/common/src/test/java/com/android/utils/function/RunOnceTest.kt
tools/base/common/src/test/java/com/android/utils/reflection/ReflectionUtilsTest.kt
tools/base/common/src/test/java/com/android/utils/sleep/TestThreadSleeperTest.kt
tools/base/common/src/test/java/com/android/utils/text/TextUtilsTest.kt
tools/base/common/src/test/java/com/android/xml/AttrNameSplitterTest.kt
tools/base/common/src/test/java/com/android/xml/XmlBuilderTest.java
tools/base/common/src/testFixtures/java/com/android/prefs/AndroidLocationsSingletonRule.kt
tools/base/common/src/testFixtures/java/com/android/prefs/FakeAndroidLocationsProvider.kt
tools/base/ddmlib/src/integration/test/java/com/android/ddmlib/EmulatorConnectionTest.kt
tools/base/ddmlib/src/main/java/com/android/ddmlib/AdbCommandRejectedException.java
tools/base/ddmlib/src/main/java/com/android/ddmlib/AdbDelegateUsageTracker.java
tools/base/ddmlib/src/main/java/com/android/ddmlib/AdbDevice.java
tools/base/ddmlib/src/main/java/com/android/ddmlib/AdbHelper.java
tools/base/ddmlib/src/main/java/com/android/ddmlib/AdbInitOptions.java
tools/base/ddmlib/src/main/java/com/android/ddmlib/AdbVersion.java
tools/base/ddmlib/src/main/java/com/android/ddmlib/AllocationInfo.java
tools/base/ddmlib/src/main/java/com/android/ddmlib/AllocationsParser.java
tools/base/ddmlib/src/main/java/com/android/ddmlib/AndroidDebugBridge.java
tools/base/ddmlib/src/main/java/com/android/ddmlib/AndroidDebugBridgeBase.java
tools/base/ddmlib/src/main/java/com/android/ddmlib/AndroidDebugBridgeChangeEvents.java
tools/base/ddmlib/src/main/java/com/android/ddmlib/AndroidDebugBridgeDelegate.java
tools/base/ddmlib/src/main/java/com/android/ddmlib/AndroidDebugBridgeImpl.java
tools/base/ddmlib/src/main/java/com/android/ddmlib/AvdData.java
tools/base/ddmlib/src/main/java/com/android/ddmlib/BitmapDecoder.java
tools/base/ddmlib/src/main/java/com/android/ddmlib/ByteBufferUtil.java
tools/base/ddmlib/src/main/java/com/android/ddmlib/CanceledException.java
tools/base/ddmlib/src/main/java/com/android/ddmlib/Client.java
tools/base/ddmlib/src/main/java/com/android/ddmlib/ClientData.java
tools/base/ddmlib/src/main/java/com/android/ddmlib/ClientTracker.java
tools/base/ddmlib/src/main/java/com/android/ddmlib/CollectingOutputReceiver.java
tools/base/ddmlib/src/main/java/com/android/ddmlib/CommandFailedException.java
tools/base/ddmlib/src/main/java/com/android/ddmlib/DDMLibJdwpTracer.java
tools/base/ddmlib/src/main/java/com/android/ddmlib/DdmConstants.java
tools/base/ddmlib/src/main/java/com/android/ddmlib/DdmJdwpExtension.java
tools/base/ddmlib/src/main/java/com/android/ddmlib/DdmPreferences.java
tools/base/ddmlib/src/main/java/com/android/ddmlib/DebugViewDumpHandler.java
tools/base/ddmlib/src/main/java/com/android/ddmlib/DefaultJdwpTracerFactory.java
tools/base/ddmlib/src/main/java/com/android/ddmlib/DisabledJdwpTracer.java
tools/base/ddmlib/src/main/java/com/android/ddmlib/EmulatorConsole.java
tools/base/ddmlib/src/main/java/com/android/ddmlib/EmulatorConsoleImpl.java
tools/base/ddmlib/src/main/java/com/android/ddmlib/FileListingService.java
tools/base/ddmlib/src/main/java/com/android/ddmlib/HeapSegment.java
tools/base/ddmlib/src/main/java/com/android/ddmlib/IDevice.java
tools/base/ddmlib/src/main/java/com/android/ddmlib/IDeviceSharedImpl.java
tools/base/ddmlib/src/main/java/com/android/ddmlib/IDeviceUsageTracker.java
tools/base/ddmlib/src/main/java/com/android/ddmlib/IShellEnabledDevice.java
tools/base/ddmlib/src/main/java/com/android/ddmlib/IShellOutputReceiver.java
tools/base/ddmlib/src/main/java/com/android/ddmlib/IStackTraceInfo.java
tools/base/ddmlib/src/main/java/com/android/ddmlib/IUserDataMap.java
tools/base/ddmlib/src/main/java/com/android/ddmlib/InstallCreateReceiver.java
tools/base/ddmlib/src/main/java/com/android/ddmlib/InstallException.java
tools/base/ddmlib/src/main/java/com/android/ddmlib/InstallMetrics.java
tools/base/ddmlib/src/main/java/com/android/ddmlib/InstallReceiver.java
tools/base/ddmlib/src/main/java/com/android/ddmlib/IotInstallChecker.java
tools/base/ddmlib/src/main/java/com/android/ddmlib/JdwpHandshake.java
tools/base/ddmlib/src/main/java/com/android/ddmlib/JdwpProcessor.java
tools/base/ddmlib/src/main/java/com/android/ddmlib/JdwpProcessorFactory.java
tools/base/ddmlib/src/main/java/com/android/ddmlib/JdwpTracerFactory.java
tools/base/ddmlib/src/main/java/com/android/ddmlib/JdwpTraffic.java
tools/base/ddmlib/src/main/java/com/android/ddmlib/JdwpTrafficResponse.java
tools/base/ddmlib/src/main/java/com/android/ddmlib/Log.java
tools/base/ddmlib/src/main/java/com/android/ddmlib/MultiLineReceiver.java
tools/base/ddmlib/src/main/java/com/android/ddmlib/MultiReceiver.java
tools/base/ddmlib/src/main/java/com/android/ddmlib/NativeAllocationInfo.java
tools/base/ddmlib/src/main/java/com/android/ddmlib/NativeLibraryMapInfo.java
tools/base/ddmlib/src/main/java/com/android/ddmlib/NativeStackCallInfo.java
tools/base/ddmlib/src/main/java/com/android/ddmlib/NullOutputReceiver.java
tools/base/ddmlib/src/main/java/com/android/ddmlib/ProfileableClient.java
tools/base/ddmlib/src/main/java/com/android/ddmlib/ProfileableClientData.java
tools/base/ddmlib/src/main/java/com/android/ddmlib/PropertyFetcher.java
tools/base/ddmlib/src/main/java/com/android/ddmlib/RawImage.java
tools/base/ddmlib/src/main/java/com/android/ddmlib/RemoteSplitApkInstaller.java
tools/base/ddmlib/src/main/java/com/android/ddmlib/ScreenRecorderOptions.java
tools/base/ddmlib/src/main/java/com/android/ddmlib/ServiceInfo.java
tools/base/ddmlib/src/main/java/com/android/ddmlib/ServiceReceiver.java
tools/base/ddmlib/src/main/java/com/android/ddmlib/ShellCommandUnresponsiveException.java
tools/base/ddmlib/src/main/java/com/android/ddmlib/SimpleConnectedSocket.java
tools/base/ddmlib/src/main/java/com/android/ddmlib/SocketChannelWithTimeouts.java
tools/base/ddmlib/src/main/java/com/android/ddmlib/SplitApkInstaller.java
tools/base/ddmlib/src/main/java/com/android/ddmlib/SplitApkInstallerBase.java
tools/base/ddmlib/src/main/java/com/android/ddmlib/SyncException.java
tools/base/ddmlib/src/main/java/com/android/ddmlib/SyncService.java
tools/base/ddmlib/src/main/java/com/android/ddmlib/ThreadInfo.java
tools/base/ddmlib/src/main/java/com/android/ddmlib/Timeout.java
tools/base/ddmlib/src/main/java/com/android/ddmlib/TimeoutException.java
tools/base/ddmlib/src/main/java/com/android/ddmlib/TimeoutRemainder.java
tools/base/ddmlib/src/main/java/com/android/ddmlib/clientmanager/ClientManager.java
tools/base/ddmlib/src/main/java/com/android/ddmlib/clientmanager/DeviceClientManager.java
tools/base/ddmlib/src/main/java/com/android/ddmlib/clientmanager/DeviceClientManagerListener.java
tools/base/ddmlib/src/main/java/com/android/ddmlib/clientmanager/DeviceClientManagerUtils.java
tools/base/ddmlib/src/main/java/com/android/ddmlib/idevicemanager/IDeviceManager.java
tools/base/ddmlib/src/main/java/com/android/ddmlib/idevicemanager/IDeviceManagerFactory.java
tools/base/ddmlib/src/main/java/com/android/ddmlib/idevicemanager/IDeviceManagerListener.java
tools/base/ddmlib/src/main/java/com/android/ddmlib/internal/AdbSocketUtils.java
tools/base/ddmlib/src/main/java/com/android/ddmlib/internal/BatteryFetcher.java
tools/base/ddmlib/src/main/java/com/android/ddmlib/internal/ClientImpl.java
tools/base/ddmlib/src/main/java/com/android/ddmlib/internal/CommandService.java
tools/base/ddmlib/src/main/java/com/android/ddmlib/internal/DebugViewChunkHandler.java
tools/base/ddmlib/src/main/java/com/android/ddmlib/internal/Debugger.java
tools/base/ddmlib/src/main/java/com/android/ddmlib/internal/DefaultJdwpProcessor.java
tools/base/ddmlib/src/main/java/com/android/ddmlib/internal/DefaultJdwpProcessorFactory.java
tools/base/ddmlib/src/main/java/com/android/ddmlib/internal/DefaultJdwpTraffic.java
tools/base/ddmlib/src/main/java/com/android/ddmlib/internal/DefaultJdwpTrafficResponse.java
tools/base/ddmlib/src/main/java/com/android/ddmlib/internal/DeviceClientMonitorTask.java
tools/base/ddmlib/src/main/java/com/android/ddmlib/internal/DeviceImpl.java
tools/base/ddmlib/src/main/java/com/android/ddmlib/internal/DeviceListMonitorTask.java
tools/base/ddmlib/src/main/java/com/android/ddmlib/internal/DeviceMonitor.java
tools/base/ddmlib/src/main/java/com/android/ddmlib/internal/MonitorThread.java
tools/base/ddmlib/src/main/java/com/android/ddmlib/internal/ProcessorStream.java
tools/base/ddmlib/src/main/java/com/android/ddmlib/internal/ProfileableClientImpl.java
tools/base/ddmlib/src/main/java/com/android/ddmlib/internal/UserDataMapImpl.java
tools/base/ddmlib/src/main/java/com/android/ddmlib/internal/commands/CommandResult.java
tools/base/ddmlib/src/main/java/com/android/ddmlib/internal/commands/DisconnectCommand.java
tools/base/ddmlib/src/main/java/com/android/ddmlib/internal/commands/ICommand.java
tools/base/ddmlib/src/main/java/com/android/ddmlib/internal/jdwp/DdmCommandPacket.java
tools/base/ddmlib/src/main/java/com/android/ddmlib/internal/jdwp/JdwpClientManager.java
tools/base/ddmlib/src/main/java/com/android/ddmlib/internal/jdwp/JdwpClientManagerFactory.java
tools/base/ddmlib/src/main/java/com/android/ddmlib/internal/jdwp/JdwpClientManagerId.java
tools/base/ddmlib/src/main/java/com/android/ddmlib/internal/jdwp/JdwpConnectionReader.java
tools/base/ddmlib/src/main/java/com/android/ddmlib/internal/jdwp/JdwpLoggingUtils.java
tools/base/ddmlib/src/main/java/com/android/ddmlib/internal/jdwp/JdwpProxyClient.java
tools/base/ddmlib/src/main/java/com/android/ddmlib/internal/jdwp/JdwpProxyServer.java
tools/base/ddmlib/src/main/java/com/android/ddmlib/internal/jdwp/JdwpSocketHandler.java
tools/base/ddmlib/src/main/java/com/android/ddmlib/internal/jdwp/chunkhandler/BadPacketException.java
tools/base/ddmlib/src/main/java/com/android/ddmlib/internal/jdwp/chunkhandler/ChunkHandler.java
tools/base/ddmlib/src/main/java/com/android/ddmlib/internal/jdwp/chunkhandler/HandleARTT.java
tools/base/ddmlib/src/main/java/com/android/ddmlib/internal/jdwp/chunkhandler/HandleAppName.java
tools/base/ddmlib/src/main/java/com/android/ddmlib/internal/jdwp/chunkhandler/HandleExit.java
tools/base/ddmlib/src/main/java/com/android/ddmlib/internal/jdwp/chunkhandler/HandleHeap.java
tools/base/ddmlib/src/main/java/com/android/ddmlib/internal/jdwp/chunkhandler/HandleHello.java
tools/base/ddmlib/src/main/java/com/android/ddmlib/internal/jdwp/chunkhandler/HandleNativeHeap.java
tools/base/ddmlib/src/main/java/com/android/ddmlib/internal/jdwp/chunkhandler/HandleProfiling.java
tools/base/ddmlib/src/main/java/com/android/ddmlib/internal/jdwp/chunkhandler/HandleSTAG.java
tools/base/ddmlib/src/main/java/com/android/ddmlib/internal/jdwp/chunkhandler/HandleTest.java
tools/base/ddmlib/src/main/java/com/android/ddmlib/internal/jdwp/chunkhandler/HandleThread.java
tools/base/ddmlib/src/main/java/com/android/ddmlib/internal/jdwp/chunkhandler/HandleViewDebug.java
tools/base/ddmlib/src/main/java/com/android/ddmlib/internal/jdwp/chunkhandler/HandleWait.java
tools/base/ddmlib/src/main/java/com/android/ddmlib/internal/jdwp/chunkhandler/JdwpPacket.java
tools/base/ddmlib/src/main/java/com/android/ddmlib/internal/jdwp/interceptor/ClientInitializationInterceptor.java
tools/base/ddmlib/src/main/java/com/android/ddmlib/internal/jdwp/interceptor/DebuggerInterceptor.java
tools/base/ddmlib/src/main/java/com/android/ddmlib/internal/jdwp/interceptor/Interceptor.java
tools/base/ddmlib/src/main/java/com/android/ddmlib/internal/jdwp/interceptor/NoReplyPacketInterceptor.java
tools/base/ddmlib/src/main/java/com/android/ddmlib/jdwp/JdwpCommands.java
tools/base/ddmlib/src/main/java/com/android/ddmlib/jdwp/JdwpExtension.java
tools/base/ddmlib/src/main/java/com/android/ddmlib/jdwp/JdwpInterceptor.java
tools/base/ddmlib/src/main/java/com/android/ddmlib/jdwp/JdwpPayload.java
tools/base/ddmlib/src/main/java/com/android/ddmlib/jdwp/JdwpPipe.java
tools/base/ddmlib/src/main/java/com/android/ddmlib/jdwp/JdwpProtocol.java
tools/base/ddmlib/src/main/java/com/android/ddmlib/jdwp/packets/CapabilitiesNewReply.java
tools/base/ddmlib/src/main/java/com/android/ddmlib/jdwp/packets/IdSizesReply.java
tools/base/ddmlib/src/main/java/com/android/ddmlib/log/EventContainer.java
tools/base/ddmlib/src/main/java/com/android/ddmlib/log/EventLogParser.java
tools/base/ddmlib/src/main/java/com/android/ddmlib/log/EventValueDescription.java
tools/base/ddmlib/src/main/java/com/android/ddmlib/log/GcEventContainer.java
tools/base/ddmlib/src/main/java/com/android/ddmlib/log/InvalidTypeException.java
tools/base/ddmlib/src/main/java/com/android/ddmlib/log/InvalidValueTypeException.java
tools/base/ddmlib/src/main/java/com/android/ddmlib/log/LogReceiver.java
tools/base/ddmlib/src/main/java/com/android/ddmlib/logcat/LogCatFilter.java
tools/base/ddmlib/src/main/java/com/android/ddmlib/logcat/LogCatHeader.java
tools/base/ddmlib/src/main/java/com/android/ddmlib/logcat/LogCatHeaderParser.java
tools/base/ddmlib/src/main/java/com/android/ddmlib/logcat/LogCatListener.java
tools/base/ddmlib/src/main/java/com/android/ddmlib/logcat/LogCatMessage.java
tools/base/ddmlib/src/main/java/com/android/ddmlib/logcat/LogCatMessageParser.java
tools/base/ddmlib/src/main/java/com/android/ddmlib/logcat/LogCatReceiverTask.java
tools/base/ddmlib/src/main/java/com/android/ddmlib/logcat/LogCatTimestamp.java
tools/base/ddmlib/src/main/java/com/android/ddmlib/testrunner/AndroidTestOrchestratorRemoteAndroidTestRunner.java
tools/base/ddmlib/src/main/java/com/android/ddmlib/testrunner/IInstrumentationResultParser.java
tools/base/ddmlib/src/main/java/com/android/ddmlib/testrunner/IRemoteAndroidTestRunner.java
tools/base/ddmlib/src/main/java/com/android/ddmlib/testrunner/ITestRunListener.java
tools/base/ddmlib/src/main/java/com/android/ddmlib/testrunner/InstrumentationProtoResultParser.java
tools/base/ddmlib/src/main/java/com/android/ddmlib/testrunner/InstrumentationResultParser.java
tools/base/ddmlib/src/main/java/com/android/ddmlib/testrunner/RemoteAndroidTestRunner.java
tools/base/ddmlib/src/main/java/com/android/ddmlib/testrunner/TestIdentifier.java
tools/base/ddmlib/src/main/java/com/android/ddmlib/testrunner/TestResult.java
tools/base/ddmlib/src/main/java/com/android/ddmlib/testrunner/TestRunResult.java
tools/base/ddmlib/src/main/java/com/android/ddmlib/testrunner/XmlTestRunListener.java
tools/base/ddmlib/src/main/java/com/android/ddmlib/utils/ArrayHelper.java
tools/base/ddmlib/src/main/java/com/android/ddmlib/utils/FilePermissionUtil.java
tools/base/ddmlib/src/main/java/com/android/incfs/install/IBlockFilter.java
tools/base/ddmlib/src/main/java/com/android/incfs/install/IBlockTransformer.java
tools/base/ddmlib/src/main/java/com/android/incfs/install/IDeviceConnection.java
tools/base/ddmlib/src/main/java/com/android/incfs/install/ILogger.java
tools/base/ddmlib/src/main/java/com/android/incfs/install/IncrementalInstallSession.java
tools/base/ddmlib/src/main/java/com/android/incfs/install/IncrementalInstallSessionImpl.java
tools/base/ddmlib/src/main/java/com/android/incfs/install/PendingBlock.java
tools/base/ddmlib/src/main/java/com/android/incfs/install/ReadRequest.java
tools/base/ddmlib/src/main/java/com/android/incfs/install/StreamingApk.java
tools/base/ddmlib/src/main/java/com/android/incfs/install/adb/ddmlib/DeviceConnection.java
tools/base/ddmlib/src/main/java/com/android/incfs/install/adb/ddmlib/DeviceLogger.java
tools/base/ddmlib/src/test/java/com/android/ddmlib/AdbDeviceTest.java
tools/base/ddmlib/src/test/java/com/android/ddmlib/AdbHelperTest.java
tools/base/ddmlib/src/test/java/com/android/ddmlib/AdbVersionTest.java
tools/base/ddmlib/src/test/java/com/android/ddmlib/AndroidDebugBridgeChangeEventsTest.kt
tools/base/ddmlib/src/test/java/com/android/ddmlib/DeviceImplTest.kt
tools/base/ddmlib/src/test/java/com/android/ddmlib/DeviceMonitorTest.kt
tools/base/ddmlib/src/test/java/com/android/ddmlib/EmulatorConsoleImplTest.java
tools/base/ddmlib/src/test/java/com/android/ddmlib/EmulatorConsoleIntegrationTest.java
tools/base/ddmlib/src/test/java/com/android/ddmlib/FakeClientBuilder.java
tools/base/ddmlib/src/test/java/com/android/ddmlib/FileListingServiceTest.java
tools/base/ddmlib/src/test/java/com/android/ddmlib/InstallCreateReceiverTest.java
tools/base/ddmlib/src/test/java/com/android/ddmlib/InstallReceiverTest.java
tools/base/ddmlib/src/test/java/com/android/ddmlib/InstallerSanitizerTest.java
tools/base/ddmlib/src/test/java/com/android/ddmlib/IntegrationTest.java
tools/base/ddmlib/src/test/java/com/android/ddmlib/IotInstallCheckerTest.java
tools/base/ddmlib/src/test/java/com/android/ddmlib/JdwpPacketTest.java
tools/base/ddmlib/src/test/java/com/android/ddmlib/PropertyFetcherTest.java
tools/base/ddmlib/src/test/java/com/android/ddmlib/RemoteSplitApkInstallerTest.java
tools/base/ddmlib/src/test/java/com/android/ddmlib/SplitApkInstallerTest.java
tools/base/ddmlib/src/test/java/com/android/ddmlib/TimeoutRemainderTest.java
tools/base/ddmlib/src/test/java/com/android/ddmlib/allocations/AllocationsParserTest.java
tools/base/ddmlib/src/test/java/com/android/ddmlib/internal/BatteryFetcherTest.java
tools/base/ddmlib/src/test/java/com/android/ddmlib/internal/ClientLifecycleIntegrationTest.java
tools/base/ddmlib/src/test/java/com/android/ddmlib/internal/CommandServiceTest.java
tools/base/ddmlib/src/test/java/com/android/ddmlib/internal/DebuggerTest.java
tools/base/ddmlib/src/test/java/com/android/ddmlib/internal/DeviceTest.java
tools/base/ddmlib/src/test/java/com/android/ddmlib/internal/FakeAdbTestRule.java
tools/base/ddmlib/src/test/java/com/android/ddmlib/internal/ProcessorTest.java
tools/base/ddmlib/src/test/java/com/android/ddmlib/internal/SysFsBatteryLevelReceiverTest.java
tools/base/ddmlib/src/test/java/com/android/ddmlib/internal/TestableProcessor.java
tools/base/ddmlib/src/test/java/com/android/ddmlib/internal/jdwp/DdmCommandPacketTest.java
tools/base/ddmlib/src/test/java/com/android/ddmlib/internal/jdwp/JdwpClientManagerIdTest.java
tools/base/ddmlib/src/test/java/com/android/ddmlib/internal/jdwp/JdwpClientManagerTest.java
tools/base/ddmlib/src/test/java/com/android/ddmlib/internal/jdwp/JdwpConnectionReaderTest.java
tools/base/ddmlib/src/test/java/com/android/ddmlib/internal/jdwp/JdwpProxyClientTest.java
tools/base/ddmlib/src/test/java/com/android/ddmlib/internal/jdwp/JdwpProxyServerTest.java
tools/base/ddmlib/src/test/java/com/android/ddmlib/internal/jdwp/JdwpTest.java
tools/base/ddmlib/src/test/java/com/android/ddmlib/internal/jdwp/SimpleServer.java
tools/base/ddmlib/src/test/java/com/android/ddmlib/internal/jdwp/interceptor/ClientInitializationInterceptorTest.java
tools/base/ddmlib/src/test/java/com/android/ddmlib/internal/jdwp/interceptor/DebuggerInterceptorTest.java
tools/base/ddmlib/src/test/java/com/android/ddmlib/internal/jdwp/interceptor/NoReplyPacketInterceptorTest.java
tools/base/ddmlib/src/test/java/com/android/ddmlib/jdwp/JdwpCommandsTest.java
tools/base/ddmlib/src/test/java/com/android/ddmlib/logcat/LogCatFilterTest.java
tools/base/ddmlib/src/test/java/com/android/ddmlib/logcat/LogCatHeaderParserTest.kt
tools/base/ddmlib/src/test/java/com/android/ddmlib/logcat/LogCatMessageParserTest.java
tools/base/ddmlib/src/test/java/com/android/ddmlib/logcat/LogCatTimestampTest.java
tools/base/ddmlib/src/test/java/com/android/ddmlib/testing/FakeAdbRule.kt
tools/base/ddmlib/src/test/java/com/android/ddmlib/testrunner/InstrumentationProtoResultParserTest.java
tools/base/ddmlib/src/test/java/com/android/ddmlib/testrunner/InstrumentationResultParserTest.java
tools/base/ddmlib/src/test/java/com/android/ddmlib/testrunner/RemoteAndroidTestRunnerTest.java
tools/base/ddmlib/src/test/java/com/android/ddmlib/testrunner/TestRunResultTest.java
tools/base/ddmlib/src/test/java/com/android/ddmlib/testrunner/XmlTestRunListenerTest.java
tools/base/ddmlib/src/test/java/com/android/ddmlib/utils/FilePermissionUtilTest.java
tools/base/ddmlib/src/test/java/com/android/incfs/install/IncrementalInstallSessionTest.java
tools/base/debugger-tests/resources/src/Breakpoint.kt
tools/base/debugger-tests/resources/src/Main.kt
tools/base/debugger-tests/resources/src/Util.kt
tools/base/debugger-tests/resources/src/tests/Coroutine.kt
tools/base/debugger-tests/resources/src/tests/FunctionalInterfaceLambda.kt
tools/base/debugger-tests/resources/src/tests/Inline.kt
tools/base/debugger-tests/resources/src/tests/InlineLambda.kt
tools/base/debugger-tests/resources/src/tests/InlineSpilledVariables.kt
tools/base/debugger-tests/resources/src/tests/RunnableLambda.kt
tools/base/debugger-tests/resources/src/tests/SimpleLambda.kt
tools/base/debugger-tests/resources/src/tests/SpilledScopeVariable.kt
tools/base/debugger-tests/resources/src/tests/SuspendLambda.kt
tools/base/debugger-tests/resources/src/tests/multifile/File1.kt
tools/base/debugger-tests/resources/src/tests/multifile/File2.kt
tools/base/debugger-tests/resources/src/tests/multifile/MultiFileInline.kt
tools/base/debugger-tests/src/com/android/tools/debuggertests/AndroidEngine.kt
tools/base/debugger-tests/src/com/android/tools/debuggertests/ArtEngine.kt
tools/base/debugger-tests/src/com/android/tools/debuggertests/AttachingEngine.kt
tools/base/debugger-tests/src/com/android/tools/debuggertests/Debugger.kt
tools/base/debugger-tests/src/com/android/tools/debuggertests/DebuggerImpl.kt
tools/base/debugger-tests/src/com/android/tools/debuggertests/DebuggerWithResources.kt
tools/base/debugger-tests/src/com/android/tools/debuggertests/Engine.kt
tools/base/debugger-tests/src/com/android/tools/debuggertests/EngineType.kt
tools/base/debugger-tests/src/com/android/tools/debuggertests/EventChannel.kt
tools/base/debugger-tests/src/com/android/tools/debuggertests/InlineStackFrameFrameListener.kt
tools/base/debugger-tests/src/com/android/tools/debuggertests/LocalVariablesFrameListener.kt
tools/base/debugger-tests/src/com/android/tools/debuggertests/LocationUtils.kt
tools/base/debugger-tests/src/com/android/tools/debuggertests/Resources.kt
tools/base/debugger-tests/src/com/android/tools/debuggertests/SimpleEngine.kt
tools/base/debugger-tests/src/com/android/tools/debuggertests/UpdateGolden.kt
tools/base/debugger-tests/testSrc/com/android/tools/debuggertests/ArtEngineDebuggerTest.kt
tools/base/debugger-tests/testSrc/com/android/tools/debuggertests/DebuggerTestBase.kt
tools/base/debugger-tests/testSrc/com/android/tools/debuggertests/SimpleEngineDebuggerTest.kt
tools/base/debuggers/test/data/app/TestActivityKt.kt
tools/base/debuggers/test/tests/com/android/tools/debuggers/CoroutineDebuggerAgentOldLibraryTest.java
tools/base/debuggers/test/tests/com/android/tools/debuggers/CoroutineDebuggerAgentTest.java
tools/base/debuggers/test/tests/com/android/tools/debuggers/infra/AgentTestBase.java
tools/base/device_validator/app/src/com/android/validator/DeviceValidator.java
tools/base/device_validator/dvlib/src/main/java/com/android/dvlib/DeviceSchema.java
tools/base/environment-services/src/com/android/tools/environment/Logger.kt
tools/base/environment-services/src/com/android/tools/environment/log/NoopLogger.kt
tools/base/environment-services/src/com/android/tools/environment/log/StubLoggerProvider.kt
tools/base/firebase/testlab/testlab-gradle-plugin/src/main/java/com/android/tools/firebase/testlab/gradle/ExecutionImpl.kt
tools/base/firebase/testlab/testlab-gradle-plugin/src/main/java/com/android/tools/firebase/testlab/gradle/FixtureImpl.kt
tools/base/firebase/testlab/testlab-gradle-plugin/src/main/java/com/android/tools/firebase/testlab/gradle/ManagedDeviceFactory.kt
tools/base/firebase/testlab/testlab-gradle-plugin/src/main/java/com/android/tools/firebase/testlab/gradle/ManagedDeviceImpl.kt
tools/base/firebase/testlab/testlab-gradle-plugin/src/main/java/com/android/tools/firebase/testlab/gradle/ResultsImpl.kt
tools/base/firebase/testlab/testlab-gradle-plugin/src/main/java/com/android/tools/firebase/testlab/gradle/TestLabGradlePlugin.kt
tools/base/firebase/testlab/testlab-gradle-plugin/src/main/java/com/android/tools/firebase/testlab/gradle/TestLabGradlePluginExtensionImpl.kt
tools/base/firebase/testlab/testlab-gradle-plugin/src/main/java/com/android/tools/firebase/testlab/gradle/TestOptionsImpl.kt
tools/base/firebase/testlab/testlab-gradle-plugin/src/main/java/com/android/tools/firebase/testlab/gradle/UtpTestSuiteResultMerger.kt
tools/base/firebase/testlab/testlab-gradle-plugin/src/main/java/com/android/tools/firebase/testlab/gradle/device/DeviceSetupInput.kt
tools/base/firebase/testlab/testlab-gradle-plugin/src/main/java/com/android/tools/firebase/testlab/gradle/device/DeviceTestRunInput.kt
tools/base/firebase/testlab/testlab-gradle-plugin/src/main/java/com/android/tools/firebase/testlab/gradle/device/SetupConfigureAction.kt
tools/base/firebase/testlab/testlab-gradle-plugin/src/main/java/com/android/tools/firebase/testlab/gradle/device/SetupTaskAction.kt
tools/base/firebase/testlab/testlab-gradle-plugin/src/main/java/com/android/tools/firebase/testlab/gradle/device/TestRunConfigureAction.kt
tools/base/firebase/testlab/testlab-gradle-plugin/src/main/java/com/android/tools/firebase/testlab/gradle/device/TestRunTaskAction.kt
tools/base/firebase/testlab/testlab-gradle-plugin/src/main/java/com/android/tools/firebase/testlab/gradle/services/StorageManager.kt
tools/base/firebase/testlab/testlab-gradle-plugin/src/main/java/com/android/tools/firebase/testlab/gradle/services/TestLabBuildService.kt
tools/base/firebase/testlab/testlab-gradle-plugin/src/main/java/com/android/tools/firebase/testlab/gradle/services/TestResultProcessor.kt
tools/base/firebase/testlab/testlab-gradle-plugin/src/main/java/com/android/tools/firebase/testlab/gradle/services/TestingManager.kt
tools/base/firebase/testlab/testlab-gradle-plugin/src/main/java/com/android/tools/firebase/testlab/gradle/services/ToolResultsManager.kt
tools/base/firebase/testlab/testlab-gradle-plugin/src/main/java/com/android/tools/firebase/testlab/gradle/services/storage/FileHashCache.kt
tools/base/firebase/testlab/testlab-gradle-plugin/src/main/java/com/android/tools/firebase/testlab/gradle/services/storage/TestRunStorage.kt
tools/base/firebase/testlab/testlab-gradle-plugin/src/main/java/com/android/tools/firebase/testlab/gradle/services/testrunner/DeviceInfoFileManager.kt
tools/base/firebase/testlab/testlab-gradle-plugin/src/main/java/com/android/tools/firebase/testlab/gradle/services/testrunner/ProjectSettings.kt
tools/base/firebase/testlab/testlab-gradle-plugin/src/main/java/com/android/tools/firebase/testlab/gradle/services/testrunner/TestDeviceData.kt
tools/base/firebase/testlab/testlab-gradle-plugin/src/main/java/com/android/tools/firebase/testlab/gradle/services/testrunner/TestMatrixGenerator.kt
tools/base/firebase/testlab/testlab-gradle-plugin/src/main/java/com/android/tools/firebase/testlab/gradle/services/testrunner/TestMatrixRunProcessTracker.kt
tools/base/firebase/testlab/testlab-gradle-plugin/src/main/java/com/android/tools/firebase/testlab/gradle/services/testrunner/TestResultsXmlHandler.kt
tools/base/firebase/testlab/testlab-gradle-plugin/src/main/java/com/android/tools/firebase/testlab/gradle/services/testrunner/TestRunner.kt
tools/base/firebase/testlab/testlab-gradle-plugin/src/main/java/com/android/tools/firebase/testlab/gradle/tasks/ExtraDeviceFilesManager.kt
tools/base/firebase/testlab/testlab-gradle-plugin/src/main/java/com/android/tools/firebase/testlab/gradle/tasks/ExtraDeviceFilesUploadTask.kt
tools/base/firebase/testlab/testlab-gradle-plugin/src/main/java/com/android/tools/firebase/testlab/gradle/utils/MatrixDetailsUtils.kt
tools/base/firebase/testlab/testlab-gradle-plugin/src/main/java/com/google/firebase/testlab/gradle/Execution.kt
tools/base/firebase/testlab/testlab-gradle-plugin/src/main/java/com/google/firebase/testlab/gradle/Fixture.kt
tools/base/firebase/testlab/testlab-gradle-plugin/src/main/java/com/google/firebase/testlab/gradle/ManagedDevice.kt
tools/base/firebase/testlab/testlab-gradle-plugin/src/main/java/com/google/firebase/testlab/gradle/Results.kt
tools/base/firebase/testlab/testlab-gradle-plugin/src/main/java/com/google/firebase/testlab/gradle/TestLabGradlePluginExtension.kt
tools/base/firebase/testlab/testlab-gradle-plugin/src/main/java/com/google/firebase/testlab/gradle/TestOptions.kt
tools/base/firebase/testlab/testlab-gradle-plugin/src/test/java/com/android/tools/firebase/testlab/gradle/TestLabGradlePluginTest.kt
tools/base/firebase/testlab/testlab-gradle-plugin/src/test/java/com/android/tools/firebase/testlab/gradle/device/SetupConfigureActionTest.kt
tools/base/firebase/testlab/testlab-gradle-plugin/src/test/java/com/android/tools/firebase/testlab/gradle/device/SetupTaskActionTest.kt
tools/base/firebase/testlab/testlab-gradle-plugin/src/test/java/com/android/tools/firebase/testlab/gradle/device/TestRunConfigureActionTest.kt
tools/base/firebase/testlab/testlab-gradle-plugin/src/test/java/com/android/tools/firebase/testlab/gradle/device/TestRunTaskActionTest.kt
tools/base/firebase/testlab/testlab-gradle-plugin/src/test/java/com/android/tools/firebase/testlab/gradle/services/RegistrationActionTest.kt
tools/base/firebase/testlab/testlab-gradle-plugin/src/test/java/com/android/tools/firebase/testlab/gradle/services/StorageManagerTest.kt
tools/base/firebase/testlab/testlab-gradle-plugin/src/test/java/com/android/tools/firebase/testlab/gradle/services/TestLabBuildServiceTest.kt
tools/base/firebase/testlab/testlab-gradle-plugin/src/test/java/com/android/tools/firebase/testlab/gradle/services/TestResultProcessorTest.kt
tools/base/firebase/testlab/testlab-gradle-plugin/src/test/java/com/android/tools/firebase/testlab/gradle/services/TestingManagerTest.kt
tools/base/firebase/testlab/testlab-gradle-plugin/src/test/java/com/android/tools/firebase/testlab/gradle/services/ToolResultsManagerTest.kt
tools/base/firebase/testlab/testlab-gradle-plugin/src/test/java/com/android/tools/firebase/testlab/gradle/services/UtpTestSuiteResultMergerTest.kt
tools/base/firebase/testlab/testlab-gradle-plugin/src/test/java/com/android/tools/firebase/testlab/gradle/services/storage/FileHashCacheTest.kt
tools/base/firebase/testlab/testlab-gradle-plugin/src/test/java/com/android/tools/firebase/testlab/gradle/services/testrunner/DeviceInfoFileManagerTest.kt
tools/base/firebase/testlab/testlab-gradle-plugin/src/test/java/com/android/tools/firebase/testlab/gradle/services/testrunner/TestMatrixGeneratorTest.kt
tools/base/firebase/testlab/testlab-gradle-plugin/src/test/java/com/android/tools/firebase/testlab/gradle/services/testrunner/TestMatrixRunProcessTrackerTest.kt
tools/base/firebase/testlab/testlab-gradle-plugin/src/test/java/com/android/tools/firebase/testlab/gradle/services/testrunner/TestResultsXmlHandlerTest.kt
tools/base/firebase/testlab/testlab-gradle-plugin/src/test/java/com/android/tools/firebase/testlab/gradle/services/testrunner/TestRunnerTest.kt
tools/base/firebase/testlab/testlab-gradle-plugin/src/test/java/com/android/tools/firebase/testlab/gradle/tasks/ExtraDeviceFilesManagerTest.kt
tools/base/firebase/testlab/testlab-gradle-plugin/src/test/java/com/android/tools/firebase/testlab/gradle/tasks/ExtraDeviceFilesUploadTaskTest.kt
tools/base/gmaven/src/test/java/com/android/tools/test/GmavenZipTest.java
tools/base/jdwp-scache/src/com/android/jdwpscache/ClassesRepo.kt
tools/base/jdwp-scache/src/com/android/jdwpscache/IDGenerator.kt
tools/base/jdwp-scache/src/com/android/jdwpscache/JdwpTraffic.kt
tools/base/jdwp-scache/src/com/android/jdwpscache/SCache.kt
tools/base/jdwp-scache/src/com/android/jdwpscache/SCacheJava.kt
tools/base/jdwp-scache/src/com/android/jdwpscache/SCacheLogger.kt
tools/base/jdwp-scache/src/com/android/jdwpscache/SCacheResponse.kt
tools/base/jdwp-scache/src/com/android/jdwpscache/Speculator.kt
tools/base/jdwp-scache/src/com/android/jdwpscache/SuspendingSCache.kt
tools/base/jdwp-scache/src/com/android/jdwpscache/TriggerManager.kt
tools/base/jdwp-scache/src/com/android/jdwpscache/Utils.kt
tools/base/jdwp-scache/test/src/com/android/jdwpscache/SCacheTest.kt
tools/base/jdwp-scache/test/src/com/android/jdwpscache/SCacheTestLogger.kt
tools/base/jdwp-tracer/src/com/android/jdwptracer/Cmd.java
tools/base/jdwp-tracer/src/com/android/jdwptracer/CmdSet.java
tools/base/jdwp-tracer/src/com/android/jdwptracer/CmdSetArrayReference.java
tools/base/jdwp-tracer/src/com/android/jdwptracer/CmdSetArrayType.java
tools/base/jdwp-tracer/src/com/android/jdwptracer/CmdSetClassLoaderReference.java
tools/base/jdwp-tracer/src/com/android/jdwptracer/CmdSetClassObjectReference.java
tools/base/jdwp-tracer/src/com/android/jdwptracer/CmdSetClassType.java
tools/base/jdwp-tracer/src/com/android/jdwptracer/CmdSetDdm.java
tools/base/jdwp-tracer/src/com/android/jdwptracer/CmdSetEvent.java
tools/base/jdwp-tracer/src/com/android/jdwptracer/CmdSetEventRequest.java
tools/base/jdwp-tracer/src/com/android/jdwptracer/CmdSetField.java
tools/base/jdwp-tracer/src/com/android/jdwptracer/CmdSetInterfaceType.java
tools/base/jdwp-tracer/src/com/android/jdwptracer/CmdSetMethod.java
tools/base/jdwp-tracer/src/com/android/jdwptracer/CmdSetObjectReference.java
tools/base/jdwp-tracer/src/com/android/jdwptracer/CmdSetReferenceType.java
tools/base/jdwp-tracer/src/com/android/jdwptracer/CmdSetStackFrame.java
tools/base/jdwp-tracer/src/com/android/jdwptracer/CmdSetStringReference.java
tools/base/jdwp-tracer/src/com/android/jdwptracer/CmdSetThreadGroupReference.java
tools/base/jdwp-tracer/src/com/android/jdwptracer/CmdSetThreadReference.java
tools/base/jdwp-tracer/src/com/android/jdwptracer/CmdSetVM.java
tools/base/jdwp-tracer/src/com/android/jdwptracer/CmdSets.java
tools/base/jdwp-tracer/src/com/android/jdwptracer/Command.java
tools/base/jdwp-tracer/src/com/android/jdwptracer/DDMChunkHandler.java
tools/base/jdwp-tracer/src/com/android/jdwptracer/DDMChunkParser.java
tools/base/jdwp-tracer/src/com/android/jdwptracer/DdmJDWPTiming.java
tools/base/jdwp-tracer/src/com/android/jdwptracer/Direction.java
tools/base/jdwp-tracer/src/com/android/jdwptracer/Event.java
tools/base/jdwp-tracer/src/com/android/jdwptracer/JDWPTracer.java
tools/base/jdwp-tracer/src/com/android/jdwptracer/JsonLocation.java
tools/base/jdwp-tracer/src/com/android/jdwptracer/Log.java
tools/base/jdwp-tracer/src/com/android/jdwptracer/Message.java
tools/base/jdwp-tracer/src/com/android/jdwptracer/NamedEvent.java
tools/base/jdwp-tracer/src/com/android/jdwptracer/Packet.java
tools/base/jdwp-tracer/src/com/android/jdwptracer/PacketParser.java
tools/base/jdwp-tracer/src/com/android/jdwptracer/Reply.java
tools/base/jdwp-tracer/src/com/android/jdwptracer/Session.java
tools/base/jdwp-tracer/src/com/android/jdwptracer/SystraceOutput.java
tools/base/jdwp-tracer/src/com/android/jdwptracer/Transmission.java
tools/base/jdwp-tracer/test/src/com/android/jdwptracer/AssertableLog.java
tools/base/jdwp-tracer/test/src/com/android/jdwptracer/DDMSetTest.java
tools/base/jdwp-tracer/test/src/com/android/jdwptracer/JDWPTracerTest.java
tools/base/kexter/src/kexter/Dex.kt
tools/base/kexter/src/kexter/DexBytecode.kt
tools/base/kexter/src/kexter/DexClass.kt
tools/base/kexter/src/kexter/DexContainer.kt
tools/base/kexter/src/kexter/DexDebuggerHelper.kt
tools/base/kexter/src/kexter/DexEncodedMethod.kt
tools/base/kexter/src/kexter/DexField.kt
tools/base/kexter/src/kexter/DexMethod.kt
tools/base/kexter/src/kexter/DexMethodDebugInfo.kt
tools/base/kexter/src/kexter/Dumper.kt
tools/base/kexter/src/kexter/Instruction.kt
tools/base/kexter/src/kexter/LineTableEntry.kt
tools/base/kexter/src/kexter/Logger.kt
tools/base/kexter/src/kexter/core/ClassData.kt
tools/base/kexter/src/kexter/core/ClassDefs.kt
tools/base/kexter/src/kexter/core/DexBytecodeImpl.kt
tools/base/kexter/src/kexter/core/DexClassImpl.kt
tools/base/kexter/src/kexter/core/DexEncodedMethodImpl.kt
tools/base/kexter/src/kexter/core/DexHeader.kt
tools/base/kexter/src/kexter/core/DexImpl.kt
tools/base/kexter/src/kexter/core/DexMethodDebugInfo.kt
tools/base/kexter/src/kexter/core/DexMethodImpl.kt
tools/base/kexter/src/kexter/core/DexReader.kt
tools/base/kexter/src/kexter/core/MethodIds.kt
tools/base/kexter/src/kexter/core/ProtoIds.kt
tools/base/kexter/src/kexter/core/StringIds.kt
tools/base/kexter/src/kexter/core/TypeIds.kt
tools/base/kexter/test/resources/container/src/Bar.java
tools/base/kexter/test/resources/container/src/Foo.java
tools/base/kexter/test/resources/main/src/AddClass.kt
tools/base/kexter/test/resources/main/src/ByteCodeClass.kt
tools/base/kexter/test/resources/main/src/InvokeInstructions.kt
tools/base/kexter/test/resources/main/src/MethodIds.kt
tools/base/kexter/test/resources/main/src/ReturnClass.kt
tools/base/kexter/test/resources/main/src/SimpleGetterClass.kt
tools/base/kexter/test/resources/main/src/StaticInvocationClass.kt
tools/base/kexter/test/resources/main/src/com/pkg/ClassInPackage.kt
tools/base/kexter/test/resources/other/src/TestClassFromOtherDex.kt
tools/base/kexter/test/src/ByteCodeTest.kt
tools/base/kexter/test/src/ClassesTest.kt
tools/base/kexter/test/src/ContainerTest.kt
tools/base/kexter/test/src/DebuggerHelperTest.kt
tools/base/kexter/test/src/DexArchive.kt
tools/base/kexter/test/src/DexArchiveBase.kt
tools/base/kexter/test/src/InvokeInstructionsTest.kt
tools/base/kexter/test/src/MethodIdsTest.kt
tools/base/kexter/test/src/MethodInfo.kt
tools/base/kexter/test/src/MultiDexTest.kt
tools/base/kexter/test/src/MultipleDexVersionTestBase.kt
tools/base/kexter/test/src/OpcodeTest.kt
tools/base/kexter/tools/src/ApkDumper.kt
tools/base/manifest-parser/src/main/java/com/android/tools/manifest/parser/BinaryXmlParser.java
tools/base/manifest-parser/src/main/java/com/android/tools/manifest/parser/ManifestInfo.java
tools/base/manifest-parser/src/main/java/com/android/tools/manifest/parser/XmlNode.java
tools/base/manifest-parser/src/main/java/com/android/tools/manifest/parser/components/IntentFilter.java
tools/base/manifest-parser/src/main/java/com/android/tools/manifest/parser/components/ManifestActivityInfo.java
tools/base/manifest-parser/src/main/java/com/android/tools/manifest/parser/components/ManifestAppComponentInfo.java
tools/base/manifest-parser/src/main/java/com/android/tools/manifest/parser/components/ManifestReceiverInfo.java
tools/base/manifest-parser/src/main/java/com/android/tools/manifest/parser/components/ManifestServiceInfo.java
tools/base/manifest-parser/src/test/java/com/android/tools/manifest/parser/ManifestInfoParserTest.java
tools/base/misc/annotations/src/android/annotation/SuppressLint.java
tools/base/misc/annotations/src/android/annotation/TargetApi.java
tools/base/misc/api-generator/src/main/java/com/android/apigenerator/AndroidJarReader.java
tools/base/misc/api-generator/src/main/java/com/android/apigenerator/Api.java
tools/base/misc/api-generator/src/main/java/com/android/apigenerator/ApiClass.java
tools/base/misc/api-generator/src/main/java/com/android/apigenerator/ApiElement.java
tools/base/misc/api-generator/src/main/java/com/android/apigenerator/Main.java
tools/base/misc/attribute_stats/src/main/java/Analyzer.java
tools/base/misc/screenshot2/src/main/java/com/android/screenshot/Screenshot.java
tools/base/mlkit-common/src/main/java/com/android/tools/mlkit/DataInputOutputUtils.java
tools/base/mlkit-common/src/main/java/com/android/tools/mlkit/MetadataExtractor.java
tools/base/mlkit-common/src/main/java/com/android/tools/mlkit/MlConstants.java
tools/base/mlkit-common/src/main/java/com/android/tools/mlkit/MlNames.java
tools/base/mlkit-common/src/main/java/com/android/tools/mlkit/ModelInfo.java
tools/base/mlkit-common/src/main/java/com/android/tools/mlkit/ModelVerifier.java
tools/base/mlkit-common/src/main/java/com/android/tools/mlkit/TensorGroupInfo.java
tools/base/mlkit-common/src/main/java/com/android/tools/mlkit/TensorInfo.java
tools/base/mlkit-common/src/main/java/com/android/tools/mlkit/TfliteModelException.java
tools/base/mlkit-common/src/test/java/com/android/tools/mlkit/MlNamesTest.java
tools/base/mlkit-common/src/test/java/com/android/tools/mlkit/ModelInfoTest.java
tools/base/mlkit-common/src/test/java/com/android/tools/mlkit/ModelVerifierTest.java
tools/base/perf-logger/src/main/java/com/android/tools/perflogger/Analyzer.java
tools/base/perf-logger/src/main/java/com/android/tools/perflogger/Benchmark.java
tools/base/perf-logger/src/main/java/com/android/tools/perflogger/EDivisiveAnalyzer.kt
tools/base/perf-logger/src/main/java/com/android/tools/perflogger/Metric.java
tools/base/perf-logger/src/main/java/com/android/tools/perflogger/PerfData.java
tools/base/perf-logger/src/main/java/com/android/tools/perflogger/UTestAnalyzer.kt
tools/base/perf-logger/src/main/java/com/android/tools/perflogger/WindowDeviationAnalyzer.java
tools/base/perf-logger/src/test/java/com/android/tools/perflogger/MetricTest.java
tools/base/perf-logger/src/test/java/com/android/tools/perflogger/PerfDataTest.java
tools/base/perflib/src/main/java/com/android/tools/perflib/analyzer/AnalysisReport.java
tools/base/perflib/src/main/java/com/android/tools/perflib/analyzer/AnalysisResultEntry.java
tools/base/perflib/src/main/java/com/android/tools/perflib/analyzer/Analyzer.java
tools/base/perflib/src/main/java/com/android/tools/perflib/analyzer/AnalyzerTask.java
tools/base/perflib/src/main/java/com/android/tools/perflib/analyzer/Capture.java
tools/base/perflib/src/main/java/com/android/tools/perflib/analyzer/CaptureAnalyzer.java
tools/base/perflib/src/main/java/com/android/tools/perflib/analyzer/CaptureGroup.java
tools/base/perflib/src/main/java/com/android/tools/perflib/analyzer/Offender.java
tools/base/perflib/src/main/java/com/android/tools/perflib/captures/DataBuffer.java
tools/base/perflib/src/main/java/com/android/tools/perflib/captures/MemoryMappedFileBuffer.java
tools/base/perflib/src/main/java/com/android/tools/perflib/heap/ArrayInstance.kt
tools/base/perflib/src/main/java/com/android/tools/perflib/heap/ClassInstance.kt
tools/base/perflib/src/main/java/com/android/tools/perflib/heap/ClassObj.kt
tools/base/perflib/src/main/java/com/android/tools/perflib/heap/Field.java
tools/base/perflib/src/main/java/com/android/tools/perflib/heap/Heap.java
tools/base/perflib/src/main/java/com/android/tools/perflib/heap/HprofParser.java
tools/base/perflib/src/main/java/com/android/tools/perflib/heap/Instance.kt
tools/base/perflib/src/main/java/com/android/tools/perflib/heap/InstanceList.kt
tools/base/perflib/src/main/java/com/android/tools/perflib/heap/Main.java
tools/base/perflib/src/main/java/com/android/tools/perflib/heap/NonRecursiveVisitor.java
tools/base/perflib/src/main/java/com/android/tools/perflib/heap/Queries.java
tools/base/perflib/src/main/java/com/android/tools/perflib/heap/RootObj.kt
tools/base/perflib/src/main/java/com/android/tools/perflib/heap/RootType.java
tools/base/perflib/src/main/java/com/android/tools/perflib/heap/Snapshot.kt
tools/base/perflib/src/main/java/com/android/tools/perflib/heap/StackFrame.java
tools/base/perflib/src/main/java/com/android/tools/perflib/heap/StackTrace.java
tools/base/perflib/src/main/java/com/android/tools/perflib/heap/ThreadObj.java
tools/base/perflib/src/main/java/com/android/tools/perflib/heap/Type.java
tools/base/perflib/src/main/java/com/android/tools/perflib/heap/Visitor.java
tools/base/perflib/src/main/java/com/android/tools/perflib/heap/analysis/ComputationProgress.java
tools/base/perflib/src/main/java/com/android/tools/perflib/heap/analysis/LinkEvalDominators.kt
tools/base/perflib/src/main/java/com/android/tools/perflib/heap/analysis/ShortestDistanceVisitor.java
tools/base/perflib/src/main/java/com/android/tools/perflib/heap/ext/NativeRegistryPostProcessor.java
tools/base/perflib/src/main/java/com/android/tools/perflib/heap/ext/SnapshotPostProcessor.java
tools/base/perflib/src/main/java/com/android/tools/perflib/heap/hprof/Hprof.java
tools/base/perflib/src/main/java/com/android/tools/perflib/heap/hprof/HprofAllocSite.java
tools/base/perflib/src/main/java/com/android/tools/perflib/heap/hprof/HprofAllocSites.java
tools/base/perflib/src/main/java/com/android/tools/perflib/heap/hprof/HprofClassDump.java
tools/base/perflib/src/main/java/com/android/tools/perflib/heap/hprof/HprofConstant.java
tools/base/perflib/src/main/java/com/android/tools/perflib/heap/hprof/HprofControlSettings.java
tools/base/perflib/src/main/java/com/android/tools/perflib/heap/hprof/HprofCpuSample.java
tools/base/perflib/src/main/java/com/android/tools/perflib/heap/hprof/HprofCpuSamples.java
tools/base/perflib/src/main/java/com/android/tools/perflib/heap/hprof/HprofDumpRecord.java
tools/base/perflib/src/main/java/com/android/tools/perflib/heap/hprof/HprofEndThread.java
tools/base/perflib/src/main/java/com/android/tools/perflib/heap/hprof/HprofHeapDump.java
tools/base/perflib/src/main/java/com/android/tools/perflib/heap/hprof/HprofHeapDumpEnd.java
tools/base/perflib/src/main/java/com/android/tools/perflib/heap/hprof/HprofHeapDumpInfo.java
tools/base/perflib/src/main/java/com/android/tools/perflib/heap/hprof/HprofHeapDumpSegment.java
tools/base/perflib/src/main/java/com/android/tools/perflib/heap/hprof/HprofHeapSummary.java
tools/base/perflib/src/main/java/com/android/tools/perflib/heap/hprof/HprofInstanceDump.java
tools/base/perflib/src/main/java/com/android/tools/perflib/heap/hprof/HprofInstanceField.java
tools/base/perflib/src/main/java/com/android/tools/perflib/heap/hprof/HprofLoadClass.java
tools/base/perflib/src/main/java/com/android/tools/perflib/heap/hprof/HprofObjectArrayDump.java
tools/base/perflib/src/main/java/com/android/tools/perflib/heap/hprof/HprofOutputStream.java
tools/base/perflib/src/main/java/com/android/tools/perflib/heap/hprof/HprofPrimitiveArrayDump.java
tools/base/perflib/src/main/java/com/android/tools/perflib/heap/hprof/HprofRecord.java
tools/base/perflib/src/main/java/com/android/tools/perflib/heap/hprof/HprofRootDebugger.java
tools/base/perflib/src/main/java/com/android/tools/perflib/heap/hprof/HprofRootInternedString.java
tools/base/perflib/src/main/java/com/android/tools/perflib/heap/hprof/HprofRootJavaFrame.java
tools/base/perflib/src/main/java/com/android/tools/perflib/heap/hprof/HprofRootJniGlobal.java
tools/base/perflib/src/main/java/com/android/tools/perflib/heap/hprof/HprofRootJniLocal.java
tools/base/perflib/src/main/java/com/android/tools/perflib/heap/hprof/HprofRootJniMonitor.java
tools/base/perflib/src/main/java/com/android/tools/perflib/heap/hprof/HprofRootMonitorUsed.java
tools/base/perflib/src/main/java/com/android/tools/perflib/heap/hprof/HprofRootNativeStack.java
tools/base/perflib/src/main/java/com/android/tools/perflib/heap/hprof/HprofRootStickyClass.java
tools/base/perflib/src/main/java/com/android/tools/perflib/heap/hprof/HprofRootThreadBlock.java
tools/base/perflib/src/main/java/com/android/tools/perflib/heap/hprof/HprofRootThreadObject.java
tools/base/perflib/src/main/java/com/android/tools/perflib/heap/hprof/HprofRootUnknown.java
tools/base/perflib/src/main/java/com/android/tools/perflib/heap/hprof/HprofRootVmInternal.java
tools/base/perflib/src/main/java/com/android/tools/perflib/heap/hprof/HprofStackFrame.java
tools/base/perflib/src/main/java/com/android/tools/perflib/heap/hprof/HprofStackTrace.java
tools/base/perflib/src/main/java/com/android/tools/perflib/heap/hprof/HprofStartThread.java
tools/base/perflib/src/main/java/com/android/tools/perflib/heap/hprof/HprofStaticField.java
tools/base/perflib/src/main/java/com/android/tools/perflib/heap/hprof/HprofString.java
tools/base/perflib/src/main/java/com/android/tools/perflib/heap/hprof/HprofStringBuilder.java
tools/base/perflib/src/main/java/com/android/tools/perflib/heap/hprof/HprofType.java
tools/base/perflib/src/main/java/com/android/tools/perflib/heap/hprof/HprofUnloadClass.java
tools/base/perflib/src/main/java/com/android/tools/perflib/heap/io/InMemoryBuffer.java
tools/base/perflib/src/main/java/com/android/tools/perflib/heap/memoryanalyzer/DefaultReport.java
tools/base/perflib/src/main/java/com/android/tools/perflib/heap/memoryanalyzer/DuplicatedBitmapAnalyzerTask.java
tools/base/perflib/src/main/java/com/android/tools/perflib/heap/memoryanalyzer/DuplicatedBitmapReport.java
tools/base/perflib/src/main/java/com/android/tools/perflib/heap/memoryanalyzer/DuplicatedStringsAnalyzerTask.java
tools/base/perflib/src/main/java/com/android/tools/perflib/heap/memoryanalyzer/DuplicatedStringsReport.java
tools/base/perflib/src/main/java/com/android/tools/perflib/heap/memoryanalyzer/HeapReports.java
tools/base/perflib/src/main/java/com/android/tools/perflib/heap/memoryanalyzer/HprofBitmapProvider.java
tools/base/perflib/src/main/java/com/android/tools/perflib/heap/memoryanalyzer/HtmlPrinter.java
tools/base/perflib/src/main/java/com/android/tools/perflib/heap/memoryanalyzer/MemoryAnalysisResultEntry.java
tools/base/perflib/src/main/java/com/android/tools/perflib/heap/memoryanalyzer/MemoryAnalyzer.java
tools/base/perflib/src/main/java/com/android/tools/perflib/heap/memoryanalyzer/MemoryAnalyzerTask.java
tools/base/perflib/src/main/java/com/android/tools/perflib/heap/memoryanalyzer/Printer.java
tools/base/perflib/src/main/java/com/android/tools/perflib/heap/memoryanalyzer/Report.java
tools/base/perflib/src/main/java/com/android/tools/perflib/heap/memoryanalyzer/TaskRunner.java
tools/base/perflib/src/main/java/com/android/tools/perflib/heap/memoryanalyzer/TopMemoryOffendersAnalyzerTask.java
tools/base/perflib/src/main/java/com/android/tools/perflib/heap/memoryanalyzer/TopMemoryOffendersReport.java
tools/base/perflib/src/main/java/com/android/tools/perflib/vmtrace/Call.java
tools/base/perflib/src/main/java/com/android/tools/perflib/vmtrace/CallStackReconstructor.java
tools/base/perflib/src/main/java/com/android/tools/perflib/vmtrace/ClockType.java
tools/base/perflib/src/main/java/com/android/tools/perflib/vmtrace/MethodInfo.java
tools/base/perflib/src/main/java/com/android/tools/perflib/vmtrace/MethodProfileData.java
tools/base/perflib/src/main/java/com/android/tools/perflib/vmtrace/SearchResult.java
tools/base/perflib/src/main/java/com/android/tools/perflib/vmtrace/ThreadInfo.java
tools/base/perflib/src/main/java/com/android/tools/perflib/vmtrace/TimeSelector.java
tools/base/perflib/src/main/java/com/android/tools/perflib/vmtrace/TraceAction.java
tools/base/perflib/src/main/java/com/android/tools/perflib/vmtrace/VmClockType.java
tools/base/perflib/src/main/java/com/android/tools/perflib/vmtrace/VmTraceData.java
tools/base/perflib/src/main/java/com/android/tools/perflib/vmtrace/VmTraceHandler.java
tools/base/perflib/src/main/java/com/android/tools/perflib/vmtrace/VmTraceParser.java
tools/base/perflib/src/main/java/com/android/tools/perflib/vmtrace/viz/RenderContext.java
tools/base/perflib/src/main/java/com/android/tools/perflib/vmtrace/viz/TimeScaleRenderer.java
tools/base/perflib/src/main/java/com/android/tools/perflib/vmtrace/viz/TimeUtils.java
tools/base/perflib/src/main/java/com/android/tools/perflib/vmtrace/viz/ZoomPanInteractor.java
tools/base/perflib/src/test/TraceViewTestApp/src/main/java/com/test/android/traceview/Basic.java
tools/base/perflib/src/test/TraceViewTestApp/src/main/java/com/test/android/traceview/Exceptions.java
tools/base/perflib/src/test/TraceViewTestApp/src/main/java/com/test/android/traceview/MainActivity.java
tools/base/perflib/src/test/TraceViewTestApp/src/main/java/com/test/android/traceview/MisMatched.java
tools/base/perflib/src/test/TraceViewTestApp/src/main/java/com/test/android/traceview/Tests.java
tools/base/perflib/src/test/java/com/android/tools/perflib/heap/ArrayInstanceTest.java
tools/base/perflib/src/test/java/com/android/tools/perflib/heap/ClassObjTest.java
tools/base/perflib/src/test/java/com/android/tools/perflib/heap/HprofParserTest.java
tools/base/perflib/src/test/java/com/android/tools/perflib/heap/InstanceListTest.kt
tools/base/perflib/src/test/java/com/android/tools/perflib/heap/QueriesTest.java
tools/base/perflib/src/test/java/com/android/tools/perflib/heap/SnapshotBuilder.java
tools/base/perflib/src/test/java/com/android/tools/perflib/heap/StacksTest.java
tools/base/perflib/src/test/java/com/android/tools/perflib/heap/analysis/DominatorsTest.java
tools/base/perflib/src/test/java/com/android/tools/perflib/heap/analysis/LinkEvalDominatorsTest.kt
tools/base/perflib/src/test/java/com/android/tools/perflib/heap/analysis/VisitorsTest.java
tools/base/perflib/src/test/java/com/android/tools/perflib/heap/ext/NativeRegistryPostProcessorTest.kt
tools/base/perflib/src/test/java/com/android/tools/perflib/heap/io/MemoryMappedFileBufferTest.java
tools/base/perflib/src/test/java/com/android/tools/perflib/heap/memoryanalyzer/BasicAnalyzerTask.java
tools/base/perflib/src/test/java/com/android/tools/perflib/heap/memoryanalyzer/DefaultReportTest.java
tools/base/perflib/src/test/java/com/android/tools/perflib/heap/memoryanalyzer/DuplicatedBitmapAnalyzerTaskTest.java
tools/base/perflib/src/test/java/com/android/tools/perflib/heap/memoryanalyzer/DuplicatedBitmapReportTest.java
tools/base/perflib/src/test/java/com/android/tools/perflib/heap/memoryanalyzer/DuplicatedStringsReportTest.java
tools/base/perflib/src/test/java/com/android/tools/perflib/heap/memoryanalyzer/HeapReportsTest.java
tools/base/perflib/src/test/java/com/android/tools/perflib/heap/memoryanalyzer/HprofBitmapProviderTest.java
tools/base/perflib/src/test/java/com/android/tools/perflib/heap/memoryanalyzer/HtmlPrinterTest.java
tools/base/perflib/src/test/java/com/android/tools/perflib/heap/memoryanalyzer/TaskRunnerTest.java
tools/base/perflib/src/test/java/com/android/tools/perflib/heap/memoryanalyzer/TopMemoryOffendersAnalyzerTaskTest.java
tools/base/perflib/src/test/java/com/android/tools/perflib/heap/memoryanalyzer/TopMemoryOffendersReportTest.java
tools/base/perflib/src/test/java/com/android/tools/perflib/vmtrace/CallStackReconstructorTest.java
tools/base/perflib/src/test/java/com/android/tools/perflib/vmtrace/VmTraceParserTest.java
tools/base/perflib/src/test/java/com/android/tools/perflib/vmtrace/viz/ZoomPanInteractorTest.java
tools/base/pixelprobe/src/main/generated/com/android/tools/pixelprobe/decoder/psd/PsdFile_BlendRange__ChunkIO.java
tools/base/pixelprobe/src/main/generated/com/android/tools/pixelprobe/decoder/psd/PsdFile_ChannelImageData__ChunkIO.java
tools/base/pixelprobe/src/main/generated/com/android/tools/pixelprobe/decoder/psd/PsdFile_ChannelInformation__ChunkIO.java
tools/base/pixelprobe/src/main/generated/com/android/tools/pixelprobe/decoder/psd/PsdFile_ChannelsContainer__ChunkIO.java
tools/base/pixelprobe/src/main/generated/com/android/tools/pixelprobe/decoder/psd/PsdFile_ColorData__ChunkIO.java
tools/base/pixelprobe/src/main/generated/com/android/tools/pixelprobe/decoder/psd/PsdFile_ColorProfileBlock__ChunkIO.java
tools/base/pixelprobe/src/main/generated/com/android/tools/pixelprobe/decoder/psd/PsdFile_DescriptorItem_ClassType__ChunkIO.java
tools/base/pixelprobe/src/main/generated/com/android/tools/pixelprobe/decoder/psd/PsdFile_DescriptorItem_Enumerated__ChunkIO.java
tools/base/pixelprobe/src/main/generated/com/android/tools/pixelprobe/decoder/psd/PsdFile_DescriptorItem_Property__ChunkIO.java
tools/base/pixelprobe/src/main/generated/com/android/tools/pixelprobe/decoder/psd/PsdFile_DescriptorItem_Reference_Item__ChunkIO.java
tools/base/pixelprobe/src/main/generated/com/android/tools/pixelprobe/decoder/psd/PsdFile_DescriptorItem_Reference__ChunkIO.java
tools/base/pixelprobe/src/main/generated/com/android/tools/pixelprobe/decoder/psd/PsdFile_DescriptorItem_UnitDouble__ChunkIO.java
tools/base/pixelprobe/src/main/generated/com/android/tools/pixelprobe/decoder/psd/PsdFile_DescriptorItem_UnitFloat__ChunkIO.java
tools/base/pixelprobe/src/main/generated/com/android/tools/pixelprobe/decoder/psd/PsdFile_DescriptorItem_ValueList__ChunkIO.java
tools/base/pixelprobe/src/main/generated/com/android/tools/pixelprobe/decoder/psd/PsdFile_DescriptorItem_Value__ChunkIO.java
tools/base/pixelprobe/src/main/generated/com/android/tools/pixelprobe/decoder/psd/PsdFile_DescriptorItem__ChunkIO.java
tools/base/pixelprobe/src/main/generated/com/android/tools/pixelprobe/decoder/psd/PsdFile_Descriptor__ChunkIO.java
tools/base/pixelprobe/src/main/generated/com/android/tools/pixelprobe/decoder/psd/PsdFile_FixedByteArray__ChunkIO.java
tools/base/pixelprobe/src/main/generated/com/android/tools/pixelprobe/decoder/psd/PsdFile_FixedString__ChunkIO.java
tools/base/pixelprobe/src/main/generated/com/android/tools/pixelprobe/decoder/psd/PsdFile_GuideBlock__ChunkIO.java
tools/base/pixelprobe/src/main/generated/com/android/tools/pixelprobe/decoder/psd/PsdFile_GuidesResourceBlock__ChunkIO.java
tools/base/pixelprobe/src/main/generated/com/android/tools/pixelprobe/decoder/psd/PsdFile_Header__ChunkIO.java
tools/base/pixelprobe/src/main/generated/com/android/tools/pixelprobe/decoder/psd/PsdFile_ImageData__ChunkIO.java
tools/base/pixelprobe/src/main/generated/com/android/tools/pixelprobe/decoder/psd/PsdFile_ImageResourceBlock__ChunkIO.java
tools/base/pixelprobe/src/main/generated/com/android/tools/pixelprobe/decoder/psd/PsdFile_ImageResources__ChunkIO.java
tools/base/pixelprobe/src/main/generated/com/android/tools/pixelprobe/decoder/psd/PsdFile_LayerEffects__ChunkIO.java
tools/base/pixelprobe/src/main/generated/com/android/tools/pixelprobe/decoder/psd/PsdFile_LayerExtras__ChunkIO.java
tools/base/pixelprobe/src/main/generated/com/android/tools/pixelprobe/decoder/psd/PsdFile_LayerProperty__ChunkIO.java
tools/base/pixelprobe/src/main/generated/com/android/tools/pixelprobe/decoder/psd/PsdFile_LayerSection__ChunkIO.java
tools/base/pixelprobe/src/main/generated/com/android/tools/pixelprobe/decoder/psd/PsdFile_LayersInformation__ChunkIO.java
tools/base/pixelprobe/src/main/generated/com/android/tools/pixelprobe/decoder/psd/PsdFile_LayersList__ChunkIO.java
tools/base/pixelprobe/src/main/generated/com/android/tools/pixelprobe/decoder/psd/PsdFile_MaskAdjustment__ChunkIO.java
tools/base/pixelprobe/src/main/generated/com/android/tools/pixelprobe/decoder/psd/PsdFile_MinimumString__ChunkIO.java
tools/base/pixelprobe/src/main/generated/com/android/tools/pixelprobe/decoder/psd/PsdFile_PathRecord_BezierKnot__ChunkIO.java
tools/base/pixelprobe/src/main/generated/com/android/tools/pixelprobe/decoder/psd/PsdFile_PathRecord_SubPath__ChunkIO.java
tools/base/pixelprobe/src/main/generated/com/android/tools/pixelprobe/decoder/psd/PsdFile_PathRecord__ChunkIO.java
tools/base/pixelprobe/src/main/generated/com/android/tools/pixelprobe/decoder/psd/PsdFile_RawLayer__ChunkIO.java
tools/base/pixelprobe/src/main/generated/com/android/tools/pixelprobe/decoder/psd/PsdFile_ResolutionInfoBlock__ChunkIO.java
tools/base/pixelprobe/src/main/generated/com/android/tools/pixelprobe/decoder/psd/PsdFile_ShapeGraphics__ChunkIO.java
tools/base/pixelprobe/src/main/generated/com/android/tools/pixelprobe/decoder/psd/PsdFile_ShapeMask__ChunkIO.java
tools/base/pixelprobe/src/main/generated/com/android/tools/pixelprobe/decoder/psd/PsdFile_ShapeStroke__ChunkIO.java
tools/base/pixelprobe/src/main/generated/com/android/tools/pixelprobe/decoder/psd/PsdFile_SolidColorAdjustment__ChunkIO.java
tools/base/pixelprobe/src/main/generated/com/android/tools/pixelprobe/decoder/psd/PsdFile_ThumbnailResourceBlock__ChunkIO.java
tools/base/pixelprobe/src/main/generated/com/android/tools/pixelprobe/decoder/psd/PsdFile_TypeToolObject__ChunkIO.java
tools/base/pixelprobe/src/main/generated/com/android/tools/pixelprobe/decoder/psd/PsdFile_UnicodeString__ChunkIO.java
tools/base/pixelprobe/src/main/generated/com/android/tools/pixelprobe/decoder/psd/PsdFile_UnsignedShortBlock__ChunkIO.java
tools/base/pixelprobe/src/main/generated/com/android/tools/pixelprobe/decoder/psd/PsdFile__ChunkIO.java
tools/base/pixelprobe/src/main/java/com/android/tools/pixelprobe/BlendMode.java
tools/base/pixelprobe/src/main/java/com/android/tools/pixelprobe/ColorMode.java
tools/base/pixelprobe/src/main/java/com/android/tools/pixelprobe/Effects.java
tools/base/pixelprobe/src/main/java/com/android/tools/pixelprobe/Guide.java
tools/base/pixelprobe/src/main/java/com/android/tools/pixelprobe/Image.java
tools/base/pixelprobe/src/main/java/com/android/tools/pixelprobe/Layer.java
tools/base/pixelprobe/src/main/java/com/android/tools/pixelprobe/PixelProbe.java
tools/base/pixelprobe/src/main/java/com/android/tools/pixelprobe/ShapeInfo.java
tools/base/pixelprobe/src/main/java/com/android/tools/pixelprobe/TextInfo.java
tools/base/pixelprobe/src/main/java/com/android/tools/pixelprobe/color/CieLabColorSpace.java
tools/base/pixelprobe/src/main/java/com/android/tools/pixelprobe/color/Colors.java
tools/base/pixelprobe/src/main/java/com/android/tools/pixelprobe/color/CsIndexColorModel.java
tools/base/pixelprobe/src/main/java/com/android/tools/pixelprobe/decoder/Decoder.java
tools/base/pixelprobe/src/main/java/com/android/tools/pixelprobe/decoder/Decoders.java
tools/base/pixelprobe/src/main/java/com/android/tools/pixelprobe/decoder/JpegDecoder.java
tools/base/pixelprobe/src/main/java/com/android/tools/pixelprobe/decoder/PngDecoder.java
tools/base/pixelprobe/src/main/java/com/android/tools/pixelprobe/decoder/psd/PsdDecoder.java
tools/base/pixelprobe/src/main/java/com/android/tools/pixelprobe/decoder/psd/PsdFile.java
tools/base/pixelprobe/src/main/java/com/android/tools/pixelprobe/decoder/psd/PsdImage.java
tools/base/pixelprobe/src/main/java/com/android/tools/pixelprobe/decoder/psd/PsdUtils.java
tools/base/pixelprobe/src/main/java/com/android/tools/pixelprobe/decoder/psd/TextEngine.java
tools/base/pixelprobe/src/main/java/com/android/tools/pixelprobe/effect/Shadow.java
tools/base/pixelprobe/src/main/java/com/android/tools/pixelprobe/util/Bytes.java
tools/base/pixelprobe/src/main/java/com/android/tools/pixelprobe/util/Images.java
tools/base/pixelprobe/src/main/java/com/android/tools/pixelprobe/util/Lists.java
tools/base/pixelprobe/src/main/java/com/android/tools/pixelprobe/util/Strings.java
tools/base/pixelprobe/src/test/java/com/android/tools/pixelprobe/tests/OptionsTest.java
tools/base/pixelprobe/src/test/java/com/android/tools/pixelprobe/tests/PixelProbeTestUtils.java
tools/base/pixelprobe/src/test/java/com/android/tools/pixelprobe/tests/bitmap/JpgFormatTest.java
tools/base/pixelprobe/src/test/java/com/android/tools/pixelprobe/tests/bitmap/PngFormatTest.java
tools/base/pixelprobe/src/test/java/com/android/tools/pixelprobe/tests/psd/ChannelsTest.java
tools/base/pixelprobe/src/test/java/com/android/tools/pixelprobe/tests/psd/ColorModeTest.java
tools/base/pixelprobe/src/test/java/com/android/tools/pixelprobe/tests/psd/ColorProfileTest.java
tools/base/pixelprobe/src/test/java/com/android/tools/pixelprobe/tests/psd/DepthTest.java
tools/base/pixelprobe/src/test/java/com/android/tools/pixelprobe/tests/psd/EffectTest.java
tools/base/pixelprobe/src/test/java/com/android/tools/pixelprobe/tests/psd/ImageTest.java
tools/base/pixelprobe/src/test/java/com/android/tools/pixelprobe/tests/psd/LayerTest.java
tools/base/pixelprobe/src/test/java/com/android/tools/pixelprobe/tests/psd/ShapeTest.java
tools/base/pixelprobe/src/test/java/com/android/tools/pixelprobe/tests/psd/TextTest.java
tools/base/pixelprobe/src/test/tools/ExtractRasterLayers.java
tools/base/process-monitor/src/main/com/android/processmonitor/agenttracker/AgentProcessTracker.kt
tools/base/process-monitor/src/main/com/android/processmonitor/agenttracker/AgentProcessTrackerConfig.kt
tools/base/process-monitor/src/main/com/android/processmonitor/agenttracker/AgentSourcePaths.kt
tools/base/process-monitor/src/main/com/android/processmonitor/common/DeviceEvent.kt
tools/base/process-monitor/src/main/com/android/processmonitor/common/DeviceTracker.kt
tools/base/process-monitor/src/main/com/android/processmonitor/common/ProcessEvent.kt
tools/base/process-monitor/src/main/com/android/processmonitor/common/ProcessTracker.kt
tools/base/process-monitor/src/main/com/android/processmonitor/monitor/BaseProcessTrackerFactory.kt
tools/base/process-monitor/src/main/com/android/processmonitor/monitor/MergedProcessTracker.kt
tools/base/process-monitor/src/main/com/android/processmonitor/monitor/PerDeviceMonitor.kt
tools/base/process-monitor/src/main/com/android/processmonitor/monitor/ProcessNameMonitor.kt
tools/base/process-monitor/src/main/com/android/processmonitor/monitor/ProcessNameMonitorImpl.kt
tools/base/process-monitor/src/main/com/android/processmonitor/monitor/ProcessNames.kt
tools/base/process-monitor/src/main/com/android/processmonitor/monitor/ProcessTrackerFactory.kt
tools/base/process-monitor/src/main/com/android/processmonitor/monitor/SafeProcessTracker.kt
tools/base/process-monitor/src/main/com/android/processmonitor/monitor/SharedProcessTracker.kt
tools/base/process-monitor/src/main/com/android/processmonitor/monitor/adblib/DeviceTrackerAdblib.kt
tools/base/process-monitor/src/main/com/android/processmonitor/monitor/adblib/JdwpProcessTracker.kt
tools/base/process-monitor/src/main/com/android/processmonitor/monitor/adblib/ProcessTrackerFactoryAdblib.kt
tools/base/process-monitor/src/main/com/android/processmonitor/monitor/ddmlib/AdbAdapter.kt
tools/base/process-monitor/src/main/com/android/processmonitor/monitor/ddmlib/AdbAdapterImpl.kt
tools/base/process-monitor/src/main/com/android/processmonitor/monitor/ddmlib/ClientMonitorEvent.kt
tools/base/process-monitor/src/main/com/android/processmonitor/monitor/ddmlib/ClientMonitorListener.kt
tools/base/process-monitor/src/main/com/android/processmonitor/monitor/ddmlib/ClientProcessTracker.kt
tools/base/process-monitor/src/main/com/android/processmonitor/monitor/ddmlib/DeviceTrackerDdmlib.kt
tools/base/process-monitor/src/main/com/android/processmonitor/monitor/ddmlib/DevicesMonitorListener.kt
tools/base/process-monitor/src/main/com/android/processmonitor/monitor/ddmlib/ProcessTrackerFactoryDdmlib.kt
tools/base/process-monitor/src/main/com/android/processmonitor/monitor/testing/FakeProcessNameMonitor.kt
tools/base/process-monitor/src/main/com/android/processmonitor/monitor/testing/FakeProcessTracker.kt
tools/base/process-monitor/src/main/com/android/processmonitor/utils/RetainingMap.kt
tools/base/process-monitor/src/test/com/android/processmonitor/agenttracker/AgentProcessTrackerTest.kt
tools/base/process-monitor/src/test/com/android/processmonitor/agenttracker/MakeAgentDirCommandHandler.kt
tools/base/process-monitor/src/test/com/android/processmonitor/agenttracker/ProcessTrackerAgentCommandHandler.kt
tools/base/process-monitor/src/test/com/android/processmonitor/common/ProcessEventTest.kt
tools/base/process-monitor/src/test/com/android/processmonitor/monitor/BaseProcessTrackerFactoryTest.kt
tools/base/process-monitor/src/test/com/android/processmonitor/monitor/FakeProcessTrackerFactory.kt
tools/base/process-monitor/src/test/com/android/processmonitor/monitor/PerDeviceMonitorTest.kt
tools/base/process-monitor/src/test/com/android/processmonitor/monitor/ProcessNameMonitorImplTest.kt
tools/base/process-monitor/src/test/com/android/processmonitor/monitor/SafeProcessTrackerTest.kt
tools/base/process-monitor/src/test/com/android/processmonitor/monitor/adblib/DeviceTrackerAdblibTest.kt
tools/base/process-monitor/src/test/com/android/processmonitor/monitor/adblib/JdwpProcessTrackerTest.kt
tools/base/process-monitor/src/test/com/android/processmonitor/monitor/adblib/ProcessTrackerFactoryAdblibTest.kt
tools/base/process-monitor/src/test/com/android/processmonitor/monitor/ddmlib/ClientMonitorListenerTest.kt
tools/base/process-monitor/src/test/com/android/processmonitor/monitor/ddmlib/ClientProcessTrackerTest.kt
tools/base/process-monitor/src/test/com/android/processmonitor/monitor/ddmlib/DeviceMocks.kt
tools/base/process-monitor/src/test/com/android/processmonitor/monitor/ddmlib/DeviceTrackerDdmlibTest.kt
tools/base/process-monitor/src/test/com/android/processmonitor/monitor/ddmlib/DevicesMonitorListenerTest.kt
tools/base/process-monitor/src/test/com/android/processmonitor/monitor/ddmlib/FakeAdbAdapter.kt
tools/base/process-monitor/src/test/com/android/processmonitor/monitor/ddmlib/FakeDeviceTracker.kt
tools/base/process-monitor/src/test/com/android/processmonitor/monitor/ddmlib/ProcessInfo.kt
tools/base/process-monitor/src/test/com/android/processmonitor/monitor/ddmlib/ProcessTrackerFactoryDdmlibTest.kt
tools/base/process-monitor/src/test/com/android/processmonitor/testutils/FlowChannel.kt
tools/base/process-monitor/src/test/com/android/processmonitor/utils/RetainingMapTest.kt
tools/base/resource-repository/main/java/com/android/resources/aar/AarProtoResourceRepository.java
tools/base/resource-repository/main/java/com/android/resources/aar/AarResourceRepository.java
tools/base/resource-repository/main/java/com/android/resources/aar/AarSourceResourceRepository.java
tools/base/resource-repository/main/java/com/android/resources/aar/AbstractAarResourceRepository.java
tools/base/resource-repository/main/java/com/android/resources/aar/CachingData.kt
tools/base/resource-repository/main/java/com/android/resources/aar/FrameworkResJarCreator.java
tools/base/resource-repository/main/java/com/android/resources/aar/FrameworkResourceRepository.java
tools/base/resource-repository/main/java/com/android/resources/aar/ProtoConfigurationDecoder.java
tools/base/resource-repository/main/java/com/android/resources/aar/ProtoStyledStringDecoder.java
tools/base/resource-repository/main/java/com/android/resources/base/BasicArrayResourceItem.java
tools/base/resource-repository/main/java/com/android/resources/base/BasicAttrReference.java
tools/base/resource-repository/main/java/com/android/resources/base/BasicAttrResourceItem.java
tools/base/resource-repository/main/java/com/android/resources/base/BasicDensityBasedFileResourceItem.java
tools/base/resource-repository/main/java/com/android/resources/base/BasicFileResourceItem.java
tools/base/resource-repository/main/java/com/android/resources/base/BasicForeignAttrResourceItem.java
tools/base/resource-repository/main/java/com/android/resources/base/BasicPluralsResourceItem.java
tools/base/resource-repository/main/java/com/android/resources/base/BasicResourceItem.java
tools/base/resource-repository/main/java/com/android/resources/base/BasicResourceItemBase.java
tools/base/resource-repository/main/java/com/android/resources/base/BasicStyleResourceItem.java
tools/base/resource-repository/main/java/com/android/resources/base/BasicStyleableResourceItem.java
tools/base/resource-repository/main/java/com/android/resources/base/BasicTextValueResourceItem.java
tools/base/resource-repository/main/java/com/android/resources/base/BasicValueResourceItem.java
tools/base/resource-repository/main/java/com/android/resources/base/BasicValueResourceItemBase.java
tools/base/resource-repository/main/java/com/android/resources/base/CommentTrackingXmlPullParser.java
tools/base/resource-repository/main/java/com/android/resources/base/FileFilter.java
tools/base/resource-repository/main/java/com/android/resources/base/LoadableResourceRepository.java
tools/base/resource-repository/main/java/com/android/resources/base/NamespaceResolver.java
tools/base/resource-repository/main/java/com/android/resources/base/RepositoryConfiguration.kt
tools/base/resource-repository/main/java/com/android/resources/base/RepositoryLoader.java
tools/base/resource-repository/main/java/com/android/resources/base/ResourceSerializationUtil.java
tools/base/resource-repository/main/java/com/android/resources/base/ResourceSourceFile.kt
tools/base/resource-repository/main/java/com/android/resources/base/ResourceSourceFileImpl.kt
tools/base/resource-repository/main/java/com/android/resources/base/ResourceUrlParser.java
tools/base/resource-repository/main/java/com/android/resources/base/ValueResourceXmlParser.java
tools/base/resource-repository/test/java/com/android/resources/AarTestUtils.kt
tools/base/resource-repository/test/java/com/android/resources/ResourceAsserts.java
tools/base/resource-repository/test/java/com/android/resources/aar/AarProtoResourceRepositoryTest.java
tools/base/resource-repository/test/java/com/android/resources/aar/AarSourceResourceRepositoryTest.java
tools/base/resource-repository/test/java/com/android/resources/aar/CommentTrackingXmlPullParserTest.java
tools/base/resource-repository/test/java/com/android/resources/aar/FrameworkResJarTest.java
tools/base/resource-repository/test/java/com/android/resources/aar/FrameworkResourceRepositoryTest.java
tools/base/resource-repository/test/java/com/android/resources/aar/ProtoStyledStringDecoderTest.java
tools/base/sdk-common/generate-locale-data/src/main/java/com/android/ide/common/generate/locale/LocaleTableGenerator.java
tools/base/sdk-common/gradle/src/main/java/com/android/ide/common/gradle/Component.kt
tools/base/sdk-common/gradle/src/main/java/com/android/ide/common/gradle/Dependency.kt
tools/base/sdk-common/gradle/src/main/java/com/android/ide/common/gradle/Module.kt
tools/base/sdk-common/gradle/src/main/java/com/android/ide/common/gradle/RichVersion.kt
tools/base/sdk-common/gradle/src/main/java/com/android/ide/common/gradle/Version.kt
tools/base/sdk-common/gradle/src/main/java/com/android/ide/common/gradle/VersionRange.kt
tools/base/sdk-common/gradle/src/test/java/com/android/ide/common/gradle/ComponentTest.kt
tools/base/sdk-common/gradle/src/test/java/com/android/ide/common/gradle/DependencyTest.kt
tools/base/sdk-common/gradle/src/test/java/com/android/ide/common/gradle/ModuleTest.kt
tools/base/sdk-common/gradle/src/test/java/com/android/ide/common/gradle/RichVersionTest.kt
tools/base/sdk-common/gradle/src/test/java/com/android/ide/common/gradle/VersionRangeTest.kt
tools/base/sdk-common/gradle/src/test/java/com/android/ide/common/gradle/VersionTest.kt
tools/base/sdk-common/src/main/java/com/android/ide/common/blame/MergingLog.java
tools/base/sdk-common/src/main/java/com/android/ide/common/blame/MergingLogPersistUtil.java
tools/base/sdk-common/src/main/java/com/android/ide/common/blame/MergingLogRewriter.java
tools/base/sdk-common/src/main/java/com/android/ide/common/blame/MessageJsonSerializer.java
tools/base/sdk-common/src/main/java/com/android/ide/common/blame/MessageReceiver.java
tools/base/sdk-common/src/main/java/com/android/ide/common/blame/SourceFileJsonTypeAdapter.java
tools/base/sdk-common/src/main/java/com/android/ide/common/blame/SourceFilePositionJsonSerializer.java
tools/base/sdk-common/src/main/java/com/android/ide/common/blame/SourcePositionJsonTypeAdapter.java
tools/base/sdk-common/src/main/java/com/android/ide/common/blame/parser/ParsingFailedException.java
tools/base/sdk-common/src/main/java/com/android/ide/common/blame/parser/PatternAwareOutputParser.java
tools/base/sdk-common/src/main/java/com/android/ide/common/blame/parser/ToolOutputParser.java
tools/base/sdk-common/src/main/java/com/android/ide/common/blame/parser/aapt/Aapt2ErrorNoPathParser.java
tools/base/sdk-common/src/main/java/com/android/ide/common/blame/parser/aapt/Aapt2ErrorParser.kt
tools/base/sdk-common/src/main/java/com/android/ide/common/blame/parser/aapt/Aapt2OutputParser.java
tools/base/sdk-common/src/main/java/com/android/ide/common/blame/parser/aapt/AaptOutputParser.java
tools/base/sdk-common/src/main/java/com/android/ide/common/blame/parser/aapt/AbstractAaptOutputParser.java
tools/base/sdk-common/src/main/java/com/android/ide/common/blame/parser/aapt/BadXmlBlockParser.java
tools/base/sdk-common/src/main/java/com/android/ide/common/blame/parser/aapt/Error1Parser.java
tools/base/sdk-common/src/main/java/com/android/ide/common/blame/parser/aapt/Error2Parser.java
tools/base/sdk-common/src/main/java/com/android/ide/common/blame/parser/aapt/Error3Parser.java
tools/base/sdk-common/src/main/java/com/android/ide/common/blame/parser/aapt/Error4Parser.java
tools/base/sdk-common/src/main/java/com/android/ide/common/blame/parser/aapt/Error5Parser.java
tools/base/sdk-common/src/main/java/com/android/ide/common/blame/parser/aapt/Error6Parser.java
tools/base/sdk-common/src/main/java/com/android/ide/common/blame/parser/aapt/Error7Parser.java
tools/base/sdk-common/src/main/java/com/android/ide/common/blame/parser/aapt/Error8Parser.java
tools/base/sdk-common/src/main/java/com/android/ide/common/blame/parser/aapt/ReadOnlyDocument.java
tools/base/sdk-common/src/main/java/com/android/ide/common/blame/parser/aapt/SkippingHiddenFileParser.java
tools/base/sdk-common/src/main/java/com/android/ide/common/blame/parser/aapt/SkippingWarning1Parser.java
tools/base/sdk-common/src/main/java/com/android/ide/common/blame/parser/aapt/SkippingWarning2Parser.java
tools/base/sdk-common/src/main/java/com/android/ide/common/blame/parser/aapt/Warning1Parser.java
tools/base/sdk-common/src/main/java/com/android/ide/common/blame/parser/util/OutputLineReader.java
tools/base/sdk-common/src/main/java/com/android/ide/common/blame/parser/util/ParserUtil.java
tools/base/sdk-common/src/main/java/com/android/ide/common/build/BaselineProfileDetails.kt
tools/base/sdk-common/src/main/java/com/android/ide/common/build/CommonBuiltArtifact.kt
tools/base/sdk-common/src/main/java/com/android/ide/common/build/CommonBuiltArtifacts.kt
tools/base/sdk-common/src/main/java/com/android/ide/common/build/GenericArtifactType.kt
tools/base/sdk-common/src/main/java/com/android/ide/common/build/GenericBuiltArtifact.kt
tools/base/sdk-common/src/main/java/com/android/ide/common/build/GenericBuiltArtifactTypeAdapter.kt
tools/base/sdk-common/src/main/java/com/android/ide/common/build/GenericBuiltArtifacts.kt
tools/base/sdk-common/src/main/java/com/android/ide/common/build/GenericBuiltArtifactsLoader.kt
tools/base/sdk-common/src/main/java/com/android/ide/common/build/GenericBuiltArtifactsSplitOutputMatcher.kt
tools/base/sdk-common/src/main/java/com/android/ide/common/build/GenericBuiltArtifactsTypeAdapter.kt
tools/base/sdk-common/src/main/java/com/android/ide/common/build/GenericFilterConfiguration.kt
tools/base/sdk-common/src/main/java/com/android/ide/common/build/ListingFileRedirect.kt
tools/base/sdk-common/src/main/java/com/android/ide/common/caching/CreatingCache.java
tools/base/sdk-common/src/main/java/com/android/ide/common/fonts/DirectoryHandler.kt
tools/base/sdk-common/src/main/java/com/android/ide/common/fonts/FontDetail.kt
tools/base/sdk-common/src/main/java/com/android/ide/common/fonts/FontFamily.kt
tools/base/sdk-common/src/main/java/com/android/ide/common/fonts/FontLoader.kt
tools/base/sdk-common/src/main/java/com/android/ide/common/fonts/FontProvider.kt
tools/base/sdk-common/src/main/java/com/android/ide/common/fonts/FontSource.kt
tools/base/sdk-common/src/main/java/com/android/ide/common/fonts/FontsFolderProvider.kt
tools/base/sdk-common/src/main/java/com/android/ide/common/fonts/MutableFontDetail.kt
tools/base/sdk-common/src/main/java/com/android/ide/common/fonts/ParseResult.kt
tools/base/sdk-common/src/main/java/com/android/ide/common/fonts/ProviderHandler.kt
tools/base/sdk-common/src/main/java/com/android/ide/common/fonts/QueryParser.kt
tools/base/sdk-common/src/main/java/com/android/ide/common/fonts/QueryResolver.java
tools/base/sdk-common/src/main/java/com/android/ide/common/fonts/QueryResolverLegacy.java
tools/base/sdk-common/src/main/java/com/android/ide/common/fonts/SdkFonts.kt
tools/base/sdk-common/src/main/java/com/android/ide/common/fonts/SdkFontsFolderProvider.kt
tools/base/sdk-common/src/main/java/com/android/ide/common/internal/ResourceCompilationException.java
tools/base/sdk-common/src/main/java/com/android/ide/common/internal/ResourceProcessor.java
tools/base/sdk-common/src/main/java/com/android/ide/common/internal/WaitableExecutor.java
tools/base/sdk-common/src/main/java/com/android/ide/common/pagealign/PageAlignUtils.kt
tools/base/sdk-common/src/main/java/com/android/ide/common/process/BaseProcessOutputHandler.java
tools/base/sdk-common/src/main/java/com/android/ide/common/process/BuildCommandException.java
tools/base/sdk-common/src/main/java/com/android/ide/common/process/CachedProcessOutputHandler.java
tools/base/sdk-common/src/main/java/com/android/ide/common/process/DefaultProcessExecutor.java
tools/base/sdk-common/src/main/java/com/android/ide/common/process/JavaProcessExecutor.java
tools/base/sdk-common/src/main/java/com/android/ide/common/process/JavaProcessInfo.java
tools/base/sdk-common/src/main/java/com/android/ide/common/process/LoggedProcessOutputHandler.java
tools/base/sdk-common/src/main/java/com/android/ide/common/process/ProcessEnvBuilder.java
tools/base/sdk-common/src/main/java/com/android/ide/common/process/ProcessException.java
tools/base/sdk-common/src/main/java/com/android/ide/common/process/ProcessExecutor.java
tools/base/sdk-common/src/main/java/com/android/ide/common/process/ProcessInfo.java
tools/base/sdk-common/src/main/java/com/android/ide/common/process/ProcessInfoBuilder.java
tools/base/sdk-common/src/main/java/com/android/ide/common/process/ProcessOutput.java
tools/base/sdk-common/src/main/java/com/android/ide/common/process/ProcessOutputHandler.java
tools/base/sdk-common/src/main/java/com/android/ide/common/process/ProcessResult.java
tools/base/sdk-common/src/main/java/com/android/ide/common/process/ProcessResultImpl.java
tools/base/sdk-common/src/main/java/com/android/ide/common/process/TeeProcessOutputHandler.java
tools/base/sdk-common/src/main/java/com/android/ide/common/rendering/HardwareConfigHelper.java
tools/base/sdk-common/src/main/java/com/android/ide/common/resources/AbstractResourceRepository.java
tools/base/sdk-common/src/main/java/com/android/ide/common/resources/AndroidAaptIgnore.kt
tools/base/sdk-common/src/main/java/com/android/ide/common/resources/AndroidManifestPackageNameUtils.java
tools/base/sdk-common/src/main/java/com/android/ide/common/resources/AssetFile.java
tools/base/sdk-common/src/main/java/com/android/ide/common/resources/AssetItem.java
tools/base/sdk-common/src/main/java/com/android/ide/common/resources/AssetMerger.java
tools/base/sdk-common/src/main/java/com/android/ide/common/resources/AssetSet.java
tools/base/sdk-common/src/main/java/com/android/ide/common/resources/CompileResourceRequest.kt
tools/base/sdk-common/src/main/java/com/android/ide/common/resources/CopyToOutputDirectoryResourceCompilationService.kt
tools/base/sdk-common/src/main/java/com/android/ide/common/resources/DataBindingResourceType.java
tools/base/sdk-common/src/main/java/com/android/ide/common/resources/DataFile.java
tools/base/sdk-common/src/main/java/com/android/ide/common/resources/DataItem.java
tools/base/sdk-common/src/main/java/com/android/ide/common/resources/DataMap.java
tools/base/sdk-common/src/main/java/com/android/ide/common/resources/DataMerger.java
tools/base/sdk-common/src/main/java/com/android/ide/common/resources/DataSet.java
tools/base/sdk-common/src/main/java/com/android/ide/common/resources/DuplicateDataException.java
tools/base/sdk-common/src/main/java/com/android/ide/common/resources/FileResourceNameValidator.java
tools/base/sdk-common/src/main/java/com/android/ide/common/resources/FileStatus.java
tools/base/sdk-common/src/main/java/com/android/ide/common/resources/FileValidity.java
tools/base/sdk-common/src/main/java/com/android/ide/common/resources/GeneratedResourceMergerItem.java
tools/base/sdk-common/src/main/java/com/android/ide/common/resources/GeneratedResourceSet.java
tools/base/sdk-common/src/main/java/com/android/ide/common/resources/IdGeneratingResourceParser.java
tools/base/sdk-common/src/main/java/com/android/ide/common/resources/KnownNamespacesMap.kt
tools/base/sdk-common/src/main/java/com/android/ide/common/resources/Locale.java
tools/base/sdk-common/src/main/java/com/android/ide/common/resources/LocaleConfigGenerator.kt
tools/base/sdk-common/src/main/java/com/android/ide/common/resources/LocaleManager.java
tools/base/sdk-common/src/main/java/com/android/ide/common/resources/MergeConsumer.java
tools/base/sdk-common/src/main/java/com/android/ide/common/resources/MergeWriter.java
tools/base/sdk-common/src/main/java/com/android/ide/common/resources/MergedAssetWriter.java
tools/base/sdk-common/src/main/java/com/android/ide/common/resources/MergedResourceMergerItem.java
tools/base/sdk-common/src/main/java/com/android/ide/common/resources/MergedResourceWriter.java
tools/base/sdk-common/src/main/java/com/android/ide/common/resources/MergedResourceWriterRequest.kt
tools/base/sdk-common/src/main/java/com/android/ide/common/resources/MergingException.java
tools/base/sdk-common/src/main/java/com/android/ide/common/resources/NoOpResourcePreprocessor.java
tools/base/sdk-common/src/main/java/com/android/ide/common/resources/NodeUtils.java
tools/base/sdk-common/src/main/java/com/android/ide/common/resources/PatternBasedFileFilter.kt
tools/base/sdk-common/src/main/java/com/android/ide/common/resources/ProtoXmlPullParser.java
tools/base/sdk-common/src/main/java/com/android/ide/common/resources/RelativeResourceUtils.kt
tools/base/sdk-common/src/main/java/com/android/ide/common/resources/ResourceCompilationService.kt
tools/base/sdk-common/src/main/java/com/android/ide/common/resources/ResourceFile.java
tools/base/sdk-common/src/main/java/com/android/ide/common/resources/ResourceItem.java
tools/base/sdk-common/src/main/java/com/android/ide/common/resources/ResourceItemResolver.java
tools/base/sdk-common/src/main/java/com/android/ide/common/resources/ResourceItemWithVisibility.java
tools/base/sdk-common/src/main/java/com/android/ide/common/resources/ResourceMerger.java
tools/base/sdk-common/src/main/java/com/android/ide/common/resources/ResourceMergerItem.java
tools/base/sdk-common/src/main/java/com/android/ide/common/resources/ResourceNameKeyedMap.kt
tools/base/sdk-common/src/main/java/com/android/ide/common/resources/ResourcePreprocessor.java
tools/base/sdk-common/src/main/java/com/android/ide/common/resources/ResourceRepositories.java
tools/base/sdk-common/src/main/java/com/android/ide/common/resources/ResourceRepository.java
tools/base/sdk-common/src/main/java/com/android/ide/common/resources/ResourceRepositoryUtil.kt
tools/base/sdk-common/src/main/java/com/android/ide/common/resources/ResourceResolver.java
tools/base/sdk-common/src/main/java/com/android/ide/common/resources/ResourceSet.java
tools/base/sdk-common/src/main/java/com/android/ide/common/resources/ResourceTable.java
tools/base/sdk-common/src/main/java/com/android/ide/common/resources/ResourceUpdateTracerService.kt
tools/base/sdk-common/src/main/java/com/android/ide/common/resources/ResourceValueMap.java
tools/base/sdk-common/src/main/java/com/android/ide/common/resources/ResourceVisitor.java
tools/base/sdk-common/src/main/java/com/android/ide/common/resources/ResourcesUtil.kt
tools/base/sdk-common/src/main/java/com/android/ide/common/resources/SingleFileProcessor.java
tools/base/sdk-common/src/main/java/com/android/ide/common/resources/SingleNamespaceResourceRepository.java
tools/base/sdk-common/src/main/java/com/android/ide/common/resources/SourceSet.java
tools/base/sdk-common/src/main/java/com/android/ide/common/resources/SourcelessResourceMergerItem.java
tools/base/sdk-common/src/main/java/com/android/ide/common/resources/TestResourceRepository.java
tools/base/sdk-common/src/main/java/com/android/ide/common/resources/ValueResourceNameValidator.java
tools/base/sdk-common/src/main/java/com/android/ide/common/resources/ValueResourceParser2.java
tools/base/sdk-common/src/main/java/com/android/ide/common/resources/ValueXmlHelper.java
tools/base/sdk-common/src/main/java/com/android/ide/common/resources/configuration/Configurable.java
tools/base/sdk-common/src/main/java/com/android/ide/common/resources/configuration/CountryCodeQualifier.java
tools/base/sdk-common/src/main/java/com/android/ide/common/resources/configuration/DensityQualifier.java
tools/base/sdk-common/src/main/java/com/android/ide/common/resources/configuration/DeviceConfigHelper.java
tools/base/sdk-common/src/main/java/com/android/ide/common/resources/configuration/EnumBasedResourceQualifier.java
tools/base/sdk-common/src/main/java/com/android/ide/common/resources/configuration/FolderConfiguration.java
tools/base/sdk-common/src/main/java/com/android/ide/common/resources/configuration/GrammaticalGenderQualifier.java
tools/base/sdk-common/src/main/java/com/android/ide/common/resources/configuration/HighDynamicRangeQualifier.java
tools/base/sdk-common/src/main/java/com/android/ide/common/resources/configuration/KeyboardStateQualifier.java
tools/base/sdk-common/src/main/java/com/android/ide/common/resources/configuration/LayoutDirectionQualifier.java
tools/base/sdk-common/src/main/java/com/android/ide/common/resources/configuration/LocaleQualifier.java
tools/base/sdk-common/src/main/java/com/android/ide/common/resources/configuration/NavigationMethodQualifier.java
tools/base/sdk-common/src/main/java/com/android/ide/common/resources/configuration/NavigationStateQualifier.java
tools/base/sdk-common/src/main/java/com/android/ide/common/resources/configuration/NetworkCodeQualifier.java
tools/base/sdk-common/src/main/java/com/android/ide/common/resources/configuration/NightModeQualifier.java
tools/base/sdk-common/src/main/java/com/android/ide/common/resources/configuration/ResourceQualifier.java
tools/base/sdk-common/src/main/java/com/android/ide/common/resources/configuration/ScreenDimensionQualifier.java
tools/base/sdk-common/src/main/java/com/android/ide/common/resources/configuration/ScreenHeightQualifier.java
tools/base/sdk-common/src/main/java/com/android/ide/common/resources/configuration/ScreenOrientationQualifier.java
tools/base/sdk-common/src/main/java/com/android/ide/common/resources/configuration/ScreenRatioQualifier.java
tools/base/sdk-common/src/main/java/com/android/ide/common/resources/configuration/ScreenRoundQualifier.java
tools/base/sdk-common/src/main/java/com/android/ide/common/resources/configuration/ScreenSizeQualifier.java
tools/base/sdk-common/src/main/java/com/android/ide/common/resources/configuration/ScreenWidthQualifier.java
tools/base/sdk-common/src/main/java/com/android/ide/common/resources/configuration/SmallestScreenWidthQualifier.java
tools/base/sdk-common/src/main/java/com/android/ide/common/resources/configuration/TextInputMethodQualifier.java
tools/base/sdk-common/src/main/java/com/android/ide/common/resources/configuration/TouchScreenQualifier.java
tools/base/sdk-common/src/main/java/com/android/ide/common/resources/configuration/UiModeQualifier.java
tools/base/sdk-common/src/main/java/com/android/ide/common/resources/configuration/VersionQualifier.kt
tools/base/sdk-common/src/main/java/com/android/ide/common/resources/configuration/WideGamutColorQualifier.java
tools/base/sdk-common/src/main/java/com/android/ide/common/resources/escape/string/StringResourceEscaper.kt
tools/base/sdk-common/src/main/java/com/android/ide/common/resources/escape/xml/CharacterDataEscaper.kt
tools/base/sdk-common/src/main/java/com/android/ide/common/resources/escape/xml/StringResourceContentHandler.java
tools/base/sdk-common/src/main/java/com/android/ide/common/resources/sampledata/CSVReader.java
tools/base/sdk-common/src/main/java/com/android/ide/common/resources/sampledata/SampleDataCsvParser.java
tools/base/sdk-common/src/main/java/com/android/ide/common/resources/sampledata/SampleDataHolder.kt
tools/base/sdk-common/src/main/java/com/android/ide/common/resources/sampledata/SampleDataJsonParser.java
tools/base/sdk-common/src/main/java/com/android/ide/common/resources/sampledata/SampleDataManager.java
tools/base/sdk-common/src/main/java/com/android/ide/common/resources/usage/ResourceStore.kt
tools/base/sdk-common/src/main/java/com/android/ide/common/resources/usage/ResourceUsage.kt
tools/base/sdk-common/src/main/java/com/android/ide/common/resources/usage/ResourceUsageModel.java
tools/base/sdk-common/src/main/java/com/android/ide/common/resources/usage/WebTokenizers.java
tools/base/sdk-common/src/main/java/com/android/ide/common/sdk/LoadStatus.java
tools/base/sdk-common/src/main/java/com/android/ide/common/signing/CertificateInfo.java
tools/base/sdk-common/src/main/java/com/android/ide/common/signing/KeystoreHelper.java
tools/base/sdk-common/src/main/java/com/android/ide/common/signing/KeytoolException.java
tools/base/sdk-common/src/main/java/com/android/ide/common/symbols/IdProvider.kt
tools/base/sdk-common/src/main/java/com/android/ide/common/symbols/PartialRMergingException.kt
tools/base/sdk-common/src/main/java/com/android/ide/common/symbols/RGeneration.java
tools/base/sdk-common/src/main/java/com/android/ide/common/symbols/ResourceDirectoryParseException.kt
tools/base/sdk-common/src/main/java/com/android/ide/common/symbols/ResourceDirectoryParser.kt
tools/base/sdk-common/src/main/java/com/android/ide/common/symbols/ResourceExtraXmlParser.kt
tools/base/sdk-common/src/main/java/com/android/ide/common/symbols/ResourceValuesXmlParseException.kt
tools/base/sdk-common/src/main/java/com/android/ide/common/symbols/ResourceValuesXmlParser.kt
tools/base/sdk-common/src/main/java/com/android/ide/common/symbols/Symbol.kt
tools/base/sdk-common/src/main/java/com/android/ide/common/symbols/SymbolIo.java
tools/base/sdk-common/src/main/java/com/android/ide/common/symbols/SymbolJavaType.java
tools/base/sdk-common/src/main/java/com/android/ide/common/symbols/SymbolTable.kt
tools/base/sdk-common/src/main/java/com/android/ide/common/symbols/SymbolUtils.kt
tools/base/sdk-common/src/main/java/com/android/ide/common/symbols/package-info.java
tools/base/sdk-common/src/main/java/com/android/ide/common/util/AssetUtil.java
tools/base/sdk-common/src/main/java/com/android/ide/common/util/Cancelable.kt
tools/base/sdk-common/src/main/java/com/android/ide/common/util/CancelableRunnable.kt
tools/base/sdk-common/src/main/java/com/android/ide/common/util/DeviceUtils.kt
tools/base/sdk-common/src/main/java/com/android/ide/common/util/Diffs.kt
tools/base/sdk-common/src/main/java/com/android/ide/common/util/DisjointUnionMap.java
tools/base/sdk-common/src/main/java/com/android/ide/common/util/EnumUtils.kt
tools/base/sdk-common/src/main/java/com/android/ide/common/util/FileSystemRegistry.kt
tools/base/sdk-common/src/main/java/com/android/ide/common/util/GuavaUtils.kt
tools/base/sdk-common/src/main/java/com/android/ide/common/util/JdkPathOpener.kt
tools/base/sdk-common/src/main/java/com/android/ide/common/util/MutablePathMap.kt
tools/base/sdk-common/src/main/java/com/android/ide/common/util/PathHashMap.kt
tools/base/sdk-common/src/main/java/com/android/ide/common/util/PathMap.kt
tools/base/sdk-common/src/main/java/com/android/ide/common/util/PathOpener.kt
tools/base/sdk-common/src/main/java/com/android/ide/common/util/PathString.kt
tools/base/sdk-common/src/main/java/com/android/ide/common/util/PathTreeMap.kt
tools/base/sdk-common/src/main/java/com/android/ide/common/util/ReferenceHolder.java
tools/base/sdk-common/src/main/java/com/android/ide/common/vectordrawable/EllipseSolver.java
tools/base/sdk-common/src/main/java/com/android/ide/common/vectordrawable/GradientStop.java
tools/base/sdk-common/src/main/java/com/android/ide/common/vectordrawable/IllegalVectorDrawableResourceRefException.kt
tools/base/sdk-common/src/main/java/com/android/ide/common/vectordrawable/PathBuilder.java
tools/base/sdk-common/src/main/java/com/android/ide/common/vectordrawable/PathParser.java
tools/base/sdk-common/src/main/java/com/android/ide/common/vectordrawable/ResourcesNotSupportedException.java
tools/base/sdk-common/src/main/java/com/android/ide/common/vectordrawable/Svg2Vector.java
tools/base/sdk-common/src/main/java/com/android/ide/common/vectordrawable/SvgClipPathNode.java
tools/base/sdk-common/src/main/java/com/android/ide/common/vectordrawable/SvgColor.java
tools/base/sdk-common/src/main/java/com/android/ide/common/vectordrawable/SvgGradientNode.java
tools/base/sdk-common/src/main/java/com/android/ide/common/vectordrawable/SvgGroupNode.java
tools/base/sdk-common/src/main/java/com/android/ide/common/vectordrawable/SvgLeafNode.java
tools/base/sdk-common/src/main/java/com/android/ide/common/vectordrawable/SvgNode.java
tools/base/sdk-common/src/main/java/com/android/ide/common/vectordrawable/SvgTree.java
tools/base/sdk-common/src/main/java/com/android/ide/common/vectordrawable/VdElement.java
tools/base/sdk-common/src/main/java/com/android/ide/common/vectordrawable/VdGroup.java
tools/base/sdk-common/src/main/java/com/android/ide/common/vectordrawable/VdIcon.java
tools/base/sdk-common/src/main/java/com/android/ide/common/vectordrawable/VdNodeRender.java
tools/base/sdk-common/src/main/java/com/android/ide/common/vectordrawable/VdOverrideInfo.kt
tools/base/sdk-common/src/main/java/com/android/ide/common/vectordrawable/VdParser.java
tools/base/sdk-common/src/main/java/com/android/ide/common/vectordrawable/VdPath.java
tools/base/sdk-common/src/main/java/com/android/ide/common/vectordrawable/VdPreview.java
tools/base/sdk-common/src/main/java/com/android/ide/common/vectordrawable/VdTree.java
tools/base/sdk-common/src/main/java/com/android/ide/common/vectordrawable/VdUtil.kt
tools/base/sdk-common/src/main/java/com/android/ide/common/workers/ExecutorServiceAdapter.kt
tools/base/sdk-common/src/main/java/com/android/ide/common/workers/WorkerExecutorException.kt
tools/base/sdk-common/src/main/java/com/android/ide/common/workers/WorkerExecutorFacade.kt
tools/base/sdk-common/src/main/java/com/android/ide/common/xml/AndroidManifestParser.java
tools/base/sdk-common/src/main/java/com/android/ide/common/xml/ManifestData.java
tools/base/sdk-common/src/main/java/com/android/ide/common/xml/XmlAttributeSortOrder.java
tools/base/sdk-common/src/main/java/com/android/ide/common/xml/XmlFormatPreferences.java
tools/base/sdk-common/src/main/java/com/android/ide/common/xml/XmlFormatStyle.java
tools/base/sdk-common/src/main/java/com/android/ide/common/xml/XmlPrettyPrinter.java
tools/base/sdk-common/src/main/java/com/android/instantapp/provision/ProvisionApksInstaller.java
tools/base/sdk-common/src/main/java/com/android/instantapp/provision/ProvisionException.java
tools/base/sdk-common/src/main/java/com/android/instantapp/provision/ProvisionListener.java
tools/base/sdk-common/src/main/java/com/android/instantapp/provision/ProvisionRunner.java
tools/base/sdk-common/src/main/java/com/android/instantapp/provision/UnprovisionRunner.java
tools/base/sdk-common/src/main/java/com/android/instantapp/run/InstantAppRunException.java
tools/base/sdk-common/src/main/java/com/android/instantapp/run/InstantAppSideLoader.java
tools/base/sdk-common/src/main/java/com/android/instantapp/run/PostOInstaller.java
tools/base/sdk-common/src/main/java/com/android/instantapp/run/PreOSideLoader.java
tools/base/sdk-common/src/main/java/com/android/instantapp/run/RunListener.java
tools/base/sdk-common/src/main/java/com/android/instantapp/sdk/InstantAppSdkException.java
tools/base/sdk-common/src/main/java/com/android/instantapp/sdk/ManifestParser.java
tools/base/sdk-common/src/main/java/com/android/instantapp/sdk/ManifestProtoParser.java
tools/base/sdk-common/src/main/java/com/android/instantapp/sdk/Metadata.java
tools/base/sdk-common/src/main/java/com/android/instantapp/utils/DeviceUtils.java
tools/base/sdk-common/src/main/java/com/android/instantapp/utils/LogcatService.java
tools/base/sdk-common/src/main/java/com/android/projectmodel/DynamicResourceValue.kt
tools/base/sdk-common/src/main/java/com/android/projectmodel/ResourceFolder.kt
tools/base/sdk-common/src/test/java/com/android/ide/common/blame/MergingLogTest.java
tools/base/sdk-common/src/test/java/com/android/ide/common/blame/MessageJsonSerializerTest.java
tools/base/sdk-common/src/test/java/com/android/ide/common/blame/SourceFileJsonTypeAdapterTest.java
tools/base/sdk-common/src/test/java/com/android/ide/common/blame/SourceFilePositionJsonSerializerTest.java
tools/base/sdk-common/src/test/java/com/android/ide/common/blame/SourcePositionJsonTypeAdapterTest.java
tools/base/sdk-common/src/test/java/com/android/ide/common/blame/parser/Aapt2OutputParserTest.kt
tools/base/sdk-common/src/test/java/com/android/ide/common/blame/parser/AaptOutputParserTest.java
tools/base/sdk-common/src/test/java/com/android/ide/common/build/GenericBuiltArtifactsSplitOutputMatcherTest.kt
tools/base/sdk-common/src/test/java/com/android/ide/common/build/GenericBuiltArtifactsTypeAdapterTest.kt
tools/base/sdk-common/src/test/java/com/android/ide/common/caching/CreatingCacheTest.java
tools/base/sdk-common/src/test/java/com/android/ide/common/fonts/FontDetailTest.kt
tools/base/sdk-common/src/test/java/com/android/ide/common/fonts/FontFamilyTest.kt
tools/base/sdk-common/src/test/java/com/android/ide/common/fonts/MutableDetailTest.kt
tools/base/sdk-common/src/test/java/com/android/ide/common/fonts/QueryResolverLegacyTest.kt
tools/base/sdk-common/src/test/java/com/android/ide/common/fonts/QueryResolverTest.kt
tools/base/sdk-common/src/test/java/com/android/ide/common/internal/WaitableExecutorTest.java
tools/base/sdk-common/src/test/java/com/android/ide/common/pagealign/PageAlignUtilsTest.kt
tools/base/sdk-common/src/test/java/com/android/ide/common/rendering/HardwareConfigHelperTest.java
tools/base/sdk-common/src/test/java/com/android/ide/common/repository/AgpVersionTest.kt
tools/base/sdk-common/src/test/java/com/android/ide/common/repository/FakeGoogleMavenRepositoryV2Host.kt
tools/base/sdk-common/src/test/java/com/android/ide/common/repository/GoogleMavenArtifactIdTest.kt
tools/base/sdk-common/src/test/java/com/android/ide/common/repository/GoogleMavenRepositoryTest.kt
tools/base/sdk-common/src/test/java/com/android/ide/common/repository/GoogleMavenRepositoryV2Test.kt
tools/base/sdk-common/src/test/java/com/android/ide/common/repository/KnownVersionStabilityTest.kt
tools/base/sdk-common/src/test/java/com/android/ide/common/repository/MavenRepositoriesTest.kt
tools/base/sdk-common/src/test/java/com/android/ide/common/repository/NetworkCacheTest.kt
tools/base/sdk-common/src/test/java/com/android/ide/common/repository/ResourceVisibilityLookupTest.java
tools/base/sdk-common/src/test/java/com/android/ide/common/repository/UpdateGoogleMavenRepositoryCache.kt
tools/base/sdk-common/src/test/java/com/android/ide/common/repository/VersionCatalogNamingUtilTest.kt
tools/base/sdk-common/src/test/java/com/android/ide/common/repository/WellKnownMavenArtifactIdTest.kt
tools/base/sdk-common/src/test/java/com/android/ide/common/resources/AssetMergerTest.java
tools/base/sdk-common/src/test/java/com/android/ide/common/resources/AssetSetTest.java
tools/base/sdk-common/src/test/java/com/android/ide/common/resources/BaseTestCase.java
tools/base/sdk-common/src/test/java/com/android/ide/common/resources/DataSetTest.java
tools/base/sdk-common/src/test/java/com/android/ide/common/resources/FileResourceNameValidatorTest.java
tools/base/sdk-common/src/test/java/com/android/ide/common/resources/IdGeneratingResourceParserTest.java
tools/base/sdk-common/src/test/java/com/android/ide/common/resources/LocaleManagerTest.java
tools/base/sdk-common/src/test/java/com/android/ide/common/resources/LocaleTest.java
tools/base/sdk-common/src/test/java/com/android/ide/common/resources/MergeResourceWriterWithCompilerTest.java
tools/base/sdk-common/src/test/java/com/android/ide/common/resources/MergingExceptionTest.java
tools/base/sdk-common/src/test/java/com/android/ide/common/resources/NodeUtilsTest.java
tools/base/sdk-common/src/test/java/com/android/ide/common/resources/ProtoXmlPullParserTest.java
tools/base/sdk-common/src/test/java/com/android/ide/common/resources/RecordingLogger.java
tools/base/sdk-common/src/test/java/com/android/ide/common/resources/RelativeResourcesUtilsTest.kt
tools/base/sdk-common/src/test/java/com/android/ide/common/resources/ResourceCompilationServiceTest.java
tools/base/sdk-common/src/test/java/com/android/ide/common/resources/ResourceFileTest.java
tools/base/sdk-common/src/test/java/com/android/ide/common/resources/ResourceItemResolverTest.java
tools/base/sdk-common/src/test/java/com/android/ide/common/resources/ResourceMergerTest.java
tools/base/sdk-common/src/test/java/com/android/ide/common/resources/ResourceNameKeyedMapTest.java
tools/base/sdk-common/src/test/java/com/android/ide/common/resources/ResourceRepositoryFixture.java
tools/base/sdk-common/src/test/java/com/android/ide/common/resources/ResourceResolverNamespacesTest.kt
tools/base/sdk-common/src/test/java/com/android/ide/common/resources/ResourceResolverNoNamespacesTest.java
tools/base/sdk-common/src/test/java/com/android/ide/common/resources/ResourceSetTest.java
tools/base/sdk-common/src/test/java/com/android/ide/common/resources/ResourceUrlTest.kt
tools/base/sdk-common/src/test/java/com/android/ide/common/resources/ResourcesUtilTest.kt
tools/base/sdk-common/src/test/java/com/android/ide/common/resources/TestResourceRepositoryTest.java
tools/base/sdk-common/src/test/java/com/android/ide/common/resources/TestResourceRepositoryTest2.java
tools/base/sdk-common/src/test/java/com/android/ide/common/resources/ValueResourceNameValidatorTest.java
tools/base/sdk-common/src/test/java/com/android/ide/common/resources/ValueResourceParser2Test.java
tools/base/sdk-common/src/test/java/com/android/ide/common/resources/ValueXmlHelperTest.java
tools/base/sdk-common/src/test/java/com/android/ide/common/resources/configuration/CountryCodeQualifierTest.java
tools/base/sdk-common/src/test/java/com/android/ide/common/resources/configuration/DensityQualifierTest.java
tools/base/sdk-common/src/test/java/com/android/ide/common/resources/configuration/DockModeQualifierTest.java
tools/base/sdk-common/src/test/java/com/android/ide/common/resources/configuration/EnumBasedResourceQualifierTest.java
tools/base/sdk-common/src/test/java/com/android/ide/common/resources/configuration/FolderConfigurationSubject.kt
tools/base/sdk-common/src/test/java/com/android/ide/common/resources/configuration/FolderConfigurationTest.java
tools/base/sdk-common/src/test/java/com/android/ide/common/resources/configuration/GrammaticalGenderQualifierTest.kt
tools/base/sdk-common/src/test/java/com/android/ide/common/resources/configuration/HighDynamicRangeQualifierTest.java
tools/base/sdk-common/src/test/java/com/android/ide/common/resources/configuration/KeyboardStateQualifierTest.java
tools/base/sdk-common/src/test/java/com/android/ide/common/resources/configuration/LocaleQualifierTest.java
tools/base/sdk-common/src/test/java/com/android/ide/common/resources/configuration/NavigationMethodQualifierTest.java
tools/base/sdk-common/src/test/java/com/android/ide/common/resources/configuration/NetworkCodeQualifierTest.java
tools/base/sdk-common/src/test/java/com/android/ide/common/resources/configuration/ScreenDimensionQualifierTest.java
tools/base/sdk-common/src/test/java/com/android/ide/common/resources/configuration/ScreenOrientationQualifierTest.java
tools/base/sdk-common/src/test/java/com/android/ide/common/resources/configuration/ScreenRoundQualifierTest.java
tools/base/sdk-common/src/test/java/com/android/ide/common/resources/configuration/ScreenSizeQualifierTest.java
tools/base/sdk-common/src/test/java/com/android/ide/common/resources/configuration/TextInputMethodQualifierTest.java
tools/base/sdk-common/src/test/java/com/android/ide/common/resources/configuration/TouchScreenQualifierTest.java
tools/base/sdk-common/src/test/java/com/android/ide/common/resources/configuration/VersionQualifierTest.kt
tools/base/sdk-common/src/test/java/com/android/ide/common/resources/configuration/WideGamutColorQualifierTest.java
tools/base/sdk-common/src/test/java/com/android/ide/common/resources/escape/string/StringResourceEscaperTest.kt
tools/base/sdk-common/src/test/java/com/android/ide/common/resources/escape/xml/CharacterDataEscaperTest.kt
tools/base/sdk-common/src/test/java/com/android/ide/common/resources/localeGen/LocaleGenerationTest.kt
tools/base/sdk-common/src/test/java/com/android/ide/common/resources/sampledata/SampleDataManagerTest.java
tools/base/sdk-common/src/test/java/com/android/ide/common/resources/usage/ResourceStoreTest.kt
tools/base/sdk-common/src/test/java/com/android/ide/common/signing/KeyStoreHelperTest.java
tools/base/sdk-common/src/test/java/com/android/ide/common/symbols/IdProviderTest.kt
tools/base/sdk-common/src/test/java/com/android/ide/common/symbols/RGenerationTest.java
tools/base/sdk-common/src/test/java/com/android/ide/common/symbols/ResourceDirectoryParserTest.kt
tools/base/sdk-common/src/test/java/com/android/ide/common/symbols/ResourceExtraXmlParserTest.kt
tools/base/sdk-common/src/test/java/com/android/ide/common/symbols/ResourceValuesXmlParserTest.kt
tools/base/sdk-common/src/test/java/com/android/ide/common/symbols/SymbolIoTest.java
tools/base/sdk-common/src/test/java/com/android/ide/common/symbols/SymbolTableMergeTest.kt
tools/base/sdk-common/src/test/java/com/android/ide/common/symbols/SymbolTablePartialRMergeTest.kt
tools/base/sdk-common/src/test/java/com/android/ide/common/symbols/SymbolTableTest.java
tools/base/sdk-common/src/test/java/com/android/ide/common/symbols/SymbolTest.java
tools/base/sdk-common/src/test/java/com/android/ide/common/symbols/SymbolTestUtils.java
tools/base/sdk-common/src/test/java/com/android/ide/common/symbols/SymbolUtilsTest.java
tools/base/sdk-common/src/test/java/com/android/ide/common/util/DeviceUtilsTest.kt
tools/base/sdk-common/src/test/java/com/android/ide/common/util/DiffsTest.kt
tools/base/sdk-common/src/test/java/com/android/ide/common/util/EnumUtilsKtTest.kt
tools/base/sdk-common/src/test/java/com/android/ide/common/util/GeneratorTester.java
tools/base/sdk-common/src/test/java/com/android/ide/common/util/JdkPathOpenerTest.kt
tools/base/sdk-common/src/test/java/com/android/ide/common/util/MutablePathMapTest.kt
tools/base/sdk-common/src/test/java/com/android/ide/common/util/PathMapTest.kt
tools/base/sdk-common/src/test/java/com/android/ide/common/util/PathMapType.kt
tools/base/sdk-common/src/test/java/com/android/ide/common/util/PathStringEqualityTest.kt
tools/base/sdk-common/src/test/java/com/android/ide/common/util/PathStringFormattingTest.kt
tools/base/sdk-common/src/test/java/com/android/ide/common/util/PathStringTest.kt
tools/base/sdk-common/src/test/java/com/android/ide/common/util/PathTreeMapTest.kt
tools/base/sdk-common/src/test/java/com/android/ide/common/util/PathWindowsPathStringTest.kt
tools/base/sdk-common/src/test/java/com/android/ide/common/vectordrawable/VectorDrawableGeneratorTest.java
tools/base/sdk-common/src/test/java/com/android/ide/common/workers/ExecutorServiceAdapterTest.kt
tools/base/sdk-common/src/test/java/com/android/ide/common/xml/AndroidManifestParserTest.java
tools/base/sdk-common/src/test/java/com/android/ide/common/xml/SupportsScreensTest.java
tools/base/sdk-common/src/test/java/com/android/ide/common/xml/XmlPrettyPrinterTest.java
tools/base/sdk-common/src/test/java/com/android/instantapp/provision/ProvisionApksInstallerTest.java
tools/base/sdk-common/src/test/java/com/android/instantapp/provision/ProvisionRunnerTest.java
tools/base/sdk-common/src/test/java/com/android/instantapp/provision/UnprovisionRunnerTest.java
tools/base/sdk-common/src/test/java/com/android/instantapp/run/InstantAppSideLoaderTest.java
tools/base/sdk-common/src/test/java/com/android/instantapp/run/PostOInstallerTest.java
tools/base/sdk-common/src/test/java/com/android/instantapp/run/PreOSideLoaderTest.java
tools/base/sdk-common/src/test/java/com/android/instantapp/sdk/InstantAppSdkTests.java
tools/base/sdk-common/src/test/java/com/android/instantapp/sdk/ManifestParserTest.java
tools/base/sdk-common/src/test/java/com/android/instantapp/sdk/ManifestProtoParserTest.java
tools/base/sdk-common/src/test/java/com/android/instantapp/utils/DeviceUtilsTest.java
tools/base/sdk-common/src/test/java/com/android/instantapp/utils/InstantAppTests.java
tools/base/signflinger/src/com/android/signflinger/ApkSigningBlock.java
tools/base/signflinger/src/com/android/signflinger/SignedApk.java
tools/base/signflinger/src/com/android/signflinger/SignedApkOptions.java
tools/base/signflinger/src/com/android/signflinger/SigningBlockUtils.java
tools/base/signflinger/test/src/com/android/signflinger/BaseSigning.java
tools/base/signflinger/test/src/com/android/signflinger/BenchmarkTest.java
tools/base/signflinger/test/src/com/android/signflinger/SignerConfig.java
tools/base/signflinger/test/src/com/android/signflinger/Signers.java
tools/base/signflinger/test/src/com/android/signflinger/Utils.java
tools/base/signflinger/test/src/com/android/signflinger/V1SigningTest.java
tools/base/signflinger/test/src/com/android/signflinger/V1andV2SigningTest.java
tools/base/signflinger/test/src/com/android/signflinger/V2Signer.java
tools/base/signflinger/test/src/com/android/signflinger/V2SigningTest.java
tools/base/signflinger/test/src/com/android/signflinger/V3SigningTest.java
tools/base/signflinger/test/src/com/android/signflinger/V4SigningTest.java
tools/base/signflinger/test/src/com/android/signflinger/Workspace.java
tools/base/signflinger/tools/src/com/android/signflinger/ProfileV1.java
tools/base/studio-grpc-testutils/testSrc/com/studiogrpc/testutils/ForwardingInterceptor.kt
tools/base/studio-grpc-testutils/testSrc/com/studiogrpc/testutils/GrpcConnectionRule.kt
tools/base/testing-infrastructure/device-pool/device-provider/src/main/java/com/android/tools/build/test/multidevice/AdbPoolDeviceProvider.java
tools/base/testing-infrastructure/device-pool/device-provider/src/main/java/com/android/tools/build/test/multidevice/DevicePoolClient.java
tools/base/testing-infrastructure/device-pool/device-provider/src/main/java/com/android/tools/build/test/multidevice/DevicePoolPlugin.java
tools/base/threading-agent-callback/src/com/android/tools/instrumentation/threading/agent/callback/BaselineViolations.java
tools/base/threading-agent-callback/src/com/android/tools/instrumentation/threading/agent/callback/ThreadingCheckerHook.java
tools/base/threading-agent-callback/src/com/android/tools/instrumentation/threading/agent/callback/ThreadingCheckerTrampoline.java
tools/base/threading-agent-callback/src/com/android/tools/instrumentation/threading/agent/callback/ThreadingCheckerUtil.java
tools/base/threading-agent-callback/testSrc/com/android/tools/instrumentation/threading/agent/callback/BaselineViolationsTest.java
tools/base/threading-agent-callback/testSrc/com/android/tools/instrumentation/threading/agent/callback/ThreadingCheckerTrampolineTest.java
tools/base/threading-agent/src/com/android/tools/instrumentation/threading/agent/Agent.java
tools/base/threading-agent/src/com/android/tools/instrumentation/threading/agent/AnnotationMappings.java
tools/base/threading-agent/src/com/android/tools/instrumentation/threading/agent/CheckerMethodRef.java
tools/base/threading-agent/src/com/android/tools/instrumentation/threading/agent/InstrumentClassVisitor.java
tools/base/threading-agent/src/com/android/tools/instrumentation/threading/agent/InstrumentMethodVisitor.java
tools/base/threading-agent/src/com/android/tools/instrumentation/threading/agent/Transformer.java
tools/base/threading-agent/testSrc/com/android/tools/instrumentation/threading/agent/AgentTest.java
tools/base/threading-agent/testSrc/com/android/tools/instrumentation/threading/agent/AgentTestSuiteBase.kt
tools/base/threading-agent/testSrc/com/android/tools/instrumentation/threading/agent/AnnotationMappingsTest.java
tools/base/threading-agent/testSrc/com/android/tools/instrumentation/threading/agent/GoogleSample.kt
tools/base/threading-agent/testSrc/com/android/tools/instrumentation/threading/agent/SampleClasses.java
tools/base/threading-agent/testSrc/com/android/tools/instrumentation/threading/agent/SampleClassesKotlin.kt
tools/base/tracer/agent/src/com/android/tools/tracer/agent/TraceAgent.java
tools/base/tracer/agent/src/com/android/tools/tracer/agent/TraceApiMethodVisitor.java
tools/base/tracer/agent/src/com/android/tools/tracer/agent/TraceClassVisitor.java
tools/base/tracer/agent/src/com/android/tools/tracer/agent/TraceMethodVisitor.java
tools/base/tracer/agent/src/com/android/tools/tracer/agent/TraceProfile.java
tools/base/tracer/agent/src/com/android/tools/tracer/agent/TraceTransformer.java
tools/base/tracer/agent/src/com/android/tools/tracer/agent/Tracer.java
tools/base/tracer/agent/testSrc/com/android/tools/tracer/MainTest.java
tools/base/tracer/agent/testSrc/com/android/tools/tracer/Manual.java
tools/base/tracer/agent/testSrc/com/android/tools/tracer/Other.java
tools/base/tracer/agent/testSrc/com/android/tools/tracer/pkg/PkgClass.java
tools/base/tracer/src/com/android/tools/tracer/Trace.java
tools/base/usb-devices/src/com/android/tools/usb/Platform.kt
tools/base/usb-devices/src/com/android/tools/usb/UsbDevice.kt
tools/base/usb-devices/src/com/android/tools/usb/UsbDeviceCollector.kt
tools/base/usb-devices/src/com/android/tools/usb/parser/LinuxParser.kt
tools/base/usb-devices/src/com/android/tools/usb/parser/MacParser.kt
tools/base/usb-devices/src/com/android/tools/usb/parser/OutputParser.kt
tools/base/usb-devices/src/com/android/tools/usb/parser/WindowsParser.kt
tools/base/usb-devices/testSrc/com/android/tools/usb/UsbDeviceCollectorTest.kt
tools/base/usb-devices/testSrc/com/android/tools/usb/parser/LinuxParserTest.kt
tools/base/usb-devices/testSrc/com/android/tools/usb/parser/MacParserTest.kt
tools/base/usb-devices/testSrc/com/android/tools/usb/parser/WindowsParserTest.kt
tools/base/zipflinger/src/com/android/zipflinger/Archive.java
tools/base/zipflinger/src/com/android/zipflinger/BytesSource.java
tools/base/zipflinger/src/com/android/zipflinger/CentralDirectory.java
tools/base/zipflinger/src/com/android/zipflinger/CentralDirectoryRecord.java
tools/base/zipflinger/src/com/android/zipflinger/Compressor.java
tools/base/zipflinger/src/com/android/zipflinger/Crc32.java
tools/base/zipflinger/src/com/android/zipflinger/EndOfCentralDirectory.java
tools/base/zipflinger/src/com/android/zipflinger/Entry.java
tools/base/zipflinger/src/com/android/zipflinger/ExtractionInfo.java
tools/base/zipflinger/src/com/android/zipflinger/FreeStore.java
tools/base/zipflinger/src/com/android/zipflinger/FullFileSource.java
tools/base/zipflinger/src/com/android/zipflinger/Ints.java
tools/base/zipflinger/src/com/android/zipflinger/LargeFileSource.java
tools/base/zipflinger/src/com/android/zipflinger/LocalFileHeader.java
tools/base/zipflinger/src/com/android/zipflinger/Location.java
tools/base/zipflinger/src/com/android/zipflinger/NoCopyByteArrayOutputStream.java
tools/base/zipflinger/src/com/android/zipflinger/PayloadInputStream.java
tools/base/zipflinger/src/com/android/zipflinger/Source.java
tools/base/zipflinger/src/com/android/zipflinger/Sources.java
tools/base/zipflinger/src/com/android/zipflinger/StableArchive.java
tools/base/zipflinger/src/com/android/zipflinger/StreamSource.java
tools/base/zipflinger/src/com/android/zipflinger/SynchronizedArchive.java
tools/base/zipflinger/src/com/android/zipflinger/Zip64.java
tools/base/zipflinger/src/com/android/zipflinger/Zip64Eocd.java
tools/base/zipflinger/src/com/android/zipflinger/Zip64Locator.java
tools/base/zipflinger/src/com/android/zipflinger/ZipArchive.java
tools/base/zipflinger/src/com/android/zipflinger/ZipInfo.java
tools/base/zipflinger/src/com/android/zipflinger/ZipMap.java
tools/base/zipflinger/src/com/android/zipflinger/ZipReader.java
tools/base/zipflinger/src/com/android/zipflinger/ZipRepo.java
tools/base/zipflinger/src/com/android/zipflinger/ZipSource.java
tools/base/zipflinger/src/com/android/zipflinger/ZipSourceEntry.java
tools/base/zipflinger/src/com/android/zipflinger/ZipSourceEntryPipe.java
tools/base/zipflinger/src/com/android/zipflinger/ZipWriter.java
tools/base/zipflinger/test/src/java/com/android/zipflinger/AbstractZipflingerTest.java
tools/base/zipflinger/test/src/java/com/android/zipflinger/CommentTest.java
tools/base/zipflinger/test/src/java/com/android/zipflinger/CompressorTest.java
tools/base/zipflinger/test/src/java/com/android/zipflinger/FreeStoreTest.java
tools/base/zipflinger/test/src/java/com/android/zipflinger/IntsTest.java
tools/base/zipflinger/test/src/java/com/android/zipflinger/MockInputStream.java
tools/base/zipflinger/test/src/java/com/android/zipflinger/ParsingTest.java
tools/base/zipflinger/test/src/java/com/android/zipflinger/RepoTest.java
tools/base/zipflinger/test/src/java/com/android/zipflinger/StableArchiveTest.java
tools/base/zipflinger/test/src/java/com/android/zipflinger/Zip64Test.java
tools/base/zipflinger/test/src/java/com/android/zipflinger/ZipFlingerTest.java
tools/base/zipflinger/test/src/java/com/android/zipflinger/ZipMergeTest.java
tools/base/zipflinger/tools/src/com/android/zipflinger/ApkMaker.java
tools/base/zipflinger/tools/src/com/android/zipflinger/Mapper.java
tools/base/zipflinger/tools/src/com/android/zipflinger/ProfileAdd.java
tools/base/zipflinger/tools/src/com/android/zipflinger/ProfileCompressor.java
tools/base/zipflinger/tools/src/com/android/zipflinger/ProfileCreate.java
tools/base/zipflinger/tools/src/com/android/zipflinger/Profiler.java
tools/base/zipflinger/tools/src/com/android/zipflinger/Verify.java
tools/base/zipflinger/tools/src/com/android/zipflinger/ZipCreator.java
tools/vendor/google/android-keys/src/com/android/tools/idea/googleapis/StudioGoogleApiKeyProvider.kt
tools/vendor/google/asfg/ext/src/com/google/idea/asfg/ext/core/IntelliJExtClient.java
tools/vendor/google/asfg/ext/src/com/google/idea/asfg/ext/core/IntelliJExtServer.java
tools/vendor/google/asfg/ext/src/com/google/idea/asfg/ext/core/IntelliJExtService.java
tools/vendor/google/asfg/ext/src/com/google/idea/asfg/ext/core/IntelliJExts.java
tools/vendor/google/asfg/ext/src/com/google/idea/asfg/ext/core/IntelliJExtsFactory.java
tools/vendor/google/asfg/ext/src/com/google/idea/asfg/ext/core/IntelliJExtsForLinux.java
tools/vendor/google/asfg/ext/src/com/google/idea/asfg/ext/core/IntelliJExtsForMac.java
tools/vendor/google/asfg/ext/src/com/google/idea/asfg/ext/core/StreamProcessor.java
tools/vendor/google/asfg/ext/src/com/google/idea/asfg/ext/plugin/IntelliJExtManager.java
tools/vendor/google/asfg/ext/src/com/google/idea/asfg/ext/plugin/IntelliJExtMenu.java
tools/vendor/google/asfg/ext/src/com/google/idea/asfg/ext/plugin/IntelliJExtStatusAction.java
tools/vendor/google/asfg/ext/src/com/google/idea/asfg/ext/plugin/StatusDialog.java
tools/vendor/google/asfg/ext/test/com/google/idea/asfg/ext/core/IntelliJExtServiceTest.java
tools/vendor/google/asfg/ext/test/com/google/idea/asfg/ext/core/IntelliJExtTestServer.java
tools/vendor/google/aswb/integration/testSrc/com/google/aswb/StartUpAswbTest.java
tools/vendor/google/cap/src/main/kotlin/com/google/idea/cap/Utils.kt
tools/vendor/google/cap/src/main/kotlin/com/google/idea/cap/actions/AnalyzeCrashAction.kt
tools/vendor/google/cap/src/main/kotlin/com/google/idea/cap/actions/CreateBugReportAction.kt
tools/vendor/google/cap/src/main/kotlin/com/google/idea/cap/actions/ShowBuganizerAction.kt
tools/vendor/google/cap/src/main/kotlin/com/google/idea/cap/actions/ShowInCrashDashboardAction.kt
tools/vendor/google/cap/src/main/kotlin/com/google/idea/cap/activities/CAPStartupActivity.kt
tools/vendor/google/cap/src/main/kotlin/com/google/idea/cap/listener/FileOpenListener.kt
tools/vendor/google/cap/src/main/kotlin/com/google/idea/cap/providers/ProblematicLineMarkerProvider.kt
tools/vendor/google/cap/src/main/kotlin/com/google/idea/cap/reports/CrashReport.kt
tools/vendor/google/cap/src/main/kotlin/com/google/idea/cap/reports/CrashStats.kt
tools/vendor/google/cap/src/main/kotlin/com/google/idea/cap/reports/ExceptionReport.kt
tools/vendor/google/cap/src/main/kotlin/com/google/idea/cap/reports/FreezeReport.kt
tools/vendor/google/cap/src/main/kotlin/com/google/idea/cap/reports/ReportQueryResult.kt
tools/vendor/google/cap/src/main/kotlin/com/google/idea/cap/reports/Stacktrace.kt
tools/vendor/google/cap/src/main/kotlin/com/google/idea/cap/reports/Versions.kt
tools/vendor/google/cap/src/main/kotlin/com/google/idea/cap/services/ASCRCommands.kt
tools/vendor/google/cap/src/main/kotlin/com/google/idea/cap/services/Commands.kt
tools/vendor/google/cap/src/main/kotlin/com/google/idea/cap/services/GcertCheckerService.kt
tools/vendor/google/cap/src/main/kotlin/com/google/idea/cap/services/GrpcService.kt
tools/vendor/google/cap/src/main/kotlin/com/google/idea/cap/services/LocalReports.kt
tools/vendor/google/cap/src/main/kotlin/com/google/idea/cap/services/PersistSelectionService.kt
tools/vendor/google/cap/src/main/kotlin/com/google/idea/cap/services/ProdGrpcService.kt
tools/vendor/google/cap/src/main/kotlin/com/google/idea/cap/services/StackTraceMatchService.kt
tools/vendor/google/cap/src/main/kotlin/com/google/idea/cap/ui/ChecklistModel.kt
tools/vendor/google/cap/src/main/kotlin/com/google/idea/cap/ui/ChecklistTable.kt
tools/vendor/google/cap/src/main/kotlin/com/google/idea/cap/ui/CrashReportResultsToolWindow.kt
tools/vendor/google/cap/src/main/kotlin/com/google/idea/cap/ui/CrashReportToolWindow.kt
tools/vendor/google/cap/src/main/kotlin/com/google/idea/cap/ui/CreateBugReportDialog.kt
tools/vendor/google/cap/src/main/kotlin/com/google/idea/cap/ui/MetadataDialog.kt
tools/vendor/google/cap/src/main/kotlin/com/google/idea/cap/ui/SelectVersionsDialog.kt
tools/vendor/google/cap/src/main/kotlin/com/google/idea/cap/ui/StackFramePanel.kt
tools/vendor/google/cap/src/main/kotlin/com/google/idea/cap/ui/Theme.kt
tools/vendor/google/cap/src/main/kotlin/com/google/idea/cap/visitors/MethodNameCollector.kt
tools/vendor/google/cap/src/test/kotlin/TestUtils.kt
tools/vendor/google/cap/src/test/kotlin/com/google/idea/cap/tests/ASCRCommandsTest.kt
tools/vendor/google/firebase/integration/testData/projects/appinsights/src/main/java/com/example/minapp/MainActivity.kt
tools/vendor/google/firebase/src/com/google/services/firebase/FirebaseAnalyticsProvider.java
tools/vendor/google/firebase/src/com/google/services/firebase/FirebaseBundle.java
tools/vendor/google/firebase/src/com/google/services/firebase/FirebaseBundleCreator.java
tools/vendor/google/firebase/src/com/google/services/firebase/FirebaseLoginCallbackHandler.kt
tools/vendor/google/firebase/src/com/google/services/firebase/FirebaseLoginFeature.kt
tools/vendor/google/firebase/src/com/google/services/firebase/FirebaseOpenSidePanel.java
tools/vendor/google/firebase/src/com/google/services/firebase/FirebasePluginDisposable.kt
tools/vendor/google/firebase/src/com/google/services/firebase/FirebaseProjectClient.kt
tools/vendor/google/firebase/src/com/google/services/firebase/FirebaseTutorialBundle.java
tools/vendor/google/firebase/src/com/google/services/firebase/FirebaseTutorialBundleCacheManager.java
tools/vendor/google/firebase/src/com/google/services/firebase/ModuleAsyncStateManager.java
tools/vendor/google/firebase/src/com/google/services/firebase/ModuleState.kt
tools/vendor/google/firebase/src/com/google/services/firebase/ModuleStateService.kt
tools/vendor/google/firebase/src/com/google/services/firebase/RecordRoboScriptAction.java
tools/vendor/google/firebase/src/com/google/services/firebase/action/connect/ConnectProjectCallbackHandler.java
tools/vendor/google/firebase/src/com/google/services/firebase/action/connect/ConnectProjectPayload.java
tools/vendor/google/firebase/src/com/google/services/firebase/action/connect/FirebaseConnectAction.java
tools/vendor/google/firebase/src/com/google/services/firebase/action/connect/FirebaseConnectStateManager.java
tools/vendor/google/firebase/src/com/google/services/firebase/action/connect/FirebaseConnectSupport.kt
tools/vendor/google/firebase/src/com/google/services/firebase/action/dependency/AddDependencyAction.java
tools/vendor/google/firebase/src/com/google/services/firebase/action/dependency/DependencyDialog.java
tools/vendor/google/firebase/src/com/google/services/firebase/action/dependency/DependencyStateManager.java
tools/vendor/google/firebase/src/com/google/services/firebase/config/AndroidClient.java
tools/vendor/google/firebase/src/com/google/services/firebase/config/AndroidConfigManager.java
tools/vendor/google/firebase/src/com/google/services/firebase/config/AndroidConfigManagerImpl.java
tools/vendor/google/firebase/src/com/google/services/firebase/config/FirebaseConfig.java
tools/vendor/google/firebase/src/com/google/services/firebase/config/FirebaseLocalConfig.java
tools/vendor/google/firebase/src/com/google/services/firebase/config/GradleConfig.java
tools/vendor/google/firebase/src/com/google/services/firebase/config/InvalidConfigException.java
tools/vendor/google/firebase/src/com/google/services/firebase/consolereceiver/CancellableReceiver.java
tools/vendor/google/firebase/src/com/google/services/firebase/consolereceiver/ReceiverResult.java
tools/vendor/google/firebase/src/com/google/services/firebase/consolereceiver/callback/CancellableReceiverHandlerFactory.java
tools/vendor/google/firebase/src/com/google/services/firebase/consolereceiver/callback/ReceiverCallback.java
tools/vendor/google/firebase/src/com/google/services/firebase/consolereceiver/validator/OriginRequestValidator.java
tools/vendor/google/firebase/src/com/google/services/firebase/consolereceiver/validator/RequestValidator.java
tools/vendor/google/firebase/src/com/google/services/firebase/view/FirebaseDialog.java
tools/vendor/google/firebase/src/com/google/services/firebase/view/FirebaseUiUtils.java
tools/vendor/google/firebase/src/com/google/services/firebase/view/ModuleComboBox.java
tools/vendor/google/firebase/src/com/google/services/firebase/view/SelectModuleDialog.java
tools/vendor/google/firebase/src/icons/FirebaseIcons.java
tools/vendor/google/firebase/testData/myProject/app/src/main/java/com/example/myapplication/MyActivity.java
tools/vendor/google/firebase/testSrc/com/google/services/firebase/FirebaseLoginCallbackHandlerTest.kt
tools/vendor/google/firebase/testSrc/com/google/services/firebase/FirebaseProjectClientRule.kt
tools/vendor/google/firebase/testSrc/com/google/services/firebase/FirebaseProjectClientTest.kt
tools/vendor/google/firebase/testSrc/com/google/services/firebase/FirebaseTestProject.kt
tools/vendor/google/firebase/testSrc/com/google/services/firebase/FirebaseTestSuite.java
tools/vendor/google/firebase/testSrc/com/google/services/firebase/FirebaseTutorialBundleCacheManagerTest.java
tools/vendor/google/firebase/testSrc/com/google/services/firebase/action/connect/ConnectProjectCallbackHandlerTest.java
tools/vendor/google/firebase/testSrc/com/google/services/firebase/consolereceiver/validator/OriginRequestValidatorTest.java
tools/vendor/google/firebase/testSrc/com/google/services/firebase/insights/CrashlyticsConfigurationManagerTest.kt
tools/vendor/google/firebase/testSrc/com/google/services/firebase/insights/TestUtils.kt
tools/vendor/google/firebase/testSrc/com/google/services/firebase/insights/client/CrashlyticsClientImplTest.kt
tools/vendor/google/firebase/testSrc/com/google/services/firebase/insights/client/IssuesStatsTest.kt
tools/vendor/google/firebase/testSrc/com/google/services/firebase/insights/client/grpc/FakeCrashlyticsDatabase.kt
tools/vendor/google/firebase/testSrc/com/google/services/firebase/insights/client/grpc/FakeFirebaseCrashlyticsGrpcService.kt
tools/vendor/google/firebase/testSrc/com/google/services/firebase/insights/client/grpc/FakeTimestampProvider.kt
tools/vendor/google/firebase/testSrc/com/google/services/firebase/insights/client/grpc/GetDevicesTest.kt
tools/vendor/google/firebase/testSrc/com/google/services/firebase/insights/client/grpc/GetOperatingSystemsTest.kt
tools/vendor/google/firebase/testSrc/com/google/services/firebase/insights/client/grpc/GetTopAndroidDeviceDistributionTest.kt
tools/vendor/google/firebase/testSrc/com/google/services/firebase/insights/client/grpc/GetTopIssuesTest.kt
tools/vendor/google/firebase/testSrc/com/google/services/firebase/insights/client/grpc/GetTopOsDistributionTest.kt
tools/vendor/google/firebase/testSrc/com/google/services/firebase/insights/client/grpc/GetTopVariantsTest.kt
tools/vendor/google/firebase/testSrc/com/google/services/firebase/insights/client/grpc/GetVersionsTest.kt
tools/vendor/google/firebase/testSrc/com/google/services/firebase/insights/client/grpc/ListEventsTest.kt
tools/vendor/google/firebase/testSrc/com/google/services/firebase/insights/client/grpc/RetryRpcUtilKtTest.kt
tools/vendor/google/firebase/testSrc/com/google/services/firebase/insights/client/grpc/UpdateIssueStateTest.kt
tools/vendor/google/firebase/testSrc/com/google/services/firebase/insights/client/grpc/Utils.kt
tools/vendor/google/firebase/testSrc/com/google/services/firebase/insights/client/grpc/fakedata/BuildStamp.kt
tools/vendor/google/firebase/testSrc/com/google/services/firebase/insights/client/grpc/fakedata/Devices.kt
tools/vendor/google/firebase/testSrc/com/google/services/firebase/insights/client/grpc/fakedata/EndUsers.kt
tools/vendor/google/firebase/testSrc/com/google/services/firebase/insights/client/grpc/fakedata/FirebaseConnections.kt
tools/vendor/google/firebase/testSrc/com/google/services/firebase/insights/client/grpc/fakedata/Issues.kt
tools/vendor/google/firebase/testSrc/com/google/services/firebase/insights/client/grpc/fakedata/OperatingSystems.kt
tools/vendor/google/firebase/testSrc/com/google/services/firebase/insights/config/FirebaseAppManagerTest.kt
tools/vendor/google/firebase/testSrc/com/google/services/firebase/insights/config/FirebaseConnectionLoaderTest.kt
tools/vendor/google/firebase/testSrc/com/google/services/firebase/insights/config/GoogleServicesDirectoryLocatorTest.kt
tools/vendor/google/firebase/testSrc/com/google/services/firebase/insights/config/JsonParserTest.kt
tools/vendor/google/firebase/testSrc/com/google/services/firebase/insights/datamodel/ConversionTest.kt
tools/vendor/google/firebase/testSrc/com/google/services/firebase/insights/datamodel/CrashlyticsVariantConnectionTest.kt
tools/vendor/google/firebase/testSrc/com/google/services/firebase/insights/ui/CrashlyticsIssueDetailsPanelTest.kt
tools/vendor/google/firebase/testSrc/com/google/services/firebase/insights/ui/CrashlyticsModuleSelectorTest.kt
tools/vendor/google/firebase/testSrc/com/google/services/firebase/insights/ui/CrashlyticsNotesViewTest.kt
tools/vendor/google/firebase/testSrc/com/google/services/firebase/insights/ui/CrashlyticsTabProviderTest.kt
tools/vendor/google/firebase/testSrc/com/google/services/firebase/insights/ui/CrashlyticsTabTest.kt
tools/vendor/google/firebase/testSrc/com/google/services/firebase/insights/ui/EventGalleryButtonTest.kt
tools/vendor/google/firebase/testSrc/com/google/services/firebase/insights/ui/FirebaseConsoleUrlUtilKtTest.kt
tools/vendor/google/firebase/testSrc/com/google/services/firebase/insights/ui/IssueDetailTableTest.kt
tools/vendor/google/firebase/testSrc/com/google/services/firebase/insights/ui/PerNoteDetailsTableCellRendererAndEditorTest.kt
tools/vendor/google/firebase/testSrc/com/google/services/firebase/insights/ui/PerNotePopUpMenuTableCellEditorTest.kt
tools/vendor/google/firebase/testSrc/com/google/services/firebase/insights/ui/PerNotePopUpMenuTableCellRendererTest.kt
tools/vendor/google/firebase/testSrc/com/google/services/firebase/insights/ui/SignalTypeDropDownActionTest.kt
tools/vendor/google/firebase/testSrc/com/google/services/firebase/insights/ui/StateToTimestampTest.kt
tools/vendor/google/firebase/testSrc/com/google/services/firebase/logs/FirebaseTrackerModeTransitionTest.kt
tools/vendor/google/firebase/testSrc/com/google/services/firebase/logs/FirebaseTrackerTest.kt
tools/vendor/google/flamegraph-extractor/src/main/java/com/android/tools/idea/flamegraphconverter/FlamegraphExtractor.java
tools/vendor/google/focus-plugin/src/main/java/com/android/declarative/intellij/focus/ui/FocusCenterPanel.java
tools/vendor/google/focus-plugin/src/main/java/com/android/declarative/intellij/focus/ui/ProjectFocusDialog.java
tools/vendor/google/focus-plugin/src/main/java/com/android/declarative/intellij/focus/ui/ProjectFocusWindow.java
tools/vendor/google/focus-plugin/src/main/kotlin/com/android/declarative/intellij/focus/DeclarativeFocusFeature.kt
tools/vendor/google/focus-plugin/src/main/kotlin/com/android/declarative/intellij/focus/listeners/DeclarativePostStartupActivity.kt
tools/vendor/google/focus-plugin/src/main/kotlin/com/android/declarative/intellij/focus/services/DeclarativeFocusConfigurable.kt
tools/vendor/google/focus-plugin/src/main/kotlin/com/android/declarative/intellij/focus/services/FocusDeclarativeGradleReader.kt
tools/vendor/google/focus-plugin/src/main/kotlin/com/android/declarative/intellij/focus/services/FocusGradleSettings.kt
tools/vendor/google/focus-plugin/src/main/kotlin/com/android/declarative/intellij/focus/services/FocusSettings.kt
tools/vendor/google/focus-plugin/src/main/kotlin/com/android/declarative/intellij/focus/services/FocusStorage.kt
tools/vendor/google/focus-plugin/src/main/kotlin/com/android/declarative/intellij/focus/services/ModuleInfo.kt
tools/vendor/google/focus-plugin/src/main/kotlin/com/android/declarative/intellij/focus/services/ProjectFocusService.kt
tools/vendor/google/focus-plugin/src/main/kotlin/com/android/declarative/intellij/focus/services/ProjectFocusToolWindowFactory.kt
tools/vendor/google/focus-plugin/src/main/kotlin/com/android/declarative/intellij/focus/ui/ProjectFocusComponent.kt
tools/vendor/google/git4insights/src/com/google/services/insights/GitForAppInsights.kt
tools/vendor/google/ijpluginrepo/src/main/kotlin/com/android/tools/studio/ijpluginrepo/GoogleRepoContributor.kt
tools/vendor/google/ijpluginrepo/src/main/kotlin/com/android/tools/studio/ijpluginrepo/X20Proxy.kt
tools/vendor/google/ijpluginrepo/src/main/kotlin/com/android/tools/studio/ijpluginrepo/X20ProxyController.kt
tools/vendor/google/real-world-integration-test/resources/testprojects/CompositeBuild/mainProject/app/src/androidTest/java/com/example/myapplication/ExampleInstrumentedTest.kt
tools/vendor/google/real-world-integration-test/resources/testprojects/CompositeBuild/mainProject/app/src/main/java/com/example/myapplication/MainActivity.kt
tools/vendor/google/real-world-integration-test/resources/testprojects/CompositeBuild/mainProject/app/src/test/java/com/example/myapplication/ExampleUnitTest.kt
tools/vendor/google/real-world-integration-test/resources/testprojects/CompositeBuild/ndklib/lib/src/androidTest/java/com/example/ndklib/ExampleInstrumentedTest.kt
tools/vendor/google/real-world-integration-test/resources/testprojects/CompositeBuild/ndklib/lib/src/main/java/com/example/ndklib/MainActivity.kt
tools/vendor/google/real-world-integration-test/resources/testprojects/CompositeBuild/ndklib/lib/src/test/java/com/example/ndklib/ExampleUnitTest.kt
tools/vendor/google/real-world-integration-test/resources/testprojects/HelloWorld/app/src/androidTest/java/com/example/helloworld/ExampleInstrumentedTest.kt
tools/vendor/google/real-world-integration-test/resources/testprojects/HelloWorld/app/src/main/java/com/example/helloworld/MainActivity.kt
tools/vendor/google/real-world-integration-test/resources/testprojects/HelloWorld/app/src/test/java/com/example/helloworld/ExampleUnitTest.kt
tools/vendor/google/real-world-integration-test/src/com/android/tools/ndk/integrationtest/fixture/FileBuilder.kt
tools/vendor/google/real-world-integration-test/src/com/android/tools/ndk/integrationtest/fixture/NativeTestUtils.kt
tools/vendor/google/real-world-integration-test/src/com/android/tools/ndk/integrationtest/fixture/RealWorldProject.kt
tools/vendor/google/real-world-integration-test/testSrc/com/android/tools/ndk/integrationtest/CompositeBuildTest.kt
tools/vendor/google/real-world-integration-test/testSrc/com/android/tools/ndk/integrationtest/DolphinTest.kt
tools/vendor/google/real-world-integration-test/testSrc/com/android/tools/ndk/integrationtest/ObjectLibraryTest.kt
tools/vendor/google/real-world-integration-test/testSrc/com/android/tools/ndk/integrationtest/fixture/FileBuilderTest.kt
tools/vendor/google/real-world-integration-test/testSrc/com/android/tools/ndk/integrationtest/fixture/RealWorldProjectTest.kt
tools/vendor/google/skia/src/test/com/android/tools/layoutinspector/SkiaParserTest.kt
tools/vendor/google/studio-lint-plugin/src/main/kotlin/com/android/tools/lint/studio/AnnotationProviders.kt
tools/vendor/google/studio-lint-plugin/src/main/kotlin/com/android/tools/lint/studio/StudioLintIdeSupport.kt
tools/vendor/google/studio-lint-plugin/src/main/kotlin/com/android/tools/macros/AdtMacroContributor.kt
tools/vendor/google/studio-lint-plugin/src/test/kotlin/com/android/tools/lint/studio/StudioPluginTest.kt
tools/vendor/google/studio-lint-plugin/src/test/testData/StopShip.java
tools/vendor/google/studio-lint-plugin/src/test/testData/StopShip_after.java
tools/vendor/google/studio-lint-plugin/src/test/testData/UseValueOf.java
tools/vendor/google/studio-lint-plugin/src/test/testData/UseValueOf_after.java
tools/vendor/google/uiautomator-recorder/input-recorder-compile-lib/src/main/java/android/app/ActivityThread.java
tools/vendor/google/uiautomator-recorder/input-recorder-compile-lib/src/main/java/android/hardware/input/InputManager.java
tools/vendor/google/uiautomator-recorder/input-recorder-compile-lib/src/main/java/android/hardware/input/InputManagerGlobal.java
tools/vendor/google/uiautomator-recorder/input-recorder-compile-lib/src/main/java/android/view/BatchedInputEventReceiver.java
tools/vendor/google/uiautomator-recorder/input-recorder-compile-lib/src/main/java/android/view/InputChannel.java
tools/vendor/google/uiautomator-recorder/input-recorder-compile-lib/src/main/java/android/view/InputMonitor.java
tools/vendor/google/uiautomator-recorder/input-recorder/src/main/kotlin/com/google/inputrecorder/Arguments.kt
tools/vendor/google/uiautomator-recorder/input-recorder/src/main/kotlin/com/google/inputrecorder/Logs.kt
tools/vendor/google/uiautomator-recorder/input-recorder/src/main/kotlin/com/google/inputrecorder/Main.kt
tools/vendor/google/uiautomator-recorder/input-recorder/src/main/kotlin/com/google/inputrecorder/RecorderContext.kt
tools/vendor/google/uiautomator-recorder/input-recorder/src/main/kotlin/com/google/inputrecorder/input/InputMonitor.kt
tools/vendor/google/uiautomator-recorder/input-recorder/src/main/kotlin/com/google/inputrecorder/serializer/EventSerializer.kt
tools/vendor/google/uiautomator-recorder/input-recorder/src/main/kotlin/com/google/inputrecorder/socket/UnixSocketWriter.kt
tools/vendor/google/uiautomator-recorder/recorder/src/androidTest/kotlin/com/google/recorder/App.kt
tools/vendor/google/uiautomator-recorder/recorder/src/main/kotlin/com/google/recorder/DeviceInfo.kt
tools/vendor/google/uiautomator-recorder/recorder/src/main/kotlin/com/google/recorder/EventStream.kt
tools/vendor/google/uiautomator-recorder/recorder/src/main/kotlin/com/google/recorder/Recorder.kt
tools/vendor/google/uiautomator-recorder/recorder/src/main/kotlin/com/google/recorder/Replayer.kt
tools/vendor/google/uiautomator-recorder/recorder/src/main/kotlin/com/google/recorder/action/ActionDescriptionProducer.kt
tools/vendor/google/uiautomator-recorder/recorder/src/main/kotlin/com/google/recorder/input/InputRecorder.kt
tools/vendor/google/uiautomator-recorder/recorder/src/main/kotlin/com/google/recorder/receiver/ConfigurableReceiver.kt
tools/vendor/google/uiautomator-recorder/recorder/src/main/kotlin/com/google/recorder/replay/GestureReplayer.kt
tools/vendor/google/uiautomator-recorder/recorder/src/main/kotlin/com/google/recorder/replay/InteractionController.kt
tools/vendor/google/uiautomator-recorder/recorder/src/main/kotlin/com/google/recorder/replay/RawReplayer.kt
tools/vendor/google/uiautomator-recorder/recorder/src/main/kotlin/com/google/recorder/reporter/FileReporter.kt
tools/vendor/google/uiautomator-recorder/recorder/src/main/kotlin/com/google/recorder/reporter/MultiReporter.kt
tools/vendor/google/uiautomator-recorder/recorder/src/main/kotlin/com/google/recorder/reporter/Reporter.kt
tools/vendor/google/uiautomator-recorder/recorder/src/main/kotlin/com/google/recorder/reporter/TcpClientReporter.kt
tools/vendor/google/uiautomator-recorder/recorder/src/main/kotlin/com/google/recorder/screenshot/ScreenshotProducer.kt
tools/vendor/google/uiautomator-recorder/recorder/src/main/kotlin/com/google/recorder/utils/Constants.kt
tools/vendor/google/uiautomator-recorder/recorder/src/main/kotlin/com/google/recorder/utils/Utils.kt
tools/vendor/google/uiautomator-recorder/recorder/src/main/kotlin/com/google/recorder/view/AccessibilityTree.kt
tools/vendor/google/uiautomator-recorder/recorder/src/main/kotlin/com/google/recorder/view/DisplayNode.kt
tools/vendor/google/uiautomator-recorder/recorder/src/main/kotlin/com/google/recorder/view/Rect.kt
tools/vendor/google/uiautomator-recorder/recorder/src/main/kotlin/com/google/recorder/view/ViewHierarchyProducer.kt
tools/vendor/google/uiautomator-recorder/recorder/src/main/kotlin/com/google/recorder/view/ViewNode.kt
tools/vendor/google/uiautomator-recorder/recorder/src/main/kotlin/com/google/recorder/view/WindowNode.kt
tools/vendor/google/uiautomator-recorder/shell/src/main/kotlin/androidx/test/recorder/VideoRecorder.kt
tools/vendor/google/uiautomator-recorder/shell/src/main/kotlin/androidx/test/shell/Command.kt
tools/vendor/google/uiautomator-recorder/shell/src/main/kotlin/androidx/test/shell/ShellCommandExecutor.kt
tools/vendor/google/uiautomator-recorder/shell/src/main/kotlin/androidx/test/shell/ShellFile.kt
tools/vendor/google/uiautomator-recorder/shell/src/main/kotlin/androidx/test/shell/ShellScript.kt
tools/vendor/google/uiautomator-recorder/shell/src/main/kotlin/androidx/test/shell/command/CheckKeyboardVisibleCommand.kt
tools/vendor/google/uiautomator-recorder/shell/src/main/kotlin/androidx/test/shell/command/GetVisibleActivityNameCommand.kt
tools/vendor/google/uiautomator-recorder/shell/src/main/kotlin/androidx/test/shell/command/NoOutputCommands.kt
tools/vendor/google/uiautomator-recorder/shell/src/main/kotlin/androidx/test/shell/command/ScreenRecordCommand.kt
tools/vendor/google/uiautomator-recorder/shell/src/main/kotlin/androidx/test/shell/command/WithPidCommand.kt
tools/vendor/google/uiautomator-recorder/shell/src/main/kotlin/androidx/test/uiautomator/UiDeviceExt.kt
tools/vendor/google/uiautomator-recorder/shell/src/main/kotlin/androidx/test/utils/FileExt.kt
tools/vendor/google/uiautomator-recorder/shell/src/main/kotlin/androidx/test/utils/TimeoutClock.kt
tools/vendor/google/windows-exe-patcher/src/com/android/tools/binaries/PatchExe.java
tools/vendor/google/windows-exe-patcher/src/com/pme/exe/Bin.java
tools/vendor/google/windows-exe-patcher/src/com/pme/exe/ExeReader.java
tools/vendor/google/windows-exe-patcher/src/com/pme/exe/ImageDataDirectory.java
tools/vendor/google/windows-exe-patcher/src/com/pme/exe/ImageFileHeader.java
tools/vendor/google/windows-exe-patcher/src/com/pme/exe/ImageOptionalHeader.java
tools/vendor/google/windows-exe-patcher/src/com/pme/exe/ImageSectionHeader.java
tools/vendor/google/windows-exe-patcher/src/com/pme/exe/InvalidMsDosHeaderException.java
tools/vendor/google/windows-exe-patcher/src/com/pme/exe/MsDosHeader.java
tools/vendor/google/windows-exe-patcher/src/com/pme/exe/PeHeaderReader.java
tools/vendor/google/windows-exe-patcher/src/com/pme/exe/Section.java
tools/vendor/google/windows-exe-patcher/src/com/pme/exe/res/DataEntry.java
tools/vendor/google/windows-exe-patcher/src/com/pme/exe/res/DirectoryEntry.java
tools/vendor/google/windows-exe-patcher/src/com/pme/exe/res/EntryDescription.java
tools/vendor/google/windows-exe-patcher/src/com/pme/exe/res/Level.java
tools/vendor/google/windows-exe-patcher/src/com/pme/exe/res/LevelEntry.java
tools/vendor/google/windows-exe-patcher/src/com/pme/exe/res/RawResource.java
tools/vendor/google/windows-exe-patcher/src/com/pme/exe/res/ResourceSectionReader.java
tools/vendor/google/windows-exe-patcher/src/com/pme/exe/res/StringTable.java
tools/vendor/google/windows-exe-patcher/src/com/pme/exe/res/StringTableDirectory.java
tools/vendor/google/windows-exe-patcher/src/com/pme/exe/res/ValuesAdd.java
tools/vendor/google/windows-exe-patcher/src/com/pme/exe/res/ValuesSub.java
tools/vendor/google/windows-exe-patcher/src/com/pme/exe/res/icon/GroupIconResource.java
tools/vendor/google/windows-exe-patcher/src/com/pme/exe/res/icon/GroupIconResourceDirectory.java
tools/vendor/google/windows-exe-patcher/src/com/pme/exe/res/icon/IconBase.java
tools/vendor/google/windows-exe-patcher/src/com/pme/exe/res/icon/IconDirectory.java
tools/vendor/google/windows-exe-patcher/src/com/pme/exe/res/icon/IconFile.java
tools/vendor/google/windows-exe-patcher/src/com/pme/exe/res/icon/IconHeader.java
tools/vendor/google/windows-exe-patcher/src/com/pme/exe/res/icon/IconResourceInjector.java
tools/vendor/google/windows-exe-patcher/src/com/pme/exe/res/vi/FixedFileInfo.java
tools/vendor/google/windows-exe-patcher/src/com/pme/exe/res/vi/StringFileInfo.java
tools/vendor/google/windows-exe-patcher/src/com/pme/exe/res/vi/StringTable.java
tools/vendor/google/windows-exe-patcher/src/com/pme/exe/res/vi/StringTableEntry.java
tools/vendor/google/windows-exe-patcher/src/com/pme/exe/res/vi/Var.java
tools/vendor/google/windows-exe-patcher/src/com/pme/exe/res/vi/VarFileInfo.java
tools/vendor/google/windows-exe-patcher/src/com/pme/exe/res/vi/VersionInfo.java
tools/vendor/google/windows-exe-patcher/src/com/pme/exe/res/vi/VersionInfoBin.java
tools/vendor/google/windows-exe-patcher/src/com/pme/exe/res/vi/VersionInfoFactory.java
tools/vendor/google/windows-exe-patcher/src/com/pme/launcher/LauncherGenerator.java
tools/vendor/google/windows-exe-patcher/src/com/pme/util/BitsUtil.java
tools/vendor/google/windows-exe-patcher/src/com/pme/util/OffsetTrackingInputStream.java
tools/vendor/google/windows-exe-patcher/src/com/pme/util/StreamUtil.java
